# Object Export From Tinkercad Server 2015

mtllib obj.mtl

o obj_0
v -3.7471 		74.9814 		57.35
v -4.1151 		77.2994 		57.35
v -3.7878 		74.7254 		57.35
v 2.8539 		78.7564 		57.35
v 3.2119 		77.5194 		57.35
v 3.4279 		76.2574 		57.35
v 3.4999 		74.9824 		57.35
v 3.4854 		74.7254 		57.35
v -6.8401 		81.0504 		57.35
v -6.9981 		81.1308 		57.35
v -5.1801 		79.3904 		57.35
v 0.9719 		82.2054 		57.35
v 1.7289 		81.1114 		57.35
v 2.3579 		79.9574 		57.35
v -6.9981 		87.3775 		57.35
v -5.7601 		86.9934 		57.35
v -4.4291 		86.4474 		57.35
v -3.1661 		85.7914 		57.35
v -1.9841 		85.0324 		57.35
v -0.8931 		84.1754 		57.35
v 0.0949 		83.2294 		57.35
v -18.7521 		74.9814 		57.35
v -18.7116 		74.7254 		57.35
v -18.3851 		77.2994 		57.35
v -26.4856 		74.7254 		57.35
v -26.5001 		74.9824 		57.35
v -26.4281 		76.2574 		57.35
v -26.2121 		77.5194 		57.35
v -25.8541 		78.7564 		57.35
v -17.3191 		79.3904 		57.35
v -15.6601 		81.0504 		57.35
v -15.5011 		81.1313 		57.35
v -18.5711 		86.4474 		57.35
v -17.2401 		86.9934 		57.35
v -15.8541 		87.4234 		57.35
v -15.5011 		87.5 		57.35
v -25.3581 		79.9574 		57.35
v -24.7291 		81.1114 		57.35
v -23.9721 		82.2054 		57.35
v -23.0951 		83.2294 		57.35
v -22.1071 		84.1754 		57.35
v -21.0161 		85.0324 		57.35
v -19.8331 		85.7914 		57.35
v -8.9311 		67.8474 		57.4
v -11.2501 		67.4804 		57.4
v -5.1801 		70.5724 		57.4
v -6.8401 		68.9134 		57.4
v 3.4854 		74.7254 		60
v 3.4999 		74.9824 		60
v 3.4279 		76.2574 		60
v 3.2119 		77.5194 		60
v 2.8539 		78.7564 		60
v -11.2501 		70.7304 		57.4
v -11.2501 		70.7304 		60
v -6.9981 		74.9814 		57.4
v -7.2061 		73.6684 		57.4
v -7.2061 		73.6684 		60
v -6.9981 		74.9814 		60
v -7.8101 		72.4834 		57.4
v -7.8101 		72.4834 		60
v -8.7511 		71.5424 		57.4
v -8.7511 		71.5424 		60
v -9.9361 		70.9394 		57.4
v -9.9361 		70.9394 		60
v -4.1151 		77.2994 		57.4
v -3.7471 		74.9814 		57.4
v -4.1151 		72.6634 		57.4
v 2.3579 		79.9574 		60
v 1.7289 		81.1114 		60
v 0.9719 		82.2054 		60
v 0.0949 		83.2294 		60
v -0.8931 		84.1754 		60
v -1.9841 		85.0324 		60
v -3.1661 		85.7914 		60
v -4.4291 		86.4474 		60
v -5.7601 		86.9934 		60
v -6.9981 		87.3775 		60
v -6.9981 		81.1308 		57.4
v -6.8401 		81.0504 		57.4
v -5.1801 		79.3904 		57.4
v -23.1441 		62.1664 		60
v -25.7441 		64.4184 		60
v -24.5081 		63.2374 		60
v -13.5681 		67.8474 		57.4
v -15.6601 		68.9134 		57.4
v -17.3191 		70.5724 		57.4
v -25.8541 		78.7564 		60
v -26.2121 		77.5194 		60
v -26.4281 		76.2574 		60
v -26.5001 		74.9824 		60
v -26.4856 		74.7254 		60
v -12.5641 		70.9394 		57.4
v -12.5641 		70.9394 		60
v -13.7491 		71.5424 		57.4
v -13.7491 		71.5424 		60
v -14.6891 		72.4834 		57.4
v -14.6891 		72.4834 		60
v -15.2931 		73.6684 		57.4
v -15.2931 		73.6684 		60
v -15.5011 		74.9814 		57.4
v -15.5011 		74.9814 		60
v -18.3851 		72.6634 		57.4
v -18.7521 		74.9814 		57.4
v -18.3851 		77.2994 		57.4
v -15.5011 		87.5 		60
v -15.8541 		87.4234 		60
v -17.2401 		86.9934 		60
v -18.5711 		86.4474 		60
v -19.8331 		85.7914 		60
v -21.0161 		85.0324 		60
v -22.1071 		84.1754 		60
v -23.0951 		83.2294 		60
v -23.9721 		82.2054 		60
v -24.7291 		81.1114 		60
v -25.3581 		79.9574 		60
v -15.5011 		81.1313 		57.4
v -17.3191 		79.3904 		57.4
v -15.6601 		81.0504 		57.4
v -10.0001 		58.4774 		0
v -10.0001 		58.4774 		60
v -8.4111 		61.0284 		57.275
v -9.6041 		60.9754 		57.275
v -8.4111 		60.9754 		57.275
v -8.4111 		61.0284 		2.725
v -9.6041 		60.9754 		2.725
v -8.4111 		60.9754 		2.725
v -23.1441 		62.1664 		0
v -24.5081 		63.2374 		0
v -25.7441 		64.4184 		0
v -16.4531 		62.2124 		2.725
v -18.0411 		62.8944 		2.725
v -19.5481 		63.7144 		2.725
v -20.9591 		64.6644 		2.725
v -22.2601 		65.7354 		2.725
v -23.4401 		66.9174 		2.725
v -24.4861 		68.1984 		2.725
v -25.3891 		69.5664 		2.725
v -26.1401 		71.0084 		2.725
v -11.2501 		67.4804 		57.275
v -16.4531 		62.2124 		57.275
v -18.7116 		74.7254 		57.275
v -18.0411 		62.8944 		57.275
v -19.5481 		63.7144 		57.275
v -20.9591 		64.6644 		57.275
v -22.2601 		65.7354 		57.275
v -23.4401 		66.9174 		57.275
v -24.4861 		68.1984 		57.275
v -25.3891 		69.5664 		57.275
v -26.1401 		71.0084 		57.275
v -13.5681 		67.8474 		57.275
v -15.6601 		68.9134 		57.275
v -17.3191 		70.5724 		57.275
v -18.3851 		72.6634 		57.275
v -3.7878 		74.7254 		57.275
v -4.1151 		72.6634 		57.275
v -5.1801 		70.5724 		57.275
v -8.9311 		67.8474 		57.275
v -6.8401 		68.9134 		57.275
v 62.5639 		70.9394 		57.4
v 63.7489 		71.5424 		57.4
v 62.5639 		70.9394 		60
v 63.5689 		67.8474 		57.4
v 61.2499 		67.4804 		57.4
v 58.9319 		67.8474 		57.4
v 61.2499 		70.7304 		57.4
v 65.5019 		74.9814 		57.4
v 65.5019 		74.9814 		60
v 68.3849 		77.2994 		57.35
v 68.3849 		77.2994 		57.4
v 68.7529 		74.9814 		57.35
v 68.7529 		74.9814 		57.4
v 68.3849 		72.6634 		57.4
v 68.7122 		74.7254 		57.35
v 67.3199 		70.5724 		57.4
v 65.6599 		68.9134 		57.4
v 56.9989 		74.9814 		60
v 56.9989 		74.9814 		57.4
v 56.8399 		68.9134 		57.4
v 55.1809 		70.5724 		57.4
v 54.1149 		72.6634 		57.4
v 53.7884 		74.7254 		57.35
v 54.1149 		77.2994 		57.35
v 54.1149 		77.2994 		57.4
v 75.3579 		79.9574 		57.35
v 75.3579 		79.9574 		60
v 74.7289 		81.1114 		57.35
v 74.7289 		81.1114 		60
v 73.9719 		82.2054 		57.35
v 73.9719 		82.2054 		60
v 73.0949 		83.2294 		57.35
v 73.0949 		83.2294 		60
v 72.1069 		84.1754 		57.35
v 72.1069 		84.1754 		60
v 71.0159 		85.0324 		57.35
v 71.0159 		85.0324 		60
v 69.8339 		85.7914 		57.35
v 69.8339 		85.7914 		60
v 68.5709 		86.4474 		57.35
v 68.5709 		86.4474 		60
v 67.2399 		86.9934 		57.35
v 67.2399 		86.9934 		60
v 65.8539 		87.4234 		57.35
v 65.8539 		87.4234 		60
v 65.5019 		87.4998 		57.35
v 65.5019 		87.4998 		60
v 56.9989 		87.3778 		60
v 56.9989 		87.3778 		57.35
v 55.7599 		86.9934 		57.35
v 55.7599 		86.9934 		60
v 54.4289 		86.4474 		57.35
v 54.4289 		86.4474 		60
v 65.5019 		81.1308 		57.35
v 65.5019 		81.1308 		57.4
v 65.6599 		81.0504 		57.35
v 65.6599 		81.0504 		57.4
v 67.3199 		79.3904 		57.35
v 67.3199 		79.3904 		57.4
v 56.9989 		81.1313 		57.4
v 56.9989 		81.1313 		57.35
v 55.1809 		79.3904 		57.35
v 55.1809 		79.3904 		57.4
v 56.8399 		81.0504 		57.35
v 56.8399 		81.0504 		57.4
v 47.1459 		78.7564 		57.35
v 47.1459 		78.7564 		60
v 46.7879 		77.5194 		57.35
v 46.7879 		77.5194 		60
v 46.5719 		76.2574 		57.35
v 46.5719 		76.2574 		60
v 46.4999 		74.9824 		57.35
v 46.4999 		74.9824 		60
v 46.5144 		74.7254 		60
v 46.5144 		74.7254 		57.35
v 53.7479 		74.9814 		57.35
v 53.7479 		74.9814 		57.4
v 53.1669 		85.7914 		57.35
v 53.1669 		85.7914 		60
v 51.9839 		85.0324 		57.35
v 51.9839 		85.0324 		60
v 50.8929 		84.1754 		57.35
v 50.8929 		84.1754 		60
v 49.9049 		83.2294 		57.35
v 49.9049 		83.2294 		60
v 49.0279 		82.2054 		57.35
v 49.0279 		82.2054 		60
v 48.2709 		81.1114 		57.35
v 48.2709 		81.1114 		60
v 47.6419 		79.9574 		57.35
v 47.6419 		79.9574 		60
v -10.0001 		58.5311 		0
v -11.2501 		58.4774 		0
v -21.6671 		61.2164 		0
v -13.0871 		58.5564 		0
v -14.9081 		58.7904 		0
v -16.6921 		59.1774 		0
v -18.4251 		59.7144 		0
v -20.0881 		60.3964 		0
v -11.3581 		61.0534 		2.725
v -13.0961 		61.2874 		2.725
v -14.8001 		61.6754 		2.725
v -11.2501 		58.4774 		60
v -10.0001 		58.5311 		60
v -11.3581 		61.0534 		57.275
v -21.6671 		61.2164 		60
v -20.0881 		60.3964 		60
v -18.4251 		59.7144 		60
v -16.6921 		59.1774 		60
v -14.9081 		58.7904 		60
v -13.0871 		58.5564 		60
v -13.0961 		61.2874 		57.275
v -14.8001 		61.6754 		57.275
v 13.0549 		74.1194 		2.725
v 13.0549 		74.1194 		0
v 13.0158 		74.7254 		0
v 13.0158 		74.7254 		2.725
v 13.2279 		73.2454 		2.725
v 13.2279 		73.2454 		0
v 13.5139 		72.3874 		2.725
v 13.5139 		72.3874 		0
v 36.4859 		72.3874 		2.725
v 36.7719 		73.2454 		2.725
v 36.9449 		74.1194 		2.725
v 36.9847 		74.7254 		2.725
v 36.4859 		72.3874 		0
v 36.7719 		73.2454 		0
v 36.9449 		74.1194 		0
v 36.9847 		74.7254 		0
v 42.4999 		74.7254 		57.275
v 13.9109 		71.5554 		2.725
v 14.4149 		70.7574 		2.725
v 15.0199 		69.9994 		2.725
v -26.8401 		65.6994 		60
v 15.7219 		69.2894 		2.725
v 16.5129 		68.6344 		2.725
v -30 		74.7254 		60
v -29.9091 		73.1354 		60
v 17.3859 		68.0414 		2.725
v -29.6391 		71.5574 		60
v -29.1921 		70.0104 		60
v -28.5721 		68.5094 		60
v -27.7861 		67.0674 		60
v 18.3319 		67.5144 		2.725
v -26.8401 		65.6994 		0
v 19.3419 		67.0604 		2.725
v 20.4069 		66.6824 		2.725
v -27.7861 		67.0674 		0
v -28.5721 		68.5094 		0
v -29.1921 		70.0104 		0
v -29.6391 		71.5574 		0
v -29.9091 		73.1354 		0
v -30 		74.7254 		0
v 21.5159 		66.3844 		2.725
v 22.6579 		66.1704 		2.725
v 23.8239 		66.0404 		2.725
v 24.9999 		65.9974 		2.725
v 26.1759 		66.0404 		2.725
v 27.3419 		66.1704 		2.725
v 28.4839 		66.3844 		2.725
v 73.4399 		66.9174 		2.725
v 74.4859 		68.1984 		2.725
v 72.2599 		65.7354 		2.725
v -27.268 		74.7254 		2.725
v 70.9589 		64.6644 		2.725
v 69.5479 		63.7144 		2.725
v 68.0409 		62.8944 		2.725
v -26.7321 		72.5104 		2.725
v -27.1591 		74.0574 		2.725
v 75.3889 		69.5664 		2.725
v 76.1399 		71.0084 		2.725
v 66.4539 		62.2124 		57.275
v 53.7884 		74.7254 		57.275
v 68.7122 		74.7254 		57.275
v 76.4854 		74.7254 		57.35
v 55.1809 		70.5724 		57.275
v 54.1149 		72.6634 		57.275
v 56.8399 		68.9134 		57.275
v 76.1399 		71.0084 		57.275
v 75.3889 		69.5664 		57.275
v 74.4859 		68.1984 		57.275
v 73.4399 		66.9174 		57.275
v 72.2599 		65.7354 		57.275
v 70.9589 		64.6644 		57.275
v 69.5479 		63.7144 		57.275
v 68.0409 		62.8944 		57.275
v 63.5689 		67.8474 		57.275
v 61.2499 		67.4804 		57.275
v 58.9319 		67.8474 		57.275
v 68.3849 		72.6634 		57.275
v 67.3199 		70.5724 		57.275
v 65.6599 		68.9134 		57.275
v 77.2682 		74.7254 		57.275
v 13.9109 		71.5554 		0
v 14.4149 		70.7574 		0
v 15.0199 		69.9994 		0
v 15.7219 		69.2894 		0
v 79.9998 		74.7254 		60
v 16.5129 		68.6344 		0
v 77.1589 		74.0574 		57.275
v 17.3859 		68.0414 		0
v 18.3319 		67.5144 		0
v 76.7319 		72.5104 		57.275
v 19.3419 		67.0604 		0
v 20.4069 		66.6824 		0
v 21.5159 		66.3844 		0
v 22.6579 		66.1704 		0
v 23.8239 		66.0404 		0
v 24.9999 		65.9974 		0
v 26.1759 		66.0404 		0
v 59.9999 		58.4774 		0
v 27.3419 		66.1704 		0
v 28.4839 		66.3844 		0
v 29.5929 		66.6824 		0
v 30.6579 		67.0604 		0
v 31.6679 		67.5144 		0
v 32.6139 		68.0414 		0
v 59.9999 		58.4774 		60
v 33.4869 		68.6344 		0
v 34.2779 		69.2894 		0
v 34.9799 		69.9994 		0
v 35.5849 		70.7574 		0
v 36.0889 		71.5554 		0
v 59.9999 		58.5311 		0
v 71.6669 		61.2164 		0
v 70.0889 		60.3964 		0
v 68.4259 		59.7144 		0
v 66.6929 		59.1774 		0
v 64.9079 		58.7904 		0
v 63.0879 		58.5564 		0
v 61.2499 		58.4774 		0
v 58.4109 		60.9754 		2.725
v 58.4109 		61.0284 		2.725
v 64.7999 		61.6754 		2.725
v 63.0959 		61.2874 		2.725
v 61.3579 		61.0534 		2.725
v 59.6039 		60.9754 		2.725
v 59.9999 		58.5311 		60
v 61.2499 		58.4774 		60
v 63.0879 		58.5564 		60
v 64.9079 		58.7904 		60
v 66.6929 		59.1774 		60
v 68.4259 		59.7144 		60
v 70.0889 		60.3964 		60
v 71.6669 		61.2164 		60
v 58.4109 		60.9754 		57.275
v 58.4109 		61.0284 		57.275
v 64.7999 		61.6754 		57.275
v 63.0959 		61.2874 		57.275
v 61.3579 		61.0534 		57.275
v 59.6039 		60.9754 		57.275
v 73.1449 		62.1664 		0
v 75.7439 		64.4184 		0
v 74.5089 		63.2374 		0
v 66.4539 		62.2124 		2.725
v 75.8539 		78.7564 		57.35
v 76.2119 		77.5194 		57.35
v 76.4279 		76.2574 		57.35
v 76.4999 		74.9824 		57.35
v 73.1449 		62.1664 		60
v 74.5089 		63.2374 		60
v 75.7439 		64.4184 		60
v 76.4854 		74.7254 		60
v 76.4999 		74.9824 		60
v 76.4279 		76.2574 		60
v 76.2119 		77.5194 		60
v 75.8539 		78.7564 		60
v 59.9359 		70.9394 		57.4
v 59.9359 		70.9394 		60
v 61.2499 		70.7304 		60
v 58.7509 		71.5424 		57.4
v 58.7509 		71.5424 		60
v 57.8109 		72.4834 		57.4
v 57.8109 		72.4834 		60
v 57.2069 		73.6684 		57.4
v 57.2069 		73.6684 		60
v 65.2939 		73.6684 		57.4
v 65.2939 		73.6684 		60
v 64.6899 		72.4834 		57.4
v 64.6899 		72.4834 		60
v 63.7489 		71.5424 		60
v 29.5929 		66.6824 		2.725
v 30.6579 		67.0604 		2.725
v 31.6679 		67.5144 		2.725
v 32.6139 		68.0414 		2.725
v 33.4869 		68.6344 		2.725
v 34.2779 		69.2894 		2.725
v 34.9799 		69.9994 		2.725
v 35.5849 		70.7574 		2.725
v 36.0889 		71.5554 		2.725
v 76.8399 		65.6994 		0
v 79.9998 		74.7254 		0
v 79.9099 		73.1354 		0
v 79.6399 		71.5574 		0
v 79.1929 		70.0104 		0
v 78.5729 		68.5094 		0
v 77.7859 		67.0674 		0
v 77.2682 		74.7254 		2.725
v 77.1589 		74.0574 		2.725
v 76.7319 		72.5104 		2.725
v 76.8399 		65.6994 		60
v 77.7859 		67.0674 		60
v 78.5729 		68.5094 		60
v 79.1929 		70.0104 		60
v 79.6399 		71.5574 		60
v 79.9099 		73.1354 		60
v -27.268 		74.7254 		57.275
v -26.7321 		72.5104 		57.275
v -27.1591 		74.0574 		57.275
# 467 vertices

g group_0_16089887

usemtl color_16089887
s 0

f 5 	1 	4
f 7 	8 	1
f 3 	1 	8
f 6 	7 	1
f 5 	6 	1
f 2 	4 	1
f 16 	17 	10
f 15 	16 	10
f 9 	10 	17
f 19 	20 	11
f 17 	18 	9
f 18 	19 	9
f 11 	9 	19
f 20 	21 	11
f 21 	12 	11
f 12 	13 	2
f 14 	2 	13
f 25 	26 	22
f 28 	22 	27
f 26 	27 	22
f 24 	22 	29
f 37 	24 	29
f 28 	29 	22
f 25 	22 	23
f 37 	38 	24
f 38 	39 	24
f 33 	34 	32
f 34 	35 	32
f 36 	32 	35
f 40 	41 	30
f 41 	42 	30
f 42 	43 	30
f 31 	30 	43
f 32 	31 	33
f 43 	33 	31
f 39 	40 	24
f 30 	24 	40
f 53 	63 	44
f 46 	67 	156
f 49 	8 	7
f 48 	8 	49
f 49 	7 	6
f 49 	6 	50
f 51 	6 	5
f 6 	51 	50
f 4 	52 	5
f 5 	52 	51
f 55 	56 	57
f 55 	57 	58
f 56 	59 	60
f 56 	60 	57
f 65 	66 	55
f 59 	61 	62
f 59 	62 	60
f 61 	63 	64
f 61 	64 	62
f 63 	53 	54
f 63 	54 	64
f 47 	44 	61
f 63 	61 	44
f 65 	80 	2
f 1 	66 	65
f 1 	65 	2
f 66 	3 	67
f 1 	3 	66
f 155 	156 	67
f 47 	61 	59
f 67 	46 	56
f 56 	55 	66
f 66 	67 	56
f 59 	56 	46
f 47 	59 	46
f 4 	14 	68
f 52 	4 	68
f 14 	13 	68
f 68 	13 	69
f 13 	12 	70
f 13 	70 	69
f 71 	70 	12
f 71 	12 	21
f 21 	20 	72
f 21 	72 	71
f 20 	19 	73
f 20 	73 	72
f 19 	18 	74
f 19 	74 	73
f 18 	17 	75
f 18 	75 	74
f 17 	16 	76
f 17 	76 	75
f 16 	15 	77
f 16 	77 	76
f 55 	58 	78
f 10 	78 	15
f 77 	78 	58
f 15 	78 	77
f 9 	79 	78
f 9 	78 	10
f 11 	80 	79
f 11 	79 	9
f 11 	2 	80
f 65 	55 	80
f 79 	80 	55
f 78 	79 	55
f 84 	53 	45
f 115 	37 	87
f 29 	87 	37
f 28 	88 	87
f 28 	87 	29
f 27 	89 	88
f 27 	88 	28
f 26 	90 	89
f 26 	89 	27
f 25 	91 	90
f 25 	90 	26
f 54 	53 	92
f 54 	92 	93
f 92 	94 	95
f 92 	95 	93
f 94 	96 	97
f 94 	97 	95
f 92 	84 	94
f 96 	98 	99
f 96 	99 	97
f 98 	100 	101
f 98 	101 	99
f 98 	96 	86
f 85 	86 	94
f 53 	84 	92
f 44 	45 	53
f 85 	94 	84
f 101 	100 	116
f 22 	103 	23
f 102 	23 	103
f 24 	104 	103
f 24 	103 	22
f 104 	24 	30
f 103 	104 	100
f 104 	117 	100
f 100 	98 	103
f 102 	103 	98
f 86 	102 	98
f 96 	94 	86
f 105 	36 	35
f 105 	35 	106
f 35 	34 	107
f 35 	107 	106
f 34 	33 	108
f 34 	108 	107
f 108 	33 	43
f 108 	43 	109
f 43 	42 	110
f 43 	110 	109
f 42 	41 	111
f 42 	111 	110
f 41 	40 	112
f 41 	112 	111
f 39 	113 	112
f 39 	112 	40
f 38 	114 	113
f 38 	113 	39
f 37 	115 	114
f 37 	114 	38
f 36 	105 	116
f 32 	36 	116
f 101 	116 	105
f 30 	117 	104
f 31 	118 	117
f 31 	117 	30
f 32 	116 	118
f 32 	118 	31
f 116 	100 	118
f 117 	118 	100
f 121 	123 	126
f 125 	122 	124
f 121 	124 	122
f 121 	126 	124
f 122 	125 	258
f 139 	157 	122
f 128 	311 	127
f 128 	129 	311
f 311 	129 	303
f 130 	260 	322
f 147 	146 	136
f 322 	138 	137
f 322 	137 	136
f 135 	322 	136
f 134 	322 	135
f 133 	322 	134
f 132 	322 	133
f 131 	322 	132
f 131 	130 	322
f 44 	139 	45
f 142 	140 	131
f 130 	131 	140
f 128 	83 	82
f 82 	129 	128
f 127 	83 	128
f 142 	131 	132
f 142 	132 	143
f 143 	132 	133
f 133 	134 	145
f 135 	146 	134
f 145 	134 	146
f 135 	136 	146
f 147 	136 	137
f 137 	138 	149
f 138 	326 	149
f 127 	81 	83
f 141 	465 	25
f 23 	141 	25
f 143 	133 	144
f 144 	133 	145
f 147 	137 	148
f 148 	137 	149
f 122 	263 	139
f 150 	140 	151
f 139 	270 	150
f 143 	144 	151
f 152 	151 	144
f 271 	140 	150
f 143 	151 	142
f 144 	145 	152
f 145 	146 	152
f 153 	152 	146
f 146 	147 	153
f 147 	148 	153
f 148 	149 	153
f 141 	153 	149
f 141 	149 	466
f 150 	45 	139
f 84 	45 	150
f 151 	84 	150
f 85 	84 	151
f 85 	151 	86
f 152 	86 	151
f 153 	86 	152
f 102 	86 	153
f 141 	23 	153
f 102 	153 	23
f 3 	8 	154
f 155 	67 	3
f 155 	3 	154
f 121 	122 	157
f 155 	288 	156
f 156 	288 	158
f 123 	121 	288
f 158 	288 	121
f 157 	158 	121
f 47 	158 	44
f 157 	44 	158
f 139 	44 	157
f 158 	47 	46
f 158 	46 	156
f 14 	4 	2
f 11 	12 	2
f 178 	429 	164
f 426 	165 	164
f 426 	164 	429
f 163 	164 	165
f 162 	163 	165
f 162 	165 	159
f 175 	162 	160
f 168 	169 	216
f 169 	168 	170
f 169 	170 	171
f 170 	173 	171
f 172 	171 	173
f 437 	435 	174
f 175 	437 	174
f 171 	172 	435
f 159 	160 	162
f 435 	166 	171
f 169 	171 	166
f 183 	234 	182
f 183 	182 	221
f 179 	180 	433
f 180 	235 	433
f 177 	433 	235
f 177 	183 	221
f 184 	186 	187
f 184 	187 	185
f 186 	188 	189
f 186 	189 	187
f 188 	190 	191
f 188 	191 	189
f 190 	192 	193
f 190 	193 	191
f 192 	194 	195
f 192 	195 	193
f 197 	195 	196
f 194 	196 	195
f 196 	198 	199
f 196 	199 	197
f 198 	200 	201
f 198 	201 	199
f 200 	202 	203
f 200 	203 	201
f 202 	204 	205
f 202 	205 	203
f 206 	207 	208
f 206 	208 	209
f 208 	210 	211
f 208 	211 	209
f 212 	213 	204
f 166 	167 	213
f 167 	205 	213
f 213 	205 	204
f 216 	169 	217
f 214 	215 	213
f 214 	213 	212
f 216 	217 	215
f 216 	215 	214
f 217 	166 	215
f 169 	166 	217
f 213 	215 	166
f 219 	207 	218
f 177 	218 	176
f 176 	218 	206
f 206 	218 	207
f 221 	182 	220
f 221 	220 	222
f 221 	222 	223
f 218 	223 	222
f 218 	222 	219
f 218 	177 	223
f 221 	223 	177
f 226 	227 	225
f 226 	225 	224
f 228 	229 	227
f 228 	227 	226
f 230 	231 	229
f 230 	229 	228
f 233 	232 	231
f 233 	231 	230
f 234 	235 	181
f 180 	181 	235
f 234 	183 	235
f 183 	177 	235
f 237 	211 	236
f 210 	236 	211
f 236 	238 	239
f 236 	239 	237
f 238 	240 	241
f 238 	241 	239
f 240 	242 	243
f 240 	243 	241
f 244 	245 	243
f 244 	243 	242
f 246 	247 	245
f 246 	245 	244
f 248 	249 	247
f 248 	247 	246
f 248 	224 	249
f 225 	249 	224
f 250 	251 	311
f 251 	253 	311
f 252 	311 	257
f 127 	311 	252
f 253 	254 	311
f 257 	311 	256
f 255 	256 	311
f 254 	255 	311
f 124 	322 	125
f 125 	322 	258
f 270 	259 	260
f 259 	322 	260
f 258 	322 	259
f 261 	251 	250
f 261 	250 	262
f 258 	263 	122
f 263 	258 	270
f 271 	150 	270
f 257 	265 	252
f 267 	256 	255
f 255 	254 	267
f 269 	254 	253
f 259 	270 	258
f 270 	260 	271
f 130 	140 	260
f 271 	260 	140
f 127 	252 	81
f 264 	81 	252
f 252 	265 	264
f 256 	266 	257
f 265 	257 	266
f 256 	267 	266
f 267 	254 	268
f 254 	269 	268
f 269 	253 	261
f 251 	261 	253
f 140 	142 	151
f 263 	270 	139
f 119 	120 	250
f 262 	250 	120
f 272 	273 	274
f 272 	274 	275
f 276 	277 	273
f 276 	273 	272
f 278 	279 	277
f 278 	277 	276
f 155 	154 	288
f 281 	391 	282
f 447 	446 	391
f 448 	447 	391
f 280 	284 	448
f 281 	285 	284
f 281 	284 	280
f 282 	286 	285
f 282 	285 	281
f 286 	282 	283
f 286 	283 	287
f 295 	296 	91
f 294 	293 	126
f 297 	294 	126
f 306 	307 	311
f 303 	306 	311
f 302 	297 	126
f 304 	302 	126
f 307 	308 	311
f 308 	309 	311
f 309 	310 	311
f 305 	304 	126
f 305 	126 	312
f 313 	126 	314
f 126 	390 	315
f 326 	322 	327
f 138 	322 	326
f 320 	456 	319
f 321 	319 	456
f 323 	321 	456
f 324 	323 	456
f 328 	456 	320
f 329 	456 	328
f 325 	324 	456
f 311 	310 	295
f 296 	295 	310
f 296 	310 	309
f 299 	309 	308
f 280 	391 	281
f 300 	299 	307
f 300 	307 	306
f 328 	338 	337
f 338 	328 	339
f 320 	339 	328
f 320 	319 	339
f 340 	339 	319
f 321 	340 	319
f 323 	342 	321
f 324 	343 	323
f 342 	323 	343
f 325 	344 	324
f 344 	343 	324
f 406 	407 	345
f 51 	58 	50
f 52 	58 	51
f 68 	58 	52
f 49 	50 	58
f 57 	48 	58
f 62 	262 	60
f 48 	57 	60
f 49 	58 	48
f 73 	58 	72
f 68 	69 	58
f 69 	70 	58
f 70 	71 	58
f 71 	72 	58
f 77 	58 	76
f 74 	58 	73
f 75 	58 	74
f 76 	58 	75
f 173 	333 	332
f 265 	266 	95
f 264 	265 	95
f 81 	264 	95
f 83 	81 	97
f 95 	97 	81
f 178 	334 	179
f 335 	180 	179
f 335 	179 	334
f 331 	181 	335
f 180 	335 	181
f 347 	405 	336
f 97 	99 	292
f 404 	123 	405
f 292 	82 	97
f 336 	178 	347
f 164 	347 	178
f 334 	178 	336
f 99 	101 	91
f 87 	88 	101
f 301 	292 	99
f 321 	341 	340
f 88 	89 	101
f 342 	341 	321
f 298 	299 	91
f 91 	296 	298
f 300 	99 	299
f 300 	301 	99
f 89 	90 	101
f 90 	91 	101
f 91 	299 	99
f 109 	110 	101
f 344 	325 	330
f 108 	109 	101
f 105 	106 	101
f 106 	107 	101
f 107 	108 	101
f 87 	101 	115
f 114 	115 	101
f 113 	114 	101
f 110 	111 	101
f 111 	112 	101
f 113 	101 	112
f 345 	350 	330
f 279 	250 	277
f 344 	350 	343
f 354 	355 	250
f 349 	342 	350
f 344 	330 	350
f 330 	406 	345
f 361 	337 	332
f 348 	332 	337
f 337 	338 	348
f 338 	339 	348
f 349 	348 	340
f 340 	348 	339
f 341 	349 	340
f 342 	349 	341
f 343 	350 	342
f 273 	277 	311
f 357 	119 	355
f 352 	250 	279
f 274 	273 	311
f 345 	162 	175
f 353 	250 	352
f 354 	250 	353
f 311 	277 	250
f 333 	421 	351
f 332 	333 	351
f 359 	119 	357
f 360 	119 	359
f 362 	119 	360
f 355 	119 	250
f 364 	119 	363
f 361 	332 	358
f 351 	358 	332
f 366 	119 	365
f 362 	363 	119
f 367 	119 	366
f 364 	365 	119
f 373 	369 	372
f 375 	369 	374
f 377 	369 	375
f 371 	372 	369
f 378 	369 	377
f 379 	382 	378
f 450 	382 	285
f 373 	374 	369
f 284 	382 	381
f 380 	382 	379
f 381 	382 	380
f 369 	378 	382
f 370 	369 	368
f 368 	369 	367
f 371 	369 	370
f 119 	367 	369
f 384 	385 	450
f 384 	450 	383
f 386 	450 	385
f 387 	450 	386
f 388 	450 	387
f 389 	450 	388
f 382 	450 	389
f 120 	119 	369
f 274 	322 	275
f 311 	322 	274
f 48 	288 	8
f 154 	8 	288
f 384 	402 	385
f 48 	232 	288
f 275 	322 	272
f 278 	276 	124
f 290 	124 	291
f 291 	126 	293
f 126 	291 	124
f 289 	124 	290
f 278 	124 	289
f 276 	272 	124
f 322 	124 	272
f 392 	413 	456
f 394 	393 	456
f 395 	394 	456
f 391 	395 	456
f 369 	382 	396
f 369 	396 	376
f 396 	382 	389
f 400 	399 	386
f 400 	386 	385
f 402 	384 	383
f 390 	404 	391
f 405 	391 	404
f 330 	392 	406
f 393 	407 	392
f 406 	392 	407
f 407 	393 	394
f 391 	405 	395
f 396 	389 	397
f 388 	398 	389
f 389 	398 	397
f 387 	399 	388
f 388 	399 	398
f 387 	386 	399
f 385 	401 	400
f 402 	401 	385
f 402 	383 	403
f 410 	418 	383
f 394 	408 	407
f 395 	409 	408
f 395 	408 	394
f 409 	395 	405
f 408 	409 	346
f 407 	408 	346
f 347 	346 	409
f 405 	347 	409
f 346 	345 	407
f 383 	450 	410
f 410 	450 	412
f 412 	450 	411
f 450 	286 	287
f 330 	325 	413
f 392 	330 	413
f 413 	325 	456
f 419 	410 	412
f 419 	412 	420
f 411 	420 	412
f 456 	450 	287
f 456 	282 	391
f 393 	392 	456
f 337 	361 	329
f 337 	329 	328
f 162 	345 	163
f 346 	163 	345
f 163 	346 	347
f 163 	347 	164
f 348 	172 	173
f 348 	173 	332
f 172 	348 	174
f 349 	174 	348
f 174 	349 	350
f 174 	350 	175
f 345 	175 	350
f 331 	233 	181
f 336 	405 	334
f 417 	170 	416
f 416 	170 	415
f 333 	170 	417
f 415 	170 	414
f 192 	190 	216
f 173 	170 	333
f 168 	414 	170
f 233 	230 	234
f 186 	184 	168
f 188 	186 	168
f 190 	188 	168
f 184 	414 	168
f 168 	216 	190
f 200 	198 	212
f 214 	212 	198
f 204 	202 	212
f 194 	192 	216
f 214 	196 	216
f 198 	196 	214
f 200 	212 	202
f 194 	216 	196
f 220 	238 	222
f 207 	219 	208
f 210 	208 	219
f 236 	210 	222
f 182 	234 	224
f 226 	234 	228
f 230 	228 	234
f 226 	224 	234
f 181 	233 	234
f 246 	182 	248
f 244 	182 	246
f 242 	220 	244
f 238 	220 	240
f 219 	222 	210
f 236 	222 	238
f 240 	220 	242
f 182 	244 	220
f 224 	248 	182
f 403 	383 	418
f 419 	418 	410
f 356 	351 	421
f 421 	333 	417
f 421 	417 	422
f 416 	423 	422
f 416 	422 	417
f 416 	415 	424
f 416 	424 	423
f 415 	414 	425
f 415 	425 	424
f 414 	184 	185
f 414 	185 	425
f 165 	426 	427
f 165 	427 	428
f 426 	429 	430
f 426 	430 	427
f 429 	431 	432
f 429 	432 	430
f 431 	433 	434
f 431 	434 	432
f 431 	429 	179
f 178 	179 	429
f 433 	177 	176
f 433 	176 	434
f 433 	431 	179
f 165 	428 	159
f 161 	159 	428
f 166 	435 	436
f 166 	436 	167
f 435 	437 	438
f 435 	438 	436
f 437 	160 	439
f 437 	439 	438
f 160 	437 	175
f 172 	174 	435
f 160 	159 	161
f 160 	161 	439
f 316 	390 	317
f 318 	390 	440
f 440 	390 	441
f 441 	390 	442
f 442 	390 	443
f 443 	390 	444
f 444 	390 	445
f 445 	390 	446
f 315 	390 	316
f 317 	390 	318
f 315 	314 	126
f 313 	312 	126
f 279 	278 	352
f 289 	352 	278
f 290 	353 	352
f 290 	352 	289
f 291 	354 	353
f 291 	353 	290
f 293 	355 	354
f 293 	354 	291
f 294 	357 	355
f 294 	355 	293
f 297 	359 	357
f 297 	357 	294
f 302 	360 	359
f 302 	359 	297
f 304 	362 	360
f 304 	360 	302
f 305 	363 	362
f 305 	362 	304
f 305 	364 	363
f 312 	364 	305
f 313 	365 	364
f 313 	364 	312
f 314 	366 	365
f 314 	365 	313
f 315 	367 	366
f 315 	366 	314
f 316 	368 	367
f 316 	367 	315
f 317 	370 	368
f 317 	368 	316
f 318 	371 	370
f 318 	370 	317
f 318 	372 	371
f 440 	372 	318
f 441 	373 	372
f 441 	372 	440
f 442 	374 	373
f 442 	373 	441
f 443 	375 	374
f 443 	374 	442
f 444 	377 	375
f 444 	375 	443
f 445 	378 	377
f 445 	377 	444
f 446 	379 	378
f 446 	378 	445
f 447 	380 	379
f 447 	379 	446
f 448 	381 	380
f 448 	380 	447
f 284 	381 	448
f 288 	405 	123
f 120 	369 	376
f 286 	450 	285
f 285 	382 	284
f 404 	390 	123
f 391 	446 	390
f 456 	287 	283
f 283 	282 	456
f 280 	448 	391
f 126 	123 	390
f 334 	405 	288
f 233 	288 	232
f 331 	288 	233
f 331 	335 	288
f 335 	334 	288
f 411 	450 	449
f 451 	452 	450
f 452 	453 	450
f 454 	450 	453
f 455 	450 	454
f 449 	450 	455
f 420 	411 	449
f 356 	450 	351
f 456 	351 	450
f 361 	458 	329
f 458 	457 	456
f 329 	458 	456
f 453 	452 	463
f 463 	452 	451
f 457 	358 	351
f 457 	351 	456
f 358 	457 	361
f 458 	361 	457
f 459 	420 	449
f 449 	455 	460
f 449 	460 	459
f 461 	460 	454
f 455 	454 	460
f 461 	454 	462
f 453 	462 	454
f 453 	463 	462
f 463 	451 	464
f 451 	450 	464
f 464 	450 	356
f 295 	465 	311
f 466 	149 	326
f 466 	326 	327
f 309 	298 	296
f 298 	309 	299
f 308 	307 	299
f 306 	301 	300
f 292 	301 	303
f 306 	303 	301
f 129 	82 	303
f 292 	303 	82
f 322 	311 	465
f 465 	295 	91
f 25 	465 	91
f 327 	467 	466
f 465 	467 	327
f 465 	327 	322
f 465 	141 	467
f 466 	467 	141
f 48 	262 	232
f 463 	421 	462
f 459 	460 	436
f 430 	432 	396
f 428 	427 	396
f 398 	428 	397
f 396 	397 	428
f 402 	439 	401
f 427 	430 	396
f 421 	436 	462
f 461 	462 	436
f 460 	461 	436
f 463 	464 	421
f 356 	421 	464
f 185 	167 	425
f 424 	167 	423
f 419 	438 	418
f 420 	459 	438
f 436 	438 	459
f 422 	167 	421
f 423 	167 	422
f 400 	401 	161
f 247 	249 	176
f 161 	428 	398
f 399 	400 	161
f 398 	399 	161
f 403 	418 	439
f 439 	418 	438
f 436 	421 	167
f 419 	420 	438
f 402 	403 	439
f 161 	401 	439
f 191 	193 	167
f 193 	195 	167
f 195 	197 	167
f 187 	167 	185
f 424 	425 	167
f 187 	189 	167
f 189 	191 	167
f 199 	167 	197
f 201 	167 	199
f 203 	167 	201
f 205 	167 	203
f 209 	211 	176
f 206 	209 	176
f 396 	432 	232
f 434 	232 	432
f 232 	262 	120
f 120 	396 	232
f 434 	176 	232
f 376 	396 	120
f 249 	225 	176
f 229 	231 	176
f 231 	232 	176
f 227 	229 	176
f 225 	227 	176
f 245 	247 	176
f 211 	237 	176
f 237 	239 	176
f 239 	241 	176
f 241 	243 	176
f 245 	176 	243
f 64 	54 	262
f 269 	261 	54
f 261 	262 	54
f 267 	93 	266
f 82 	83 	97
f 93 	95 	266
f 54 	93 	269
f 268 	269 	93
f 267 	268 	93
f 48 	60 	262
f 64 	262 	62
# 930 faces

 #end of obj_0

o obj_1
v 75.8561 		78.774 		60
v 76.2141 		77.537 		60
v 76.4301 		76.274 		60
v 1.0601 		77.149 		10.7
v 1.2401 		75.935 		10.7
v 76.5021 		75 		60
v 0.7621 		78.339 		10.7
v -2.344 		77.8341 		10.5532
v -2.3407 		77.8285 		10.5518
v -3.9849 		81.367 		6.518
v -11.1999 		78.743 		5.1
v -3.8519 		81.476 		7.025
v -16.0949 		82.978 		8.74
v -2.2859 		77.7353 		10.5295
v 76.4875 		74.742 		60
v -2.2029 		77.566 		10.5034
v -16.7529 		82.713 		8.74
v 79.9997 		74.742 		60
v 80.0001 		74.75 		60
v 79.9101 		76.343 		60
v 79.6401 		77.92 		60
v -4.4539 		81.851 		6.518
v -17.3919 		82.409 		8.74
v 65.8561 		87.442 		60
v 45.5551 		62.507 		4.998
v 67.2421 		87.012 		60
v 45.7261 		62.527 		4.998
v -10.0079 		83.942 		10.7
v 68.5731 		86.467 		60
v 69.8351 		85.811 		60
v 45.8881 		62.561 		4.998
v -7.1479 		74.69 		5.1
v 71.0181 		85.051 		60
v 72.1091 		84.194 		60
v 73.0971 		83.248 		60
v 0.6881 		78.553 		5.1
v -10.6819 		83.784 		10.617
v 73.9741 		82.224 		60
v 1.3001 		74.69 		5.1
v 46.0381 		62.607 		4.998
v 74.7311 		81.129 		60
v 75.3601 		79.976 		60
v 46.1721 		62.664 		4.998
v 46.2861 		62.731 		4.998
v 75.7441 		85.059 		60
v 74.5081 		86.24 		60
v 73.1451 		87.311 		60
v -11.9259 		83.884 		10.617
v 46.3781 		62.806 		4.998
v -15.4729 		66.863 		8.74
v -11.3029 		83.853 		10.617
v 71.6671 		88.261 		60
v 70.0891 		89.081 		60
v 68.4251 		89.763 		60
v 66.6931 		90.3 		60
v 46.4451 		62.887 		4.998
v 79.1931 		79.467 		60
v 78.5731 		80.969 		60
v 77.7861 		82.41 		60
v 76.8401 		83.778 		60
v -11.1999 		62.19 		5.6
v -11.1999 		62.19 		5.1
v 66.4551 		62.228 		55.003
v -11.0171 		62.2189 		5.6
v -18.3534 		82.9745 		6.4875
v 46.4861 		62.972 		4.998
v 66.4551 		62.228 		57.278
v -11.3826 		62.2189 		5.6
v 46.5001 		63.06 		4.998
v -23.6999 		74.69 		5.1
v -23.6999 		74.69 		5.6
v -23.6991 		74.6947 		5.6
v 40.0661 		82.0125 		0
v -23.0879 		70.827 		5.1
v 40.5461 		82.036 		0
v -23.0879 		70.827 		5.6
v 40.0661 		81.995 		0
v -23.1014 		70.9122 		5.6
v -23.6985 		74.681 		5.6
v 41.5171 		82.18 		0
v -14.8099 		66.607 		7.724
v 42.4691 		82.418 		0
v 43.3931 		82.749 		0
v -21.3129 		67.343 		5.1
v -21.3129 		67.343 		5.6
v 44.2811 		83.169 		0
v -21.3849 		67.4844 		5.6
v -15.4549 		66.894 		7.724
v -23.0304 		70.7141 		5.6
v -18.5469 		64.577 		5.1
v -18.5469 		64.577 		5.6
v -18.6934 		64.7235 		5.6
v -21.1864 		67.2165 		5.6
v -18.2066 		82.8277 		6.128
v -15.0629 		62.802 		5.1
v -15.0629 		62.802 		5.6
v 74.9274 		68.8805 		55.003
v 74.9514 		70.8232 		55.003
v -15.2607 		62.9028 		5.6
v 36.9831 		74.742 		0
v 36.9421 		74.118 		0
v -17.6199 		82.241 		7.724
v 65.2941 		73.436 		55.003
v 36.7691 		73.244 		0
v -17.3729 		82.378 		7.724
v 36.9831 		74.742 		2.722
v 36.9421 		74.118 		2.722
v -2.8376 		78.6962 		10.406
v -2.2029 		77.8793 		10.4166
v -18.3831 		64.4936 		5.6
v 36.7691 		73.244 		2.722
v -2.5734 		78.2304 		10.617
v -2.4069 		77.9427 		10.5705
v -14.9135 		62.7783 		5.6
v -16.7379 		82.681 		7.724
v -7.8299 		76.941 		5.1
v -7.8299 		76.941 		5.6
v -2.6399 		78.4 		10.617
v -7.6259 		76.6 		5.1
v -7.6259 		76.6 		5.6
v 68.0431 		62.91 		55.003
v -7.4559 		76.241 		5.1
v -7.4559 		76.241 		5.6
v -16.0819 		82.945 		7.724
v -14.5151 		66.7257 		6.2516
v -7.3219 		75.866 		5.1
v -14.4906 		66.7161 		6.2538
v -7.3219 		75.866 		5.6
v 74.4881 		68.215 		55.003
v 73.4421 		66.933 		55.003
v 72.2621 		65.751 		55.003
v 70.9611 		64.68 		55.003
v 69.5501 		63.73 		55.003
v -7.2249 		75.481 		5.1
v -7.2249 		75.481 		5.6
v -7.1669 		75.087 		5.1
v -7.1669 		75.087 		5.6
v 65.2941 		76.064 		55.003
v 65.5021 		74.75 		55.003
v -5.3769 		81.336 		6.779
v 68.7518 		74.742 		57.278
v 68.3851 		72.432 		57.278
v 67.3201 		70.34 		57.278
v 65.6611 		68.68 		57.278
v -16.1907 		82.6688 		6.2504
v -16.2241 		82.6547 		6.2474
v -4.3279 		81.967 		7.025
v 68.0431 		62.91 		57.278
v -15.345 		67.0999 		6.1639
v -15.2333 		67.0456 		6.1837
v 69.5501 		63.73 		57.278
v 70.9611 		64.68 		57.278
v 72.2621 		65.751 		57.278
v 73.4421 		66.933 		57.278
v 74.4881 		68.215 		57.278
v -2.669 		78.3888 		10.6261
v -2.6552 		78.3678 		10.6246
v -15.484 		67.1755 		6.1515
v -2.6248 		78.3215 		10.6213
v -15.1467 		67.0052 		6.1913
v -9.4619 		83.534 		10.617
v -14.7203 		66.8066 		6.2306
v -14.689 		66.7938 		6.2362
v -14.9118 		66.8956 		6.2127
v -16.5731 		82.5079 		6.2159
v -16.6733 		82.4619 		6.2013
v -16.6385 		82.4792 		6.2044
v -11.5969 		78.723 		5.1
v -11.5969 		78.723 		5.6
v -9.3839 		83.795 		10.7
v 68.3851 		72.432 		56.2
v -11.1999 		78.743 		5.6
v 67.3201 		70.34 		56.2
v -2.7237 		78.4723 		10.6302
v -16.8092 		82.3943 		6.1888
v -10.8029 		78.723 		5.1
v -10.8029 		78.723 		5.6
v 65.6611 		68.68 		56.2
v -10.4089 		78.665 		5.1
v -17.1106 		82.2445 		6.161
v -10.4089 		78.665 		5.6
v -10.0239 		78.568 		5.1
v -10.0239 		78.568 		5.6
v 65.2941 		73.436 		56.2
v -17.1458 		82.2262 		6.1544
v -2.719 		78.513 		10.406
v -5.6679 		81.551 		5.883
v -2.6029 		78.3335 		10.406
v -5.4801 		81.2108 		6.003
v -5.5326 		81.249 		6.0095
v -2.3969 		77.964 		10.406
v -5.2999 		81.0647 		5.9913
v -8.7709 		83.609 		10.7
v -8.1739 		83.386 		10.7
v 68.7518 		74.742 		57.352
v -9.6489 		78.434 		5.1
v -9.6489 		78.434 		5.6
v -9.2899 		78.264 		5.1
v 68.3851 		77.068 		57.352
v -9.2899 		78.264 		5.6
v -8.8669 		83.354 		10.617
v 68.7531 		74.75 		57.352
v -8.9489 		78.06 		5.1
v -8.9489 		78.06 		5.6
v -0.1929 		78.049 		10.7
v 0.0811 		76.954 		10.7
v -8.6289 		77.823 		5.1
v -8.6289 		77.823 		5.6
v 0.2471 		75.837 		10.7
v -8.3339 		77.556 		5.1
v -8.3339 		77.556 		5.6
v 68.3851 		77.068 		56.2
v 0.3021 		74.71 		10.7
v 0.2471 		73.583 		10.7
v -17.4989 		82.1201 		6.4977
v -8.0669 		77.261 		5.1
v -17.5714 		82.1925 		7.1339
v -8.0669 		77.261 		5.6
v 68.7531 		74.75 		56.2
v -17.3209 		82.286 		6.779
v 65.2941 		76.064 		56.2
v -7.1479 		74.69 		5.6
v 0.3481 		79.494 		10.7
v 65.5021 		74.75 		56.2
v -7.1669 		74.293 		5.1
v -7.1669 		74.293 		5.6
v -0.1759 		80.602 		10.7
v -17.5422 		82.1633 		6.779
v -7.2249 		73.899 		5.1
v -7.2249 		73.899 		5.6
v -0.8069 		81.655 		10.7
v -7.3219 		73.514 		5.1
v -7.3219 		73.514 		5.6
v -7.4559 		73.139 		5.1
v -7.4559 		73.139 		5.6
v -8.2859 		83.137 		10.617
v -2.6399 		78.9333 		10.406
v -2.697 		79.0545 		10.406
v -7.6259 		72.78 		5.1
v -7.6259 		72.78 		5.6
v -8.4717 		82.9813 		10.4132
v -7.8299 		72.439 		5.1
v -7.8299 		72.439 		5.6
v -1.6359 		81.1 		10.7
v -16.6909 		82.586 		6.779
v -1.0559 		80.132 		10.7
v -0.5729 		79.112 		10.7
v -0.0399 		72.701 		10.6
v 75.8571 		78.773 		55.003
v -8.0609 		83.634 		10.617
v 76.2141 		77.535 		55.003
v 76.4301 		76.272 		55.003
v -17.1209 		82.26 		6.128
v 76.5031 		74.998 		55.003
v 76.4705 		74.998 		55.003
v -8.0669 		72.119 		5.1
v -8.0669 		72.119 		5.6
v -8.3339 		71.824 		5.1
v 75.8561 		78.774 		57.352
v -8.3339 		71.824 		5.6
v -17.3223 		82.1306 		6.128
v 76.2141 		77.537 		57.352
v -17.2542 		82.1701 		6.1344
v -8.6289 		71.557 		5.1
v -8.6289 		71.557 		5.6
v 76.4301 		76.274 		57.352
v -8.9489 		71.32 		5.1
v -8.9489 		71.32 		5.6
v 76.5021 		75 		57.352
v -9.2899 		71.116 		5.1
v -9.2899 		71.116 		5.6
v -17.6224 		82.2435 		5.883
v -9.6489 		70.946 		5.1
v -17.5001 		82.1213 		6.0438
v -9.6489 		70.946 		5.6
v -17.2639 		82.473 		5.883
v -10.0239 		70.812 		5.1
v -10.0239 		70.812 		5.6
v -10.4089 		70.715 		5.1
v -10.4089 		70.715 		5.6
v -17.4415 		82.0626 		6.1211
v -8.6759 		83.864 		10.617
v -15.2329 		75.087 		5.1
v -15.2329 		75.087 		5.6
v -15.1749 		75.481 		5.1
v -15.1749 		75.481 		5.6
v -15.0779 		75.866 		5.1
v -15.0779 		75.866 		5.6
v 75.3911 		69.583 		57.278
v 76.1421 		71.025 		57.278
v -14.9439 		76.241 		5.1
v -14.9439 		76.241 		5.6
v -14.7739 		76.6 		5.1
v -14.7739 		76.6 		5.6
v -14.5699 		76.941 		5.1
v -14.5699 		76.941 		5.6
v -17.8217 		82.4428 		5.8
v -17.7693 		82.3904 		5.8218
v 76.4875 		74.742 		57.352
v -14.3329 		77.261 		5.1
v -14.3329 		77.261 		5.6
v -17.4169 		82.703 		5.8
v -14.0659 		77.556 		5.1
v -7.7219 		82.886 		10.617
v -14.0659 		77.556 		5.6
v -13.7709 		77.823 		5.1
v -13.7709 		77.823 		5.6
v -13.4509 		78.06 		5.1
v -13.4509 		78.06 		5.6
v 76.7341 		72.527 		57.278
v 77.1611 		74.074 		57.278
v 77.2703 		74.742 		57.278
v -13.1099 		78.264 		5.1
v -13.1099 		78.264 		5.6
v -12.7509 		78.434 		5.1
v -12.7509 		78.434 		5.6
v -12.3759 		78.568 		5.1
v -12.3759 		78.568 		5.6
v -17.5689 		82.932 		5.883
v -7.0289 		82.833 		10.7
v -7.1749 		82.6 		10.617
v -11.9909 		78.665 		5.1
v -11.9909 		78.665 		5.6
v -17.8654 		82.4865 		5.8182
v -18.0204 		82.6415 		5.883
v -18.0505 		82.6716 		5.9227
v -14.7739 		72.78 		5.1
v -14.7739 		72.78 		5.6
v -14.9439 		73.139 		5.1
v -14.9439 		73.139 		5.6
v -15.0779 		73.514 		5.1
v -15.0779 		73.514 		5.6
v -15.1749 		73.899 		5.1
v -15.1749 		73.899 		5.6
v -14.7669 		66.704 		6.779
v -15.2329 		74.293 		5.1
v -15.2329 		74.293 		5.6
v -16.5979 		82.551 		6.128
v -15.2529 		74.69 		5.1
v -15.2529 		74.69 		5.6
v -11.9909 		70.715 		5.1
v -11.9909 		70.715 		5.6
v -12.3759 		70.812 		5.1
v -12.3759 		70.812 		5.6
v -12.7509 		70.946 		5.1
v -12.7509 		70.946 		5.6
v -16.7249 		82.773 		5.883
v -13.1099 		71.116 		5.1
v -13.1099 		71.116 		5.6
v -13.4509 		71.32 		5.1
v -13.4509 		71.32 		5.6
v -16.0219 		67.31 		6.779
v -15.4049 		66.987 		6.779
v -13.7709 		71.557 		5.1
v -13.7709 		71.557 		5.6
v -14.0659 		71.824 		5.1
v -14.0659 		71.824 		5.6
v -14.3329 		72.119 		5.1
v -14.3329 		72.119 		5.6
v -7.8051 		82.7313 		10.4486
v -14.5699 		72.439 		5.1
v -14.5699 		72.439 		5.6
v -11.5969 		70.657 		5.1
v -11.5969 		70.657 		5.6
v -11.1999 		70.638 		5.6
v -11.1999 		70.638 		5.1
v -10.8029 		70.657 		5.1
v -10.8029 		70.657 		5.6
v -7.7825 		82.7226 		10.4513
v -18.5655 		83.1866 		8.885
v -18.5909 		83.212 		8.2573
v -5.2159 		81.143 		5.883
v 1.3001 		74.69 		5.6
v 1.2987 		74.681 		5.6
v -18.5912 		83.2123 		8.25
v 0.6881 		78.553 		5.6
v 0.6903 		78.5395 		5.6
v 1.2994 		74.6947 		5.6
v -5.7816 		81.4302 		6.0405
v -18.3659 		82.987 		9.982
v -18.3744 		82.9955 		9.9467
v 61.2501 		71 		9
v 0.679 		78.5709 		5.6
v 62.4091 		71.184 		9
v 63.4541 		71.716 		9
v 64.2841 		72.546 		9
v 64.8161 		73.591 		9
v 65.0001 		74.75 		9
v 57.5001 		74.75 		9
v 57.6841 		73.591 		9
v 58.2161 		72.546 		9
v 59.0461 		71.716 		9
v 60.0911 		71.184 		9
v -18.5909 		83.212 		8.2427
v 57.6841 		75.909 		9
v 64.8161 		75.909 		9
v 64.2841 		76.954 		9
v 63.4541 		77.784 		9
v 62.4091 		78.316 		9
v 61.2501 		78.5 		9
v 60.0911 		78.316 		9
v 59.0461 		77.784 		9
v 58.2161 		76.954 		9
v -18.488 		83.1091 		9.475
v -18.4908 		83.1119 		9.4535
v -24.7309 		81.128 		4.998
v -29.1929 		79.467 		0
v -28.5729 		80.969 		0
v -16.5189 		83.759 		10.372
v -29.9994 		74.742 		0
v -29.9999 		74.75 		0
v -29.9099 		76.343 		0
v -29.6399 		77.92 		0
v -17.1259 		83.471 		10.372
v -7.4767 		82.5846 		10.4705
v -25.8569 		78.773 		4.998
v -7.294 		82.5022 		10.4816
v -17.7119 		83.146 		10.372
v -7.2491 		82.4819 		10.4843
v -25.3609 		79.974 		4.998
v -7.0028 		82.3586 		10.5046
v 71.0181 		85.051 		55.003
v 72.1091 		84.193 		55.003
v 73.0971 		83.248 		55.003
v 73.9741 		82.223 		55.003
v 74.7311 		81.128 		55.003
v -16.6149 		83.956 		9.982
v 75.3611 		79.974 		55.003
v -26.2139 		77.535 		4.998
v 65.8561 		87.443 		55.003
v -7.1451 		82.4341 		10.4964
v 67.2421 		87.013 		55.003
v -5.0119 		81.332 		5.8
v -5.4759 		81.753 		5.8
v 68.5731 		86.467 		55.003
v -15.9473 		67.4286 		6.1057
v 69.8361 		85.811 		55.003
v -16.0438 		67.4885 		6.0999
v -14.7179 		66.74 		6.128
v -15.2499 		67.019 		6.128
v 65.8561 		87.442 		57.352
v 67.2421 		87.012 		57.352
v -4.8079 		81.522 		5.883
v 68.5731 		86.467 		57.352
v 69.8351 		85.811 		57.352
v -5.2849 		81.955 		5.883
v 71.0181 		85.051 		57.352
v 72.1091 		84.194 		57.352
v -15.7466 		67.3184 		6.128
v -17.3189 		83.807 		9.475
v 73.0971 		83.248 		57.352
v 73.9741 		82.224 		57.352
v -17.2349 		83.662 		9.982
v 74.7311 		81.129 		57.352
v 75.3601 		79.976 		57.352
v 65.6611 		80.82 		57.352
v -15.9129 		67.12 		5.883
v 67.3201 		79.16 		57.352
v -4.3599 		81.061 		5.883
v -4.1579 		81.226 		6.128
v -15.7614 		67.3263 		6.1272
v -17.9269 		83.47 		9.475
v -17.8329 		83.329 		9.982
v 65.6611 		80.82 		56.2
v 67.3201 		79.16 		56.2
v -4.6179 		81.699 		6.128
v -15.3869 		66.801 		5.883
v -21.9288 		80.8281 		5.1
v -15.7598 		67.3255 		6.1273
v -21.9288 		80.8281 		5.6
v -22.2781 		80.4787 		5.1
v -22.2781 		80.4787 		5.6
v -17.3899 		83.931 		8.25
v -26.7339 		72.527 		2.722
v -27.1609 		74.074 		2.722
v -27.2701 		74.742 		2.722
v -17.3709 		83.899 		8.885
v -18.0049 		83.588 		8.25
v -17.9859 		83.558 		8.885
v -2.8918 		78.5582 		6.3701
v -26.4299 		76.272 		4.998
v -2.9571 		78.3916 		5.8022
v -3.1067 		78.6301 		5.8121
v -3.1928 		78.7675 		5.8178
v -2.9534 		78.4011 		5.8
v -3.1669 		78.855 		5.8
v -3.2333 		78.824 		5.8215
v -26.5014 		75.0239 		4.998
v -26.5149 		75.019 		4.998
v -19.7234 		70.7042 		10.406
v -19.708 		70.7434 		6.779
v -19.669 		70.8428 		6.3701
v -19.6036 		71.0094 		5.8022
v -19.4541 		70.7709 		5.8121
v -19.6074 		70.9998 		5.8
v -18.5655 		83.1866 		7.615
v -18.4908 		83.1119 		7.0465
v -18.488 		83.1091 		7.025
v -23.2638 		77.4429 		5.1
v 43.9931 		80.503 		7
v -18.3659 		82.987 		6.518
v 43.9931 		78.5 		7
v 40.9492 		80.503 		7
v -18.3744 		82.9955 		6.5533
v -23.0921 		78.5263 		5.1
v -23.0879 		78.553 		5.1
v -23.0701 		78.588 		5.1
v -19.6864 		70.7985 		5.8461
v 43.6201 		78.5 		7
v -23.3611 		77.5403 		5.1
v -23.1659 		78.32 		5.1
v -22.7529 		79.475 		5.1
v 42.5001 		63.06 		7
v -19.6305 		70.941 		5.967
v -17.3709 		83.899 		7.615
v -12.2609 		74.015 		9
v -11.9849 		73.739 		9
v 42.5001 		77.94 		7
v -12.4389 		74.364 		9
v 43.6201 		62.5 		7
v -23.2638 		77.4429 		5.6
v -23.3611 		77.5403 		5.6
v -11.3289 		64.756 		10.372
v -23.0701 		78.588 		5.6
v -23.0879 		78.553 		5.6
v -23.0788 		78.5709 		5.6
v -6.3249 		82.728 		10.617
v -23.0921 		78.5263 		5.6
v -23.09 		78.5395 		5.6
v -23.1659 		78.32 		5.6
v -22.7529 		79.475 		5.6
v -2.3609 		65.871 		10.7
v -1.5369 		66.78 		10.7
v -0.8069 		67.765 		10.7
v -5.9689 		82.145 		10.7
v -0.1759 		68.818 		10.7
v -11.1999 		62.21 		5.6
v -6.6489 		82.281 		10.617
v -12.4249 		62.27 		5.6
v -13.6389 		62.45 		5.6
v -6.4869 		82.505 		10.7
v 42.5141 		62.972 		7
v 42.5551 		62.887 		7
v -9.9729 		64.732 		10.372
v 42.6221 		62.806 		7
v 42.7141 		62.731 		7
v 42.8281 		62.664 		7
v -22.5182 		76.7026 		5.6
v -22.6469 		75.837 		5.6
v -22.7029 		74.71 		5.6
v -22.6469 		73.583 		5.6
v -22.4809 		72.466 		5.6
v -22.2069 		71.371 		5.6
v 42.9621 		62.607 		7
v -21.8269 		70.308 		5.6
v -21.3439 		69.288 		5.6
v -20.7639 		68.32 		5.6
v 43.1121 		62.561 		7
v 43.2741 		62.527 		7
v 43.4451 		62.507 		7
v -10.6519 		64.724 		10.372
v -2.8744 		78.6025 		5.8461
v -20.8629 		66.78 		5.6
v -21.5929 		67.765 		5.6
v -3.1469 		78.796 		5.967
v -22.2239 		68.818 		5.6
v -2.9303 		78.46 		5.967
v 0.0811 		72.466 		10.7
v -23.6999 		74.71 		5.6
v -0.1929 		71.371 		10.7
v -0.5729 		70.308 		10.7
v -23.1619 		71.081 		5.6
v -23.4599 		72.271 		5.6
v -23.6399 		73.485 		5.6
v -1.0559 		69.288 		10.7
v -22.7479 		69.926 		5.6
v -1.6359 		68.32 		10.7
v -23.6399 		75.935 		5.6
v -23.4599 		77.149 		5.6
v -11.2359 		65.8 		10.372
v -2.3079 		67.413 		10.7
v -11.8399 		65.866 		10.372
v -23.1619 		78.339 		5.6
v -11.8338 		65.9034 		10.3042
v 0.3481 		69.926 		10.7
v 0.7621 		71.081 		10.7
v 1.0601 		72.271 		10.7
v 1.2401 		73.485 		10.7
v -11.7729 		65.8966 		10.3044
v 43.4451 		78.493 		7
v 43.2741 		78.473 		7
v 43.1121 		78.439 		7
v 0.0959 		72.5652 		10.6
v 0.0811 		72.466 		10.6
v 42.9621 		78.393 		7
v -0.1929 		71.371 		10.6
v 42.8281 		78.336 		7
v -0.5729 		70.308 		10.6
v 42.7141 		78.269 		7
v -1.0559 		69.288 		10.6
v 42.6221 		78.194 		7
v -1.6359 		68.32 		10.6
v 42.5551 		78.113 		7
v -2.3079 		67.413 		10.6
v 42.5141 		78.028 		7
v -2.9869 		79.651 		10.372
v -17.9859 		83.558 		7.615
v -6.5468 		82.1151 		10.543
v -6.5295 		82.1058 		10.5451
v -16.6149 		83.956 		6.518
v -17.2349 		83.662 		6.518
v -6.7069 		82.2014 		10.5228
v -6.6408 		82.1658 		10.5311
v -17.8329 		83.329 		6.518
v 36.5001 		82 		22.739
v 36.5001 		84 		22.739
v -3.3409 		80.2 		10.372
v 36.5001 		84 		37.042
v 36.5001 		82 		37.042
v 2.8977 		85.39 		60
v 2.0081 		86.24 		60
v -3.7319 		80.725 		10.372
v -17.3189 		83.807 		7.025
v 3.4948 		84.766 		60
v 3.2441 		85.059 		60
v 2.9094 		85.3788 		60
v 4.0541 		84.259 		60
v 2.8993 		85.39 		60
v -17.9269 		83.47 		7.025
v -3.5489 		80.856 		9.982
v -3.1489 		80.319 		9.982
v -3.0039 		80.41 		9.475
v -16.4079 		83.531 		5.883
v 61.5021 		88.002 		60
v -16.5189 		83.759 		6.128
v 61.2501 		91 		60
v 62.9721 		87.939 		60
v 64.4281 		87.752 		60
v -17.1259 		83.471 		6.128
v -3.3189 		79.497 		9.756
v -3.7659 		80.021 		9.756
v 63.0881 		90.922 		60
v 64.9081 		90.688 		60
v -17.7119 		83.146 		6.128
v -3.8609 		68.88 		5.6
v -2.9089 		78.945 		9.756
v 61.5021 		88.003 		55.003
v -10.6299 		65.771 		10.372
v -16.1669 		83.039 		5.883
v 61.2521 		79.001 		55.003
v -10.6593 		65.8161 		10.2932
v -10.7484 		65.8204 		10.2934
v 61.5021 		88.002 		57.352
v -10.9664 		65.8308 		10.2934
v 61.2521 		82.253 		57.352
v -16.2869 		83.285 		5.8
v -11.1999 		63.208 		5.6
v -10.0729 		63.263 		5.6
v 61.2521 		82.253 		56.2
v 61.2521 		79.001 		56.2
v -16.8619 		83.011 		5.8
v -22.7029 		74.71 		10.7
v -11.3661 		65.852 		10.3047
v -22.6469 		75.837 		10.7
v -22.4809 		76.954 		10.7
v -22.2069 		78.049 		10.7
v -11.3377 		65.8503 		10.3022
v 62.5651 		78.793 		55.003
v -23.6999 		74.71 		10.7
v -23.1619 		78.339 		10.7
v -23.4599 		77.149 		10.7
v -23.6399 		75.935 		10.7
v -21.8269 		79.112 		10.7
v -16.9989 		83.249 		5.883
v -21.3439 		80.132 		10.7
v -20.7639 		81.1 		10.7
v -11.2322 		65.844 		10.2926
v -21.5929 		81.655 		10.7
v -22.2239 		80.602 		10.7
v 62.5651 		78.793 		56.2
v -5.7919 		82.357 		10.617
v -22.7479 		79.494 		10.7
v 0.6451 		87.311 		60
v -0.8329 		88.261 		60
v -6.8829 		83.066 		10.617
v -22.5182 		76.7027 		10.6
v -2.4109 		89.081 		60
v -22.2069 		78.049 		10.6
v -22.4809 		76.954 		10.6
v 62.9721 		87.94 		55.003
v -7.5909 		83.127 		10.7
v 64.4281 		87.753 		55.003
v -7.4619 		83.369 		10.617
v 62.9721 		87.939 		57.352
v 64.4281 		87.752 		57.352
v 63.5701 		81.885 		57.352
v -1.9849 		85.051 		60
v -0.8949 		84.194 		60
v -20.7639 		81.1 		10.6
v -21.3439 		80.132 		10.6
v -21.8269 		79.112 		10.6
v 63.5701 		81.885 		56.2
v -3.9029 		83.602 		10.7
v -20.0919 		82.007 		10.6
v -3.7996 		79.8946 		10.6978
v -3.81 		79.9069 		10.6972
v -2.8799 		80.488 		8.25
v -4.832 		80.9101 		10.651
v -15.8002 		82.8187 		6.283
v -16.0014 		82.7484 		6.2656
v -1.9849 		85.051 		55.003
v -16.021 		82.7405 		6.2656
v -0.8949 		84.193 		55.003
v -2.9109 		80.468 		8.885
v -1.9849 		85.051 		57.352
v -0.8949 		84.194 		57.352
v -15.4573 		82.939 		6.3114
v -15.7402 		82.8397 		6.2881
v -3.9449 		80.573 		10.617
v -3.7379 		80.045 		8.74
v -14.5389 		63.703 		5.6
v -13.4439 		63.429 		5.6
v -3.8019 		79.912 		10.7
v -10.0229 		65.778 		10.372
v -19.3329 		82.843 		10.6
v -4.5769 		80.884 		10.7
v -3.2889 		79.518 		8.74
v -20.0919 		67.413 		5.6
v -19.3329 		66.577 		5.6
v -18.4969 		65.818 		5.6
v -18.1159 		82.58 		10.617
v -17.5899 		65.146 		5.6
v -16.6219 		64.566 		5.6
v -15.6019 		64.083 		5.6
v -15.3464 		82.976 		6.3112
v -2.8779 		78.965 		8.74
v -4.1729 		80.41 		10.7
v -4.6962 		80.7866 		10.6544
v -16.0419 		82.847 		6.779
v -18.6389 		82.197 		10.617
v -18.1268 		82.5942 		10.6
v -4.5006 		80.608 		10.664
v -18.6507 		82.2105 		10.6
v -18.164 		82.5669 		10.6
v -16.0549 		82.81 		6.128
v -12.3269 		63.263 		5.6
v -4.3402 		80.4615 		10.6721
v -4.3245 		80.4472 		10.6729
v -4.3104 		80.4325 		10.6732
v -17.0919 		63.686 		5.6
v -3.7679 		81.544 		8.885
v -3.3209 		81.019 		8.885
v -3.7389 		81.567 		8.25
v -19.1299 		65.047 		5.6
v -20.0389 		65.871 		5.6
v -3.2909 		81.04 		8.25
v -18.1449 		64.317 		5.6
v -15.9839 		63.162 		5.6
v -15.5984 		83.0287 		10.404
v -14.8289 		62.748 		5.6
v -15.5064 		83.0597 		10.3988
v -17.2639 		82.473 		10.617
v -17.7809 		82.142 		10.617
v -21.6669 		88.261 		60
v -23.1449 		87.311 		60
v -3.4089 		80.957 		9.475
v -22.2239 		80.602 		5.6
v -21.5929 		81.655 		5.6
v -17.4169 		82.703 		10.7
v -15.8559 		87.442 		60
v -17.9489 		82.361 		10.7
v -15.4423 		83.0809 		10.3987
v -14.4279 		87.752 		60
v -4.1418 		80.2574 		10.6804
v -12.9719 		87.939 		60
v -10.025 		65.8234 		10.2904
v -10.3504 		65.8193 		10.291
v -11.5019 		88.002 		60
v -10.5057 		65.8176 		10.2909
v -15.3874 		83.099 		10.3986
v -3.8494 		79.9534 		10.696
v -10.6288 		65.8162 		10.2905
v -11.2499 		91 		60
v -13.0879 		90.922 		60
v -14.9079 		90.688 		60
v -16.6929 		90.3 		60
v -3.8471 		79.9506 		10.6961
v -18.4249 		89.763 		60
v -20.0889 		89.081 		60
v -4.2414 		80.361 		10.6751
v -9.9513 		65.8251 		10.2971
v -15.8559 		87.443 		55.003
v -17.6095 		82.2306 		10.6
v -17.7351 		82.1502 		10.6
v -22.7479 		79.494 		5.6
v -17.77 		82.1278 		10.6
v -14.4279 		87.753 		55.003
v -12.9719 		87.94 		55.003
v -17.5563 		82.1774 		10.5298
v -17.5603 		82.1814 		10.5351
v -11.5019 		88.003 		55.003
v -9.9549 		64.349 		9.475
v -14.9442 		83.2186 		10.3732
v -18.6999 		80.521 		5.6
v 60.0311 		87.939 		60
v -17.3109 		81.932 		5.6
v -18.7109 		80.532 		5.6
v -9.9619 		64.516 		9.982
v -15.8559 		87.442 		57.352
v -17.1952 		82.3707 		10.4994
v -14.4279 		87.752 		57.352
v -14.9239 		83.2241 		10.3721
v -12.9719 		87.939 		57.352
v -11.5019 		88.002 		57.352
v -0.0399 		72.701 		5.6
v 0.2471 		73.583 		5.6
v 0.3021 		74.71 		5.6
v 0.2471 		75.837 		5.6
v 0.0811 		76.954 		5.6
v -0.1929 		78.049 		5.6
v -17.5439 		82.1844 		10.529
v 0.7621 		78.339 		5.6
v 1.0601 		77.149 		5.6
v 1.2401 		75.935 		5.6
v 1.3001 		74.71 		5.6
v -11.3479 		64.541 		9.982
v -10.6599 		64.341 		9.475
v -17.4466 		82.2391 		10.5229
v -2.9109 		80.468 		7.615
v -17.3311 		82.304 		10.5157
v -11.3619 		64.375 		9.475
v -3.7659 		80.021 		7.724
v -10.6559 		64.507 		9.982
v -15.4099 		83.167 		9.756
v -2.9089 		78.945 		7.724
v -0.5729 		79.112 		5.6
v -1.0559 		80.132 		5.6
v -1.6359 		81.1 		5.6
v -17.5689 		82.932 		10.617
v -0.8069 		81.655 		5.6
v -0.1759 		80.602 		5.6
v 0.3481 		79.494 		5.6
v -9.9489 		64.244 		8.885
v -10.6619 		64.2 		8.25
v -9.9479 		64.209 		8.25
v -18.0879 		82.6193 		10.6
v -18.0333 		82.6544 		10.6
v -15.4209 		83.201 		8.74
v -18.0505 		82.6716 		10.5773
v -11.3759 		64.235 		8.25
v 60.0311 		87.94 		55.003
v -11.3719 		64.271 		8.885
v -6.1459 		81.931 		10.617
v -10.6609 		64.236 		8.885
v 60.0311 		87.939 		57.352
v -6.1793 		81.8907 		10.5674
v -6.0975 		81.8398 		10.5777
v -6.0085 		81.7843 		10.5891
v -5.9381 		81.7405 		10.5981
v -15.4099 		83.167 		7.724
v -16.4576 		82.7099 		10.4518
v -16.0813 		82.8639 		10.4297
v -3.3189 		79.497 		7.724
v -15.0377 		83.0628 		6.3376
v -15.1729 		83.0248 		6.3262
v -16.2351 		82.8009 		10.4387
v -16.7249 		82.773 		10.617
v -3.5489 		80.856 		6.518
v -3.1489 		80.319 		6.518
v -16.6449 		82.6332 		10.4627
v -3.0039 		80.41 		7.025
v -16.9401 		82.4941 		10.4838
v -16.8515 		82.537 		10.4784
v -16.7024 		82.6093 		10.4695
v -5.6679 		81.551 		10.617
v -5.6627 		81.5464 		10.617
v -5.6672 		81.5496 		10.6164
v -14.8845 		83.1059 		6.3505
v -5.6684 		81.5504 		10.6162
v -10.0309 		87.939 		60
v -10.0309 		87.94 		55.003
v -10.0309 		87.939 		57.352
v -10.6599 		65.757 		9.756
v -9.9479 		65.765 		9.756
v -4.8079 		81.522 		10.617
v -3.4069 		79.434 		6.779
v -3.0019 		78.887 		6.779
v -5.0119 		81.332 		10.7
v 53.1681 		85.811 		60
v 54.4301 		86.467 		60
v 55.7611 		87.012 		60
v -11.3719 		65.791 		9.756
v -5.416 		81.3732 		10.628
v -5.3717 		81.3422 		10.63
v 47.9921 		86.24 		60
v 47.0188 		85.31 		60
v 49.3551 		87.311 		60
v 57.1471 		87.442 		60
v -5.4759 		81.753 		10.7
v 58.5751 		87.752 		60
v 59.4121 		90.922 		60
v 57.5921 		90.688 		60
v 55.8071 		90.3 		60
v 54.0751 		89.763 		60
v 52.4111 		89.081 		60
v 50.8331 		88.261 		60
v 46.7561 		85.059 		60
v 46.6264 		84.9074 		60
v 46.8316 		85.1311 		60
v -3.7475 		79.5039 		5.8519
v 46.994 		85.31 		60
v -3.4659 		79.393 		5.8
v -9.9469 		65.73 		8.74
v -11.3749 		65.756 		8.74
v -4.8775 		80.9466 		10.6488
v -4.8616 		80.9339 		10.6496
v 49.0291 		82.224 		60
v -15.3769 		83.067 		6.779
v -3.4485 		79.1199 		5.8344
v -5.1725 		81.1832 		10.6346
v -3.5969 		79.3225 		5.8437
v -10.6609 		65.721 		8.74
v -15.5919 		83.269 		5.883
v 49.9061 		83.248 		60
v 50.8941 		84.194 		60
v 51.9851 		85.051 		60
v -15.6959 		83.522 		5.8
v -3.5842 		79.3069 		5.8426
v 47.6431 		79.976 		60
v -3.5046 		79.1972 		5.8378
v 48.2721 		81.129 		60
v -9.2959 		64.783 		10.372
v -5.2849 		81.955 		10.617
v -3.2179 		79.527 		5.883
v 47.1471 		78.774 		60
v -2.9099 		78.973 		5.883
v -8.6239 		64.874 		10.372
v -2.9869 		79.651 		6.128
v -18.7506 		83.3717 		10.6
v -16.4079 		83.531 		10.617
v -7.9599 		65.006 		10.372
v -16.9989 		83.249 		10.617
v -4.3599 		81.061 		10.617
v -15.0879 		83.723 		5.8
v -16.8619 		83.011 		10.7
v -8.2229 		66.023 		10.372
v -8.8169 		65.905 		10.372
v -9.4179 		65.823 		10.372
v -8.5749 		87.752 		60
v -7.1469 		87.442 		60
v -16.2869 		83.285 		10.7
v -15.1749 		83.982 		5.883
v -8.1136 		66.0652 		10.3488
v -8.1837 		66.0503 		10.3425
v -16.1669 		83.039 		10.617
v -8.5462 		65.977 		10.3398
v -4.0749 		89.763 		60
v -5.8069 		90.3 		60
v -7.5919 		90.688 		60
v -9.4119 		90.922 		60
v -15.7989 		83.775 		5.883
v -8.277 		66.0311 		10.3387
v -8.5749 		87.753 		55.003
v -7.1469 		87.443 		55.003
v -18.6999 		80.521 		10.6
v -18.7109 		80.532 		10.6
v -8.2275 		66.0411 		10.3385
v -15.4959 		83.034 		6.128
v -18.2739 		81.779 		10.617
v -8.5749 		87.752 		57.352
v -18.4806 		81.6059 		10.617
v -18.2288 		81.79 		10.6
v -18.2621 		81.7655 		10.6
v -18.3494 		81.6924 		10.6
v -15.0029 		83.465 		5.883
v -8.8227 		65.9369 		10.3137
v -14.9239 		83.224 		6.128
v -3.5479 		79.333 		5.967
v -18.4651 		81.6161 		10.615
v 54.4301 		86.467 		55.003
v 55.7611 		87.013 		55.003
v 57.1471 		87.443 		55.003
v 58.5751 		87.753 		55.003
v -8.8347 		65.9352 		10.3136
v -18.7575 		81.4047 		10.624
v 53.1681 		85.811 		55.003
v -18.9379 		81.585 		10.7
v -18.7197 		81.4326 		10.6232
v -3.3409 		80.2 		6.128
v -3.7319 		80.725 		6.128
v 53.1681 		85.811 		57.352
v -18.7595 		81.4066 		10.6
v -19.1335 		81.7806 		10.6
v 54.4301 		86.467 		57.352
v 55.7611 		87.012 		57.352
v -9.3221 		65.8733 		10.3056
v -19.1349 		81.782 		10.617
v -19.1475 		81.7947 		10.6
v -9.246 		65.8797 		10.3127
v 57.1471 		87.442 		57.352
v 58.5751 		87.752 		57.352
v -3.5639 		80.062 		5.883
v 3.4901 		63.148 		4.998
v -15.9561 		82.908 		10.4243
v -7.1469 		87.442 		57.352
v -18.5186 		81.5813 		10.6187
v 4.6131 		62.5 		4.998
v -16.0534 		82.8751 		10.4297
v -19.1123 		81.8243 		10.6
v -18.4568 		81.6235 		10.6
v -18.5198 		81.583 		10.6
v 3.5451 		62.947 		4.998
v -15.6959 		83.522 		10.7
v -18.4559 		81.988 		10.7
v -15.0879 		83.723 		10.7
v 3.6121 		62.854 		4.998
v -15.5919 		83.269 		10.617
v 3.7041 		62.767 		4.998
v 3.8191 		62.69 		4.998
v -24.5079 		86.24 		60
v -25.7439 		85.059 		60
v 3.9531 		62.624 		4.998
v 4.1031 		62.571 		4.998
v 4.2661 		62.532 		4.998
v 3.5041 		63.046 		4.998
v -22.1089 		84.194 		60
v 4.4371 		62.508 		4.998
v -21.0179 		85.051 		60
v 27.8761 		79.352 		0
v 22.1241 		79.352 		0
v -17.3109 		81.932 		10.6
v -19.8359 		85.811 		60
v -18.5729 		86.467 		60
v -17.2419 		87.012 		60
v 27.8761 		79.352 		4
v 22.1241 		79.352 		4
v 13.0581 		74.118 		0
v 13.0171 		74.742 		0
v -22.1089 		84.193 		55.003
v -3.4089 		80.957 		7.025
v -21.0179 		85.051 		55.003
v 19.2471 		74.153 		0
v -3.3209 		81.019 		7.615
v -22.1089 		84.194 		57.352
v 20.4081 		66.685 		0
v 19.3431 		67.063 		0
v 18.3331 		67.517 		0
v 17.3871 		68.043 		0
v 16.5151 		68.636 		0
v -21.0179 		85.051 		57.352
v 15.7241 		69.29 		0
v 15.0221 		70 		0
v 14.4171 		70.757 		0
v 13.9131 		71.556 		0
v 13.5171 		72.387 		0
v 13.2311 		73.244 		0
v -19.8359 		85.811 		55.003
v 22.1241 		68.955 		0
v 27.8761 		68.955 		0
v 26.1761 		66.043 		0
v 25.0001 		66 		0
v 23.8241 		66.043 		0
v 22.6591 		66.173 		0
v -18.5729 		86.467 		55.003
v -17.2419 		87.013 		55.003
v 27.3411 		66.173 		0
v -15.1749 		83.982 		10.617
v 28.5541 		82 		11.906
v 28.5541 		84 		11.906
v 21.5171 		66.388 		0
v 25.0001 		82 		11.338
v 28.4831 		66.388 		0
v 25.0001 		84 		11.338
v -19.8359 		85.811 		57.352
v -18.5729 		86.467 		57.352
v 30.7531 		74.153 		0
v 30.6571 		67.063 		0
v 29.5921 		66.685 		0
v 21.4461 		82 		11.906
v -15.7989 		83.775 		10.617
v -17.2419 		87.012 		57.352
v 21.4461 		84 		11.906
v 18.2401 		82 		13.557
v -9.5371 		65.8563 		10.2964
v -9.6477 		65.8482 		10.2963
v 18.2401 		84 		13.557
v 36.4831 		72.387 		0
v 36.0871 		71.556 		0
v 35.5831 		70.757 		0
v 34.9781 		70 		0
v 34.2761 		69.29 		0
v 33.4851 		68.636 		0
v 32.6131 		68.043 		0
v 31.6671 		67.517 		0
v -9.4227 		65.8648 		10.2962
v 15.6961 		82 		16.128
v 15.6961 		84 		16.128
v 14.0631 		82 		19.367
v 14.0631 		84 		19.367
v 13.5345 		82 		22.739
v 13.5345 		84 		22.739
v 13.0581 		74.118 		2.722
v 18.9971 		82.498 		20.835
v 18.9971 		83.003 		20.835
v 13.0171 		74.742 		2.722
v 36.4658 		82 		22.739
v 35.9371 		82 		19.367
v 36.4658 		84 		22.739
v 35.9371 		84 		19.367
v 34.3041 		82 		16.128
v 34.3041 		84 		16.128
v -2.9099 		78.973 		10.617
v 31.7601 		82 		13.557
v 31.7601 		84 		13.557
v -3.0209 		78.922 		10.6529
v 31.0031 		83.003 		20.835
v 31.0031 		82.498 		20.835
v -3.2179 		79.527 		10.617
v -3.189 		79.147 		10.6639
v -15.0029 		83.465 		10.617
v 13.5001 		82 		22.739
v 13.5001 		84 		22.739
v 20.4081 		66.685 		2.722
v -3.3945 		79.4218 		10.6775
v 19.3431 		67.063 		2.722
v -3.3997 		79.4288 		10.6779
v 18.3331 		67.517 		2.722
v 17.3871 		68.043 		2.722
v -9.2399 		64.298 		8.885
v -9.2519 		64.401 		9.475
v 16.5151 		68.636 		2.722
v 15.7241 		69.29 		2.722
v -3.7615 		79.8496 		10.7
v 15.0221 		70 		2.722
v 14.4171 		70.757 		2.722
v 13.9131 		71.556 		2.722
v 13.5171 		72.387 		2.722
v 49.0291 		82.223 		55.003
v 13.2311 		73.244 		2.722
v -14.4699 		83.887 		10.7
v 49.0291 		82.224 		57.352
v -9.2349 		64.262 		8.25
v 28.4831 		66.388 		2.722
v 27.3411 		66.173 		2.722
v 26.1761 		66.043 		2.722
v -8.5349 		64.393 		8.885
v -8.5279 		64.358 		8.25
v 25.0001 		66 		2.722
v -3.4047 		79.4355 		10.678
v 23.8241 		66.043 		2.722
v 22.6591 		66.173 		2.722
v -14.4019 		83.624 		10.617
v 21.5171 		66.388 		2.722
v -8.5549 		64.496 		9.475
v -2.9969 		78.8901 		10.6505
v 36.4831 		72.387 		2.722
v 36.0871 		71.556 		2.722
v 35.5831 		70.757 		2.722
v 34.9781 		70 		2.722
v 34.2761 		69.29 		2.722
v 33.4851 		68.636 		2.722
v 32.6131 		68.043 		2.722
v 31.6671 		67.517 		2.722
v 30.6571 		67.063 		2.722
v 29.5921 		66.685 		2.722
v 49.9061 		83.248 		55.003
v 50.8951 		84.193 		55.003
v 51.9851 		85.051 		55.003
v 5.6851 		83.169 		60
v 4.8431 		83.674 		60
v -5.7609 		87.012 		60
v -13.7909 		83.745 		10.617
v -4.4299 		86.467 		60
v -3.5639 		80.062 		10.617
v 49.9061 		83.248 		57.352
v 1.7281 		81.129 		60
v -12.5499 		83.875 		10.617
v 50.8941 		84.194 		57.352
v 51.9851 		85.051 		57.352
v -9.2719 		64.567 		9.982
v -7.8649 		64.634 		9.475
v -13.1719 		83.829 		10.617
v -3.1679 		85.811 		60
v -5.7609 		87.013 		55.003
v -4.4299 		86.467 		55.003
v -8.5839 		64.66 		9.982
v 1.7281 		81.128 		55.003
v 1.7281 		81.129 		57.352
v -5.7609 		87.012 		57.352
v -4.4299 		86.467 		57.352
v -7.9059 		64.795 		9.982
v 47.1471 		78.773 		55.003
v -3.1679 		85.811 		55.003
v -3.7679 		81.544 		7.615
v 47.6431 		79.974 		55.003
v 48.2721 		81.128 		55.003
v 27.8761 		68.955 		4
v 22.1241 		68.955 		4
v 19.2471 		74.153 		4
v -3.1679 		85.811 		57.352
v -21.8269 		70.308 		10.7
v -22.2069 		71.371 		10.7
v 30.7531 		74.153 		4
v -22.4809 		72.466 		10.7
v -21.5929 		67.765 		10.7
v -22.6469 		73.583 		10.7
v -22.2239 		68.818 		10.7
v 59.9391 		78.793 		55.003
v -23.6399 		73.485 		10.7
v -23.4599 		72.271 		10.7
v -23.1619 		71.081 		10.7
v -22.7479 		69.926 		10.7
v 47.6431 		79.976 		57.352
v 48.2721 		81.129 		57.352
v 47.1471 		78.774 		57.352
v 55.1841 		79.16 		57.352
v -11.1999 		86.213 		10.7
v -10.0729 		86.157 		10.7
v -12.4249 		62.27 		10.7
v -11.1999 		62.21 		10.7
v -9.9749 		62.27 		10.7
v -8.7609 		62.45 		10.7
v -8.5339 		65.914 		9.756
v -9.2389 		65.819 		9.756
v -13.6389 		62.45 		10.7
v 55.1841 		79.16 		56.2
v -11.1999 		63.208 		10.7
v -20.0919 		82.007 		10.7
v -8.9559 		85.991 		10.7
v -6.7979 		64.083 		10.7
v -7.8609 		85.717 		10.7
v -7.8609 		63.703 		10.7
v -19.3329 		82.843 		10.7
v -8.9559 		63.429 		10.7
v 56.8431 		80.82 		57.352
v -6.7979 		85.337 		10.7
v -10.0729 		63.263 		10.7
v -5.3079 		63.686 		10.7
v 58.9341 		81.885 		57.352
v -18.4969 		83.602 		10.7
v 56.8431 		80.82 		56.2
v -12.3269 		63.263 		10.7
v -5.7779 		84.854 		10.7
v 58.9341 		81.885 		56.2
v -13.4439 		63.429 		10.7
v -3.8529 		64.577 		5.1
v -14.5389 		63.703 		10.7
v -1.0869 		67.343 		5.1
v -4.8099 		84.274 		10.7
v 59.9391 		78.793 		56.2
v -15.6019 		64.083 		10.7
v -3.8529 		64.577 		5.6
v -4.0166 		64.4936 		5.6
v -1.0869 		67.343 		5.6
v -1.2134 		67.2165 		5.6
v -3.7064 		64.7235 		5.6
v -1.0149 		67.4844 		5.6
v 2.3571 		79.976 		60
v -5.3079 		85.734 		10.7
v -4.2549 		64.317 		5.6
v -5.3079 		63.686 		5.6
v 2.8531 		78.774 		60
v -4.2549 		85.103 		10.7
v -17.0919 		63.686 		10.7
v -1.5369 		66.78 		5.6
v -2.3609 		65.871 		5.6
v -3.2699 		65.047 		5.6
v -17.5899 		84.274 		10.7
v -0.1759 		68.818 		5.6
v -0.8069 		67.765 		5.6
v 46.5157 		74.742 		60
v 46.5011 		75 		60
v 46.5731 		76.274 		60
v -16.6219 		84.854 		10.7
v 46.7891 		77.537 		60
v -15.9839 		63.162 		10.7
v -14.8289 		62.748 		10.7
v -7.5709 		62.748 		10.7
v -6.4159 		63.162 		10.7
v 2.3571 		79.974 		55.003
v -15.6019 		85.337 		10.7
v 2.8531 		78.773 		55.003
v -14.5389 		85.717 		10.7
v -19.1299 		84.373 		10.7
v -13.4439 		85.991 		10.7
v -18.1449 		85.103 		10.7
v 2.3571 		79.976 		57.352
v -12.3269 		86.157 		10.7
v -17.0919 		85.734 		10.7
v 2.8531 		78.774 		57.352
v -11.1999 		87.21 		10.7
v -12.4249 		87.15 		10.7
v 46.5018 		75.01 		55.003
v -13.6389 		86.97 		10.7
v -14.8289 		86.672 		10.7
v -15.9839 		86.258 		10.7
v 3.2111 		77.537 		60
v 3.4271 		76.274 		60
v -8.7609 		86.97 		10.7
v -9.9749 		87.15 		10.7
v 46.5001 		75.01 		55.003
v -6.4159 		86.258 		10.7
v -7.5709 		86.672 		10.7
v -3.2699 		84.373 		10.7
v 3.2111 		77.535 		55.003
v 3.4271 		76.272 		55.003
v 3.2111 		77.537 		57.352
v 3.4271 		76.274 		57.352
v -11.3599 		61.069 		2.722
v -16.3869 		66.465 		10.372
v 46.5731 		76.272 		55.003
v 46.7891 		77.535 		55.003
v -20.7639 		68.32 		10.7
v -21.3439 		69.288 		10.7
v -20.8629 		66.78 		10.7
v -18.4969 		65.818 		10.7
v -19.3329 		66.577 		10.7
v 7.5001 		80.353 		53
v -8.4119 		61.0437 		2.722
v -9.6059 		60.99 		2.722
v -8.4119 		60.99 		2.722
v -19.1299 		65.047 		10.7
v -18.1449 		64.317 		10.7
v -20.0389 		65.871 		10.7
v -16.6219 		64.566 		10.7
v -16.5159 		66.286 		9.982
v 3.4901 		75.1572 		4.998
v -17.5899 		65.146 		10.7
v 46.5001 		63.06 		55.003
v -17.1829 		66.543 		9.475
v -16.6149 		66.149 		9.475
v 57.2101 		73.436 		55.003
v -9.6059 		60.99 		4.998
v -8.4119 		61.0437 		4.998
v -20.0919 		67.413 		10.7
v -8.4119 		60.99 		4.998
v 57.0021 		74.75 		55.003
v 57.2101 		76.064 		55.003
v -11.3599 		61.069 		4.998
v -3.0669 		82.843 		10.7
v -4.2549 		64.317 		10.7
v 5.6851 		83.169 		0
v 4.8431 		83.674 		0
v -3.9029 		65.818 		10.7
v -4.8099 		65.146 		10.7
v -5.7779 		64.566 		10.7
v 9.9501 		81.995 		0
v 55.1841 		70.34 		57.278
v 7.4861 		80.454 		53
v 54.1191 		72.432 		57.278
v 7.4658 		80.503 		53
v -3.2699 		65.047 		10.7
v 53.7534 		74.742 		57.278
v -3.0669 		66.577 		10.7
v 55.1841 		70.34 		56.2
v 54.1191 		72.432 		56.2
v 53.7534 		74.742 		57.352
v 53.7521 		74.75 		57.352
v -16.6769 		66.062 		8.885
v 54.1191 		77.068 		57.352
v -16.0969 		65.668 		8.25
v -16.0779 		65.699 		8.885
v -20.2168 		71.5669 		10.5532
v -20.2201 		71.5725 		10.5518
v -20.275 		71.6656 		10.5295
v 53.7521 		74.75 		56.2
v -11.2789 		84.122 		10.7
v 54.1191 		77.068 		56.2
v -20.3589 		71.8361 		10.5032
v -16.6989 		66.032 		8.25
v -20.3589 		71.5214 		10.4156
v -11.9199 		84.154 		10.7
v 46.5157 		74.742 		57.352
v -9.2339 		65.783 		8.74
v 46.5011 		75 		57.352
v 46.5731 		76.274 		57.352
v 46.7891 		77.537 		57.352
v -8.5269 		65.878 		8.74
v -20.1541 		71.4586 		10.5707
v 56.8431 		68.68 		57.278
v 8.4491 		82.18 		0
v -17.2749 		66.433 		8.25
v 7.4961 		82.418 		0
v 6.5721 		82.749 		0
v 56.8431 		68.68 		56.2
v 57.2101 		73.436 		56.2
v -17.2519 		66.462 		8.885
v 57.0021 		74.75 		56.2
v 57.2101 		76.064 		56.2
v -20.1639 		71.437 		10.406
v 8.4491 		82.18 		60
v 7.4961 		82.418 		60
v 6.5721 		82.749 		60
v 0.9711 		82.223 		4.998
v 61.3601 		61.069 		55.003
v 61.3601 		61.069 		57.278
v -16.3869 		66.465 		6.128
v 0.0941 		83.248 		4.998
v 61.2521 		70.499 		55.003
v 0.9711 		82.224 		60
v 61.2521 		67.248 		57.278
v -17.1829 		66.543 		7.025
v 61.2521 		67.248 		56.2
v -1.0869 		82.037 		5.1
v -16.5159 		66.286 		6.518
v -16.6149 		66.149 		7.025
v 61.2521 		70.499 		56.2
v 0.0941 		83.248 		60
v -16.6769 		66.062 		7.615
v -1.0869 		82.037 		5.6
v -1.0801 		82.0236 		5.6
v 64.8011 		61.69 		55.003
v 63.0981 		61.303 		55.003
v -1.0989 		82.049 		5.6
v -18.2009 		68.34 		10.617
v -17.2519 		66.462 		7.615
v 63.0981 		61.303 		57.278
v 64.8011 		61.69 		57.278
v -27.7859 		82.41 		0
v -26.8399 		83.778 		0
v -16.0779 		65.699 		7.615
v 62.5651 		70.707 		55.003
v 63.5701 		67.615 		57.278
v -9.9619 		64.516 		6.518
v -23.9739 		82.223 		4.998
v 63.5701 		67.615 		56.2
v -23.0969 		83.248 		4.998
v -9.9549 		64.349 		7.025
v 62.5651 		70.707 		56.2
v -17.2759 		67.446 		10.617
v -9.9489 		64.244 		7.615
v -21.3129 		82.037 		5.1
v -11.3719 		64.271 		7.615
v -10.6609 		64.236 		7.615
v -10.6599 		64.341 		7.025
v -16.7689 		67.044 		10.617
v -16.2359 		66.673 		10.617
v -11.3619 		64.375 		7.025
v -10.6559 		64.507 		6.518
v -16.4149 		67.47 		10.617
v -16.5919 		67.256 		10.7
v -11.3479 		64.541 		6.518
v -21.3129 		82.037 		5.6
v -21.3009 		82.049 		5.6
v -21.3197 		82.0236 		5.6
v -16.0739 		66.896 		10.7
v -18.4029 		68.175 		10.372
v -16.5522 		67.6166 		10.5889
v 58.4121 		60.99 		55.003
v 58.4121 		61.0437 		55.003
v -19.0119 		68.545 		9.982
v 59.6051 		60.99 		55.003
v 59.9391 		70.707 		55.003
v -19.1519 		68.444 		9.475
v -20.8629 		82.64 		5.6
v -3.9029 		83.602 		5.6
v 0.9711 		82.223 		55.003
v 0.9711 		82.224 		57.352
v -18.7089 		67.925 		9.475
v -16.4632 		67.5612 		10.5777
v -18.4969 		83.602 		5.6
v -18.7506 		83.3717 		5.6
v -20.0389 		83.549 		5.6
v -18.5769 		68.034 		9.982
v -16.3816 		67.5104 		10.5673
v -11.3719 		65.791 		7.724
v -2.3079 		82.007 		5.6
v -3.0669 		82.843 		5.6
v -18.2329 		67.434 		9.475
v 0.0941 		83.248 		55.003
v -18.1069 		67.55 		9.982
v -2.3609 		83.549 		5.6
v -9.9479 		65.765 		7.724
v -1.5369 		82.64 		5.6
v 0.0941 		83.248 		57.352
v -10.6599 		65.757 		7.724
v 58.4121 		60.99 		57.278
v 58.4121 		61.0437 		57.278
v 59.6051 		60.99 		57.278
v -18.7929 		67.857 		8.885
v -19.2409 		68.382 		8.885
v 58.9341 		67.615 		57.278
v -18.8219 		67.834 		8.25
v -19.2699 		68.361 		8.25
v -11.2539 		84.392 		10.617
v 58.9341 		67.615 		56.2
v -17.9839 		68.517 		10.7
v 59.9391 		70.707 		56.2
v 1.3001 		60.99 		55.003
v 3.4901 		63.148 		55.003
v -11.9149 		84.425 		10.617
v -18.3109 		67.361 		8.885
v -18.3379 		67.336 		8.25
v 64.6911 		72.251 		55.003
v -17.5489 		68.069 		10.7
v 63.7501 		71.311 		55.003
v -17.1457 		68.0278 		10.6281
v -17.19 		68.0588 		10.63
v -10.1793 		65.9401 		6.4224
v 63.7501 		78.189 		55.003
v 64.6911 		77.249 		55.003
v -10.0304 		65.9419 		6.4226
v -17.0849 		67.648 		10.7
v -17.4529 		67.258 		10.372
v -9.9575 		65.9441 		6.4167
v -16.9329 		66.845 		10.372
v -9.9469 		84.207 		10.617
v -11.6482 		66.0036 		6.4106
v -11.8145 		66.0219 		6.4108
v -10.5979 		84.32 		10.617
v -17.6842 		68.455 		10.6487
v -17.6991 		68.4671 		10.6494
v -17.7288 		68.4909 		10.6508
v 64.6911 		72.251 		56.2
v 63.7501 		71.311 		56.2
v -11.6676 		66.0058 		6.4107
v -17.9429 		67.702 		10.372
v -17.3889 		68.2179 		10.6346
v 9.4201 		82.036 		0
v 9.9501 		82.01 		0
v 63.7501 		78.189 		56.2
v 64.6911 		77.249 		56.2
v -7.3369 		62.802 		5.1
v 58.7541 		71.311 		55.003
v 4.6131 		62.5 		55.003
v 57.8141 		72.251 		55.003
v 0.6881 		70.827 		5.1
v -10.6399 		84.052 		10.7
v -10.6261 		65.9345 		6.4233
v -10.3529 		65.9378 		6.4225
v -17.8649 		68.6145 		10.6543
v 57.8141 		77.249 		55.003
v 58.7541 		78.189 		55.003
v 0.0959 		72.5652 		5.6
v -11.3555 		65.9713 		6.4107
v 1.2401 		73.485 		5.6
v 1.0601 		72.271 		5.6
v 3.5041 		63.046 		55.003
v 58.7541 		71.311 		56.2
v 57.8141 		72.251 		56.2
v 3.5451 		62.947 		55.003
v 3.6121 		62.854 		55.003
v 3.7041 		62.767 		55.003
v 3.8191 		62.69 		55.003
v -17.7529 		67.879 		10.617
v -10.6576 		65.9347 		6.4208
v 3.9531 		62.624 		55.003
v -11.072 		65.9552 		6.4212
v -11.0508 		65.9542 		6.4212
v 4.1031 		62.571 		55.003
v 4.2661 		62.532 		55.003
v -11.2223 		65.9625 		6.4215
v 57.8141 		77.249 		56.2
v 58.7541 		78.189 		56.2
v -5.2499 		67.469 		5.6
v -3.8499 		68.869 		5.6
v 4.4371 		62.508 		55.003
v -7.3369 		62.802 		5.6
v -7.4863 		62.7783 		5.6
v -7.1391 		62.9028 		5.6
v -8.7609 		62.45 		5.6
v -9.9749 		62.27 		5.6
v -11.3619 		65.896 		6.779
v -9.3049 		84.055 		10.617
v -16.8939 		67.85 		10.617
v -8.9559 		63.429 		5.6
v -7.8609 		63.703 		5.6
v -6.7979 		64.083 		5.6
v -5.7779 		64.566 		5.6
v -4.8099 		65.146 		5.6
v -3.9029 		65.818 		5.6
v -10.6589 		65.861 		6.779
v -9.9539 		65.87 		6.779
v -7.5709 		62.748 		5.6
v -16.9007 		67.8562 		10.617
v -6.4159 		63.162 		5.6
v -16.6226 		67.6605 		10.5979
v -3.744 		65.9623 		5.6
v -16.8931 		67.8508 		10.616
v -16.8947 		67.8519 		10.6162
v -11.9209 		65.349 		5.8
v -11.2829 		65.279 		5.8
v -4.7394 		66.9582 		5.8
v -11.2579 		65.548 		5.883
v 0.3481 		69.926 		5.6
v -18.6159 		68.828 		10.617
v 0.6881 		70.827 		5.6
v 0.6306 		70.7141 		5.6
v 0.7016 		70.9122 		5.6
v -11.3069 		65.009 		5.883
v -18.9979 		69.339 		10.617
v 0.7621 		71.081 		5.6
v -14.5369 		84.151 		10.617
v -11.3289 		64.756 		6.128
v -20.3589 		71.9369 		5.8
v -20.3589 		74.66 		5.8
v -18.7589 		69.489 		10.7
v -19.9209 		70.8138 		5.8
v -18.7992 		69.5513 		10.7
v -2.6399 		78.5871 		5.8
v -2.2029 		77.4666 		5.8
v -2.2029 		74.741 		5.8
v -9.9979 		65.255 		5.8
v -18.3889 		68.991 		10.7
v -2.6399 		79.2 		5.8
v -18.2216 		68.9396 		10.6722
v -18.2372 		68.9538 		10.673
v -9.9859 		64.985 		5.883
v -4.3899 		74.741 		5.8
v -9.9729 		64.732 		6.128
v -18.2513 		68.9684 		10.6733
v -18.3202 		69.0399 		10.6751
v -18.1709 		74.66 		5.8
v -10.0109 		65.526 		5.883
v -10.6349 		65.517 		5.883
v -17.0749 		66.674 		9.982
v -17.6059 		67.096 		9.982
v -18.4198 		69.1438 		10.6804
v -8.6786 		82.9087 		6.3022
v -17.7239 		66.973 		9.475
v -8.4857 		82.8463 		6.286
v -10.6409 		65.247 		5.8
v -8.7669 		82.9372 		6.3094
v -18.7113 		69.4476 		10.696
v -10.6459 		64.976 		5.883
v -18.7137 		69.4504 		10.6961
v -16.6779 		67.583 		9.756
v -19.9209 		70.201 		5.8
v -8.0462 		82.6753 		6.2519
v -8.4287 		82.825 		6.2859
v -18.7612 		69.5064 		10.6978
v -18.7508 		69.4941 		10.6972
v -8.0711 		82.685 		6.2541
v -16.0789 		67.22 		9.756
v -7.8718 		82.607 		6.2365
v -8.4499 		82.941 		6.779
v -17.2529 		67.983 		9.756
v -19.6519 		70.428 		10.617
v -10.6519 		64.724 		6.128
v -13.8409 		84.012 		10.7
v -13.2039 		84.098 		10.7
v -17.7979 		68.417 		9.756
v -8.3919 		82.906 		6.128
v -10.6299 		65.771 		6.128
v -10.0229 		65.778 		6.128
v -17.8219 		66.868 		8.25
v -11.8399 		65.866 		6.128
v -13.2349 		84.368 		10.617
v -17.7959 		66.895 		8.885
v -11.2359 		65.8 		6.128
v -13.8909 		84.279 		10.617
v 45.9111 		84.259 		60
v -11.8789 		65.617 		5.883
v 45.1231 		83.674 		60
v -17.2759 		67.955 		8.74
v -16.6999 		67.554 		8.74
v -12.5639 		84.146 		10.7
v -17.8229 		68.39 		8.74
v -9.2519 		64.401 		7.025
v -9.2399 		64.298 		7.615
v -12.5759 		84.416 		10.617
v -8.5549 		64.496 		7.025
v 45.3801 		62.5 		55.003
v -8.5349 		64.393 		7.615
v -10.1249 		83.431 		10.372
v 7.5001 		63.148 		53
v 45.0031 		62.5 		45.003
v -16.0979 		67.19 		8.74
v 45.0031 		62.5 		34.998
v -10.069 		83.395 		10.3323
v -10.1984 		83.4181 		10.3265
v -10.1304 		83.4063 		10.3265
v -19.2209 		69.201 		10.372
v -19.5407 		70.4788 		10.6528
v 2.0081 		86.24 		0
v 2.8977 		85.39 		0
v 2.9094 		85.3788 		0
v 3.2441 		85.059 		0
v -18.8299 		68.676 		10.372
v 44.5001 		74.742 		57.278
v -11.3249 		83.601 		10.372
v -9.2389 		65.819 		7.724
v -10.7219 		83.535 		10.372
v 45.5551 		62.507 		55.003
v -10.7278 		83.4977 		10.3043
v -10.4915 		83.4689 		10.3261
v 45.7261 		62.527 		55.003
v 45.8881 		62.561 		55.003
v -19.3429 		69.874 		10.617
v -19.3717 		70.2532 		10.6638
v 46.0381 		62.607 		55.003
v 46.1721 		62.664 		55.003
v -19.1663 		69.9792 		10.6775
v -19.1611 		69.9722 		10.6778
v 46.2861 		62.731 		55.003
v -10.7878 		83.5044 		10.3045
v 6.3771 		62.5 		53
v 3.4948 		84.766 		0
v 46.3781 		62.806 		55.003
v 4.0541 		84.259 		0
v 46.4451 		62.887 		55.003
v 2.8993 		85.39 		0
v -19.1561 		69.9655 		10.678
v 46.4861 		62.972 		55.003
v -19.5739 		69.75 		10.372
v -8.5339 		65.914 		7.724
v -19.8715 		70.3269 		10.3919
v -19.8639 		70.3463 		10.406
v -19.886 		70.2899 		10.3558
v -19.8815 		70.3012 		10.372
v -23.1449 		87.311 		0
v -21.6669 		88.261 		0
v 6.5531 		62.508 		53
v -20.0889 		89.081 		0
v -18.4249 		89.763 		0
v -16.6929 		90.3 		0
v -14.9079 		90.688 		0
v 6.7241 		62.532 		53
v -13.0879 		90.922 		0
v -11.2499 		91 		0
v 6.8871 		62.571 		53
v 7.0371 		62.624 		53
v 7.1711 		62.69 		53
v 7.2861 		62.767 		53
v 7.3781 		62.854 		53
v -9.2719 		64.567 		6.518
v 7.4451 		62.947 		53
v 7.4861 		63.046 		53
v -19.4119 		69.082 		9.982
v -15.8559 		87.443 		4.998
v -14.4279 		87.753 		4.998
v -12.9719 		87.94 		4.998
v -11.5019 		88.003 		4.998
v -19.5649 		70.5109 		10.6504
v -8.5839 		64.66 		6.518
v -19.5579 		68.991 		9.475
v -10.0309 		87.94 		4.998
v -19.7729 		69.642 		9.982
v -9.4119 		90.922 		0
v -7.5919 		90.688 		0
v -5.8069 		90.3 		0
v -4.0749 		89.763 		0
v -11.9319 		83.63 		10.372
v -19.9209 		70.4669 		10.406
v -2.4109 		89.081 		0
v -0.8329 		88.261 		0
v 0.6451 		87.311 		0
v -11.9015 		83.5849 		10.2933
v -11.8134 		83.5806 		10.2934
v -11.5944 		83.5702 		10.2935
v -8.5749 		87.753 		4.998
v -7.1469 		87.443 		4.998
v -20.3589 		70.5392 		6.8165
v -20.2549 		70.151 		7.025
v -20.3589 		70.3717 		7.025
v -20.3589 		70.1143 		8.8752
v -20.3589 		70.1026 		8.7916
v -20.3539 		70.105 		8.885
v -20.3589 		70.1156 		8.885
v -20.2549 		70.151 		9.475
v -20.3589 		70.3717 		9.475
v -20.3589 		70.1224 		8.9007
v -18.3129 		68.883 		9.756
v -18.0599 		68.7922 		10.6641
v -18.7949 		69.38 		9.756
v -20.3589 		70.5392 		9.6835
v -7.9059 		64.795 		6.518
v -5.7609 		87.013 		4.998
v -4.4299 		86.467 		4.998
v -19.9209 		70.201 		10.2286
v -7.8649 		64.634 		7.025
v -15.6779 		66.335 		10.617
v -19.2429 		69.904 		9.756
v -3.1679 		85.811 		4.998
v -15.5319 		66.568 		10.7
v -19.6529 		70.456 		9.756
v -19.7414 		70.6582 		10.0603
v -1.9849 		85.051 		4.998
v -0.8949 		84.193 		4.998
v -19.7573 		70.6178 		9.756
v 45.0031 		71.24 		45.003
v -11.1999 		87.19 		5.1
v -7.3369 		86.578 		5.1
v -11.1947 		83.549 		10.3047
v -3.8529 		84.803 		5.1
v -11.2231 		83.5507 		10.3022
v -8.8861 		66.0494 		6.4028
v -11.3288 		83.557 		10.2927
v -3.8529 		84.803 		5.6
v -15.0989 		66.032 		10.617
v -7.3369 		86.578 		5.6
v -19.6819 		68.913 		8.25
v -8.5686 		66.097 		6.3802
v -11.1999 		87.19 		5.6
v -8.6419 		66.0859 		6.3862
v -8.8444 		66.055 		6.4027
v -14.2749 		66.264 		10.617
v -19.6509 		68.933 		8.885
v -14.8399 		66.515 		10.617
v -14.3879 		66.015 		10.7
v -18.3399 		68.858 		8.74
v -14.9699 		66.274 		10.7
v -25.7439 		85.059 		0
v -24.5079 		86.24 		0
v -11.9327 		83.5848 		10.2905
v -18.8239 		69.356 		8.74
v -20.3539 		70.105 		7.615
v -20.3589 		70.1156 		7.615
v -20.3589 		70.1224 		7.5993
v -19.2719 		69.883 		8.74
v -22.1089 		84.193 		4.998
v -19.6839 		70.436 		8.74
v -20.3589 		70.1026 		7.7084
v -20.3589 		70.1143 		7.6248
v -21.0179 		85.051 		4.998
v -19.7697 		70.5862 		8.9965
v -19.8359 		85.811 		4.998
v -19.7697 		70.5862 		8.4835
v -18.5729 		86.467 		4.998
v -14.0891 		66.4197 		10.4132
v -17.2419 		87.013 		4.998
v -19.774 		70.5754 		8.74
v -20.3589 		70.0368 		8.25
v -18.5469 		84.803 		5.1
v -14.1221 		66.43 		10.415
v -14.1875 		66.4544 		10.4151
v -14.3055 		66.4991 		10.4219
v -9.0216 		66.031 		6.403
v -18.5469 		84.803 		5.6
v -10.4819 		83.531 		9.756
v 45.0031 		71.24 		34.998
v -19.0119 		68.545 		6.518
v -9.8733 		65.9504 		6.4168
v -9.6498 		65.9671 		6.4175
v -9.4365 		65.9828 		6.4178
v -15.0629 		86.578 		5.1
v -14.4999 		65.767 		10.617
v -19.1519 		68.444 		7.025
v -15.0629 		86.578 		5.6
v -11.9009 		83.644 		9.756
v -20.3589 		71.392 		10.372
v -4.8099 		84.274 		5.6
v -20.1679 		70.904 		10.372
v -5.7779 		84.854 		5.6
v -6.7979 		85.337 		5.6
v -7.8609 		85.717 		5.6
v -8.9559 		85.991 		5.6
v -10.0729 		86.157 		5.6
v -11.1999 		86.213 		5.6
v -11.1889 		83.61 		9.756
v -5.3079 		85.734 		5.6
v -4.2549 		85.103 		5.6
v -12.3269 		86.157 		5.6
v -9.2601 		65.9988 		6.4035
v -13.4439 		85.991 		5.6
v -14.5389 		85.717 		5.6
v -15.6019 		85.337 		5.6
v -16.6219 		84.854 		5.6
v -17.5899 		84.274 		5.6
v -19.1299 		84.373 		5.6
v -13.8849 		65.537 		10.617
v -18.1449 		85.103 		5.6
v -13.2559 		65.346 		10.617
v -17.0919 		85.734 		5.6
v -10.4759 		83.567 		8.74
v -11.1999 		87.21 		5.6
v -6.4159 		86.258 		5.6
v -9.9749 		87.15 		5.6
v -19.2409 		68.382 		7.615
v -8.7609 		86.97 		5.6
v -7.8855 		66.24 		6.3503
v -7.5709 		86.672 		5.6
v -7.9242 		66.2316 		6.3533
v -11.1859 		83.645 		8.74
v -14.8289 		86.672 		5.6
v -13.6389 		86.97 		5.6
v -12.4249 		87.15 		5.6
v -18.5769 		68.034 		6.518
v -15.9839 		86.258 		5.6
v -3.2699 		84.373 		5.6
v -18.7089 		67.925 		7.025
v -8.2336 		66.1641 		6.3782
v -8.2578 		66.1588 		6.3802
v -11.8999 		83.68 		8.74
v -9.5359 		83.291 		10.372
v -9.5583 		83.2885 		10.3583
v -9.5459 		83.2855 		10.3582
v -18.7929 		67.857 		7.615
v -18.2329 		67.434 		7.025
v -18.3109 		67.361 		7.615
v -9.7966 		83.3453 		10.3586
v -12.6139 		65.194 		10.617
v -18.1069 		67.55 		6.518
v -11.9629 		65.081 		10.617
v -7.8639 		66.155 		6.779
v -8.5539 		66.016 		6.779
v -12.5529 		65.459 		10.7
v -20.3589 		70.831 		10.0206
v -20.3589 		70.7785 		9.982
v -20.3589 		70.8013 		9.9988
v -20.3569 		71.628 		9.756
v -9.5203 		83.2793 		10.3599
v -9.3918 		83.2475 		10.372
v -9.5381 		83.2837 		10.3582
v -18.2009 		68.34 		5.883
v -8.8884 		83.1112 		10.3906
v -20.3589 		71.627 		9.6944
v -20.3589 		71.6317 		9.7498
v -20.3589 		71.635 		9.7661
v -18.4029 		68.175 		6.128
v -8.9513 		83.1307 		10.3872
v -20.3589 		71.6323 		9.756
v -9.1109 		83.1792 		10.3874
v -9.2509 		65.922 		6.779
v -17.7959 		66.895 		7.615
v -9.3569 		65.303 		5.8
v -20.3589 		71.5562 		8.74
v -9.3259 		65.033 		5.883
v -13.7899 		65.792 		10.7
v -9.2959 		64.783 		6.128
v -13.0989 		65.867 		10.617
v -9.3889 		65.572 		5.883
v -13.6939 		66.047 		10.617
v -17.7979 		68.417 		7.724
v -17.2529 		67.983 		7.724
v 3.4845 		74.742 		60
v -13.1779 		65.606 		10.7
v 3.4901 		75.1573 		55.003
v -20.3589 		71.627 		7.7856
v -8.7199 		65.389 		5.8
v -8.0919 		65.514 		5.8
v -7.9549 		83.867 		10.372
v -20.3569 		71.628 		7.724
v -12.4929 		65.723 		10.617
v -20.3589 		71.6317 		7.7303
v -16.6779 		67.583 		7.724
v -8.6709 		65.122 		5.883
v -8.0239 		65.25 		5.883
v -20.3589 		71.6323 		7.724
v -16.0789 		67.22 		7.724
v 3.4845 		74.742 		57.352
v -20.3589 		71.635 		7.714
v -8.6239 		64.874 		6.128
v -14.5952 		66.6089 		10.439
v -14.756 		66.6698 		10.4485
v 3.4991 		75 		60
v -17.0749 		66.674 		6.518
v -17.6059 		67.096 		6.518
v 3.4991 		75 		57.352
v -15.9129 		67.12 		10.617
v -9.0909 		83.246 		9.756
v -9.7819 		83.411 		9.756
v -17.7239 		66.973 		7.025
v -20.3589 		70.831 		6.4794
v -15.3869 		66.801 		10.617
v -20.3589 		70.7785 		6.518
v -20.3589 		70.8013 		6.5013
v -8.4129 		83.04 		9.756
v 9.9501 		81.995 		60
v 9.9501 		82.01 		60
v 9.4201 		82.036 		60
v -16.0154 		67.2866 		10.5427
v -16.0313 		67.2951 		10.5447
v -15.8543 		67.1998 		10.5226
v -15.9197 		67.235 		10.5307
v -20.2551 		71.6708 		6.779
v -20.2569 		71.674 		6.779
v -20.256 		71.673 		6.7775
v -20.2564 		71.6742 		6.7767
v -20.3589 		71.89 		6.779
v -24.7309 		81.129 		60
v -14.7783 		66.6783 		10.4511
v -7.9599 		65.006 		6.128
v -23.9739 		82.224 		60
v -15.0856 		66.817 		10.4702
v -17.7249 		68.495 		6.779
v -17.1849 		68.065 		6.779
v -20.3589 		71.9369 		6.6856
v -15.2665 		66.8986 		10.4812
v -15.3125 		66.9194 		10.4839
v -16.6159 		67.67 		6.779
v -15.5588 		67.0428 		10.5044
v -20.3589 		71.8364 		5.9968
v -20.3589 		71.9369 		5.9688
v -20.2855 		71.7488 		5.9566
v -20.3589 		71.5214 		6.0844
v -20.2148 		71.5675 		5.9449
v -20.1552 		71.4146 		5.9451
v -20.1679 		70.904 		6.128
v -20.3589 		71.392 		6.128
v 43.9931 		80.503 		53
v -16.7689 		67.044 		5.883
v -16.2359 		66.673 		5.883
v 43.9931 		78.5 		53
v -15.4157 		66.9668 		10.496
v -16.9329 		66.845 		6.128
v 36.5001 		80.503 		53
v -26.8399 		83.778 		60
v -27.7859 		82.41 		60
v -8.7699 		65.656 		5.883
v 43.6201 		78.5 		53
v -9.4179 		65.823 		6.128
v -16.4149 		67.47 		5.883
v -24.7309 		81.128 		55.003
v -19.9209 		70.3815 		10.372
v -19.9209 		70.349 		10.3481
v -23.9739 		82.223 		55.003
v -8.2229 		66.023 		6.128
v -19.9209 		70.3042 		10.3152
v -16.5919 		67.256 		5.8
v -24.7309 		81.129 		57.352
v -19.9259 		69.56 		9.475
v -23.9739 		82.224 		57.352
v -8.8169 		65.905 		6.128
v -19.9873 		71.1706 		10.617
v -19.9209 		71.001 		10.617
v -16.0739 		66.896 		5.8
v -20.0969 		70.223 		9.982
v -19.8919 		71.0122 		10.6261
v -19.9056 		71.0332 		10.6246
v -25.8569 		78.774 		60
v 42.5001 		63.06 		53
v -8.1589 		65.777 		5.883
v -20.0549 		69.49 		8.25
v -25.3609 		79.976 		60
v 42.5001 		77.94 		53
v -17.2759 		67.446 		5.883
v -20.0219 		69.508 		8.885
v -17.4529 		67.258 		6.128
v -28.5729 		80.969 		60
v -29.1929 		79.467 		60
v -25.8569 		78.773 		55.003
v -7.3069 		65.178 		10.372
v -16.199 		67.5847 		6.0904
v -25.8569 		78.774 		57.352
v -20.0219 		69.508 		7.615
v -9.7729 		83.445 		8.74
v -25.3609 		79.974 		55.003
v -6.6659 		65.391 		10.372
v -25.3609 		79.976 		57.352
v -19.9259 		69.56 		7.025
v -6.9623 		66.3723 		10.404
v -7.0544 		66.3413 		10.3988
v -7.1185 		66.3201 		10.3987
v -20.0969 		70.223 		6.518
v -19.9209 		70.349 		6.1519
v -19.9209 		70.3042 		6.1848
v -19.936 		71.0795 		10.6213
v -26.4299 		76.274 		60
v -17.3459 		68.258 		5.883
v -26.2139 		77.537 		60
v -29.6399 		77.92 		60
v -19.9209 		70.201 		6.2714
v -29.9099 		76.343 		60
v -17.5489 		68.069 		5.8
v -17.0849 		67.648 		5.8
v -7.1733 		66.302 		10.3986
v -9.0799 		83.281 		8.74
v -19.8377 		70.9292 		10.6301
v -19.9209 		70.6761 		6.0107
v -7.6168 		66.1824 		10.3735
v -19.9209 		70.3815 		6.128
v -17.9839 		68.517 		5.8
v -8.4009 		83.074 		8.74
v -7.6378 		66.1767 		10.3723
v -7.8545 		66.1195 		10.3724
v -7.8622 		66.1179 		10.372
v -19.9776 		70.9593 		9.756
v -20.0239 		71.031 		9.756
v -19.9662 		70.9301 		9.5837
v -19.842 		70.888 		10.406
v -11.1889 		83.61 		7.724
v -10.4819 		83.531 		7.724
v -20.0088 		71.0393 		9.9043
v -19.9579 		71.0675 		10.406
v -19.9209 		70.8139 		8.9052
v -11.9209 		65.349 		10.7
v -11.2829 		65.279 		10.7
v 43.6201 		62.5 		53
v -11.9009 		83.644 		7.724
v -17.0808 		68.1901 		6.0035
v -17.2615 		68.3366 		5.9918
v -19.9209 		70.8026 		8.74
v -20.0569 		71.013 		8.74
v -19.9209 		70.8139 		8.5748
v -11.2579 		65.548 		10.617
v 43.9981 		62.5 		45.003
v -17.424 		68.4713 		5.97
v -20.0239 		71.031 		7.724
v -26.4299 		76.272 		55.003
v -17.5892 		68.611 		5.9497
v -17.4461 		68.4897 		5.967
v -26.2139 		77.535 		55.003
v -6.0419 		65.642 		10.372
v -17.6032 		68.6229 		5.948
v -11.2319 		84.645 		10.372
v 43.9981 		62.5 		34.998
v -17.6187 		68.6375 		5.947
v -26.4299 		76.274 		57.352
v -26.2139 		77.537 		57.352
v -11.3069 		65.009 		10.617
v -11.9089 		84.677 		10.372
v -17.7529 		67.879 		5.883
v -17.9429 		67.702 		6.128
v -26.5019 		75 		60
v -26.4873 		74.742 		60
v -7.8299 		64.497 		8.25
v 42.5141 		62.972 		53
v 42.5551 		62.887 		53
v -29.9999 		74.75 		60
v -29.9994 		74.742 		60
v 42.6221 		62.806 		53
v -10.6409 		65.247 		10.7
v -7.8389 		64.532 		8.885
v 42.7141 		62.731 		53
v -19.9662 		70.9301 		7.8963
v -19.9776 		70.9593 		7.724
v 42.8281 		62.664 		53
v -17.6079 		68.618 		5.967
v -10.5579 		84.57 		10.372
v 42.9621 		62.607 		53
v -20.0088 		71.0393 		7.5757
v 43.1121 		62.561 		53
v -10.0109 		65.526 		10.617
v 43.2741 		62.527 		53
v -9.9979 		65.255 		10.7
v 43.4451 		62.507 		53
v -10.6349 		65.517 		10.617
v -10.5249 		84.784 		9.982
v -19.9842 		70.9761 		5.9458
v -11.2129 		84.86 		9.982
v -19.9209 		70.8138 		5.9566
v -10.4979 		84.949 		9.475
v -11.1989 		85.026 		9.475
v -20.3589 		71.9369 		10.406
v -7.1859 		64.813 		9.475
v -26.5014 		75.0239 		55.003
v -11.9049 		84.894 		9.982
v -16.7794 		67.9709 		6.0406
v -16.6204 		67.8578 		6.0503
v -7.2389 		64.971 		9.982
v -26.5019 		75 		57.352
v -16.8939 		67.85 		5.883
v -9.9859 		64.985 		10.617
v -16.5277 		67.792 		6.056
v -16.5871 		67.8341 		6.0523
v -6.5849 		65.189 		9.982
v -10.6459 		64.976 		10.617
v -5.8719 		65.293 		9.475
v -6.5199 		65.033 		9.475
v -26.4873 		74.742 		57.352
v -16.2793 		67.6345 		6.0855
v -26.5149 		75.019 		55.003
v -27.2701 		74.742 		57.278
v -17.0295 		68.1528 		6.0098
v -9.9344 		83.2459 		6.3724
v -5.9459 		65.445 		9.982
v -11.8789 		65.617 		10.617
v -10.1492 		83.2865 		6.3907
v -10.1566 		83.2879 		6.3913
v -11.8989 		85.201 		8.25
v -10.5568 		83.355 		6.3949
v -23.0969 		83.248 		60
v -11.1859 		85.166 		8.25
v -11.1889 		85.13 		8.885
v -10.4819 		85.052 		8.885
v -10.4759 		85.087 		8.25
v -23.0969 		83.248 		55.003
v -23.0969 		83.248 		57.352
v 43.4451 		78.493 		53
v 43.2741 		78.473 		53
v 43.1121 		78.439 		53
v 42.9621 		78.393 		53
v -11.2519 		82.253 		57.352
v 42.8281 		78.336 		53
v -13.5699 		81.885 		57.352
v 42.7141 		78.269 		53
v 42.6221 		78.194 		53
v 42.5551 		78.113 		53
v 42.5141 		78.028 		53
v -11.2519 		82.253 		56.2
v -13.5699 		81.885 		56.2
v -11.9009 		85.165 		8.885
v -10.5108 		83.3492 		6.3912
v -20.3589 		74.66 		10.406
v -19.6509 		68.933 		7.615
v -11.9019 		85.06 		9.475
v -19.9209 		70.201 		10.406
v -10.9125 		83.3974 		6.4106
v -6.4789 		66.456 		9.756
v -10.7465 		83.3791 		6.4107
v -18.3129 		68.883 		7.724
v -7.1509 		66.234 		9.756
v -10.8931 		83.3952 		6.4107
v -18.7949 		69.38 		7.724
v -8.9339 		81.885 		57.352
v -8.9339 		81.885 		56.2
v -11.9349 		83.4665 		6.4233
v -7.8369 		66.053 		9.756
v -12.5649 		78.793 		55.003
v -19.7414 		70.6582 		7.4197
v -19.6529 		70.456 		7.724
v -19.7573 		70.6178 		7.724
v -12.5649 		78.793 		56.2
v -19.2429 		69.904 		7.724
v 7.5001 		80.353 		7
v -11.2519 		79.001 		55.003
v -11.2057 		83.4297 		6.4107
v -17.3199 		79.16 		57.352
v -15.6609 		80.82 		57.352
v -7.1409 		64.679 		8.25
v -7.1519 		64.713 		8.885
v -9.3569 		65.303 		10.7
v -19.4119 		69.082 		6.518
v -17.3199 		79.16 		56.2
v 7.4861 		80.454 		7
v -15.6609 		80.82 		56.2
v 7.4658 		80.503 		7
v -11.2519 		79.001 		56.2
v -19.5579 		68.991 		7.025
v -9.3889 		65.572 		10.617
v -6.4669 		64.902 		8.25
v -5.8249 		65.199 		8.885
v -6.4809 		64.935 		8.885
v -9.3259 		65.033 		10.617
v -19.7729 		69.642 		6.518
v -5.1839 		79.16 		57.352
v -8.6709 		65.122 		10.617
v -8.7199 		65.389 		10.7
v -2.2029 		78.011 		10.372
v -2.3939 		78.497 		10.372
v -5.1839 		79.16 		56.2
v -8.0919 		65.514 		10.7
v -6.4659 		66.423 		8.74
v -9.9389 		78.793 		55.003
v -11.9032 		83.4663 		6.4207
v -11.4899 		83.4458 		6.4212
v -7.1399 		66.2 		8.74
v -6.8429 		80.82 		57.352
v -11.51 		83.4468 		6.4212
v -6.8429 		80.82 		56.2
v -11.3392 		83.4385 		6.4214
v -18.2349 		68.956 		6.779
v -9.9389 		78.793 		56.2
v -8.0239 		65.25 		10.617
v -7.8289 		66.018 		8.74
v -2.2049 		77.773 		9.756
v -18.7109 		69.448 		6.779
v -2.2029 		77.7739 		9.6962
v -3.7532 		74.742 		57.278
v -2.2029 		77.7693 		9.7498
v -3.7532 		74.742 		57.352
v -2.2029 		77.7687 		9.756
v -2.2029 		77.766 		9.7661
v -4.1189 		77.068 		57.352
v -3.7519 		74.75 		57.352
v -8.7699 		65.656 		10.617
v -4.1189 		77.068 		56.2
v -8.1589 		65.777 		10.617
v -3.7519 		74.75 		56.2
v -19.886 		70.2899 		6.1442
v -5.4349 		65.93 		10.372
v -8.7539 		78.189 		55.003
v -7.8139 		77.249 		55.003
v -9.8909 		84.454 		10.372
v -7.2099 		76.064 		55.003
v -7.0019 		74.75 		55.003
v -2.2029 		78.5696 		10.0223
v -2.2029 		78.863 		9.6846
v 43.9981 		71.24 		45.003
v -19.1539 		69.967 		6.779
v -8.7539 		78.189 		56.2
v -2.2029 		78.6246 		9.982
v -7.8139 		77.249 		56.2
v -19.5599 		70.514 		6.779
v -7.2099 		76.064 		56.2
v -7.0019 		74.75 		56.2
v -2.2029 		78.6007 		9.9996
v -4.8499 		66.255 		10.372
v -8.5869 		84.102 		10.372
v -15.2939 		76.064 		55.003
v -14.6909 		77.249 		55.003
v -13.7499 		78.189 		55.003
v -18.3849 		77.068 		57.352
v -19.2209 		69.201 		6.128
v -18.8299 		68.676 		6.128
v -18.3849 		77.068 		56.2
v -15.2939 		76.064 		56.2
v -2.552 		78.3617 		9.9043
v -2.583 		78.4413 		9.756
v -14.6909 		77.249 		56.2
v -2.5369 		78.37 		9.756
v -9.2319 		84.298 		10.372
v -13.7499 		78.189 		56.2
v -2.5942 		78.47 		9.5853
v -7.3869 		65.419 		10.617
v -4.3546 		66.5732 		10.372
v -15.5019 		74.75 		55.003
v -18.7516 		74.742 		57.278
v -6.8649 		65.879 		10.7
v -7.4729 		65.678 		10.7
v -6.9689 		66.132 		10.617
v -18.7516 		74.742 		57.352
v -7.8639 		84.066 		9.982
v -18.7529 		74.75 		57.352
v -7.5579 		65.936 		10.617
v -8.5089 		84.307 		9.982
v -18.7529 		74.75 		56.2
v -2.6399 		78.5871 		8.8972
v -8.4509 		84.462 		9.475
v -15.5019 		74.75 		56.2
v -18.6159 		68.828 		5.883
v -2.2029 		77.8466 		8.74
v -18.2068 		69.217 		5.883
v -18.1599 		69.154 		5.883
v -24.9272 		68.879 		55.003
v -24.9499 		70.718 		55.003
v -5.2419 		65.594 		9.475
v -18.4968 		69.5238 		5.8684
v -5.3259 		65.739 		9.982
v -24.4889 		68.215 		55.003
v -24.4889 		68.215 		57.278
v -9.1699 		84.506 		9.982
v -18.3889 		68.991 		5.8
v -9.1219 		84.667 		9.475
v -26.1429 		71.025 		57.278
v -25.3919 		69.583 		57.278
v -2.6399 		78.5978 		8.74
v -2.5039 		78.388 		8.74
v -18.7589 		69.489 		5.8
v -18.6203 		69.6646 		5.8624
v -18.5715 		69.6058 		5.8651
v -2.6399 		78.5871 		8.5828
v -9.8059 		84.829 		9.475
v -27.1609 		74.074 		57.278
v -26.7339 		72.527 		57.278
v -4.6339 		65.931 		9.475
v -9.8419 		84.667 		9.982
v -4.7279 		66.072 		9.982
v -18.5498 		69.5799 		5.8657
v -6.7619 		65.626 		10.617
v -11.1989 		83.505 		6.779
v -18.9979 		69.339 		5.883
v -6.1539 		65.87 		10.617
v -6.2739 		66.116 		10.7
v -22.2629 		65.751 		55.003
v -23.4419 		66.933 		55.003
v -10.4979 		83.428 		6.779
v -23.4419 		66.933 		57.278
v -22.2629 		65.751 		57.278
v -8.4009 		84.595 		8.25
v -8.4129 		84.561 		8.885
v -18.1536 		69.1585 		5.8902
v -11.9019 		83.54 		6.779
v -8.4119 		61.0438 		55.003
v -9.6059 		60.99 		55.003
v -8.4119 		60.99 		55.003
v -2.2049 		77.773 		7.724
v -2.2029 		77.7739 		7.7838
v -18.145 		69.1493 		5.8908
v -2.5369 		78.37 		7.724
v -11.9319 		83.63 		6.128
v -2.5942 		78.47 		7.8948
v -2.583 		78.4413 		7.724
v -10.1249 		83.431 		6.128
v -18.1089 		69.073 		5.967
v -9.0809 		84.802 		8.25
v -18.5779 		69.557 		5.967
v -2.552 		78.3617 		7.5757
v -10.7219 		83.535 		6.128
v -6.3939 		66.362 		10.617
v -2.2029 		77.7693 		7.7303
v -9.7739 		84.966 		8.25
v -6.6047 		66.493 		10.4243
v -9.0919 		84.767 		8.885
v -2.2029 		77.766 		7.714
v -11.3249 		83.601 		6.128
v -2.2029 		77.7687 		7.724
v -19.3682 		70.6335 		5.8177
v -9.7819 		84.931 		8.885
v -6.5074 		66.5259 		10.4297
v -19.3939 		70.546 		5.8
v -19.3277 		70.5769 		5.8214
v -10.6819 		83.784 		5.883
v -10.0689 		83.678 		5.883
v -19.3429 		69.874 		5.883
v -11.3029 		83.853 		5.883
v 43.9981 		71.24 		34.998
v -19.6519 		70.428 		5.883
v -6.4795 		66.5371 		10.4297
v -11.9259 		83.884 		5.883
v -2.3039 		77.727 		6.779
v -2.3057 		77.7302 		6.779
v -2.3048 		77.728 		6.7775
v -19.5739 		69.75 		6.128
v -2.3043 		77.7268 		6.7767
v -2.2029 		77.5123 		6.779
v -19.7499 		70.6367 		5.883
v -2.2029 		77.4666 		6.6883
v -4.1956 		66.4142 		9.982
v -4.1871 		66.4057 		9.9469
v -19.784 		70.5498 		5.9457
v -19.8715 		70.3269 		6.1081
v -4.0732 		66.2916 		9.475
v -4.0704 		66.2888 		9.4531
v -10.0079 		83.942 		5.8
v -19.8815 		70.3012 		6.128
v -11.1989 		85.026 		7.025
v -11.9049 		84.894 		6.518
v -9.6059 		60.99 		57.278
v -8.4119 		61.0438 		57.278
v -4.208 		66.4265 		10.0123
v -8.4119 		60.99 		57.278
v -11.2129 		84.86 		6.518
v -13.0979 		61.303 		55.003
v -14.8019 		61.69 		55.003
v -14.8019 		61.69 		57.278
v -13.0979 		61.303 		57.278
v -5.5619 		66.152 		10.617
v -11.3599 		61.069 		55.003
v -11.3599 		61.069 		57.278
v -19.4139 		70.605 		5.967
v -2.2029 		78.5696 		6.4777
v -5.6989 		66.39 		10.7
v -2.2029 		78.6007 		6.5005
v -2.2029 		78.863 		6.8154
v -2.2029 		78.6246 		6.518
v -4.9919 		66.469 		10.617
v -16.4559 		62.228 		55.003
v -16.4559 		62.228 		57.278
v -10.5249 		84.784 		6.518
v -10.4979 		84.949 		7.025
v -18.8132 		69.8965 		5.8518
v -18.0429 		62.91 		55.003
v -19.5499 		63.73 		55.003
v -19.5499 		63.73 		57.278
v -18.0429 		62.91 		57.278
v -19.0949 		70.008 		5.8
v -2.2029 		77.5652 		5.9965
v -2.2029 		77.4666 		5.9689
v -2.275 		77.6516 		5.9569
v -2.3459 		77.8335 		5.9449
v -19.1122 		70.2799 		5.8343
v -4.1189 		72.432 		57.278
v -5.1839 		70.34 		57.278
v -18.9643 		70.0783 		5.8435
v -5.8359 		66.628 		10.617
v -2.2029 		77.8793 		6.0835
v -2.4058 		77.987 		5.9453
v -2.5766 		78.4249 		5.946
v -2.3939 		78.497 		6.128
v -4.1189 		72.432 		56.2
v -5.1839 		70.34 		56.2
v -5.9164 		66.7677 		10.4629
v -6.1041 		66.6909 		10.4519
v -18.9774 		70.0941 		5.8424
v -19.0572 		70.204 		5.8376
v -5.8099 		65.167 		8.25
v -5.1709 		65.47 		8.25
v -6.326 		66.6001 		10.4387
v -8.7539 		71.311 		55.003
v -9.9389 		70.707 		55.003
v -7.2099 		73.436 		55.003
v -7.8139 		72.251 		55.003
v -5.8586 		66.7917 		10.4696
v -9.7819 		83.411 		7.724
v -19.0139 		70.068 		5.967
v -8.9339 		67.615 		57.278
v -9.0909 		83.246 		7.724
v -8.9339 		67.615 		56.2
v -2.2029 		78.011 		6.128
v -8.7539 		71.311 		56.2
v -9.9389 		70.707 		56.2
v -2.6399 		78.7239 		6.0112
v -8.4129 		83.04 		7.724
v -2.6399 		78.5871 		5.9571
v -6.8429 		68.68 		57.278
v -5.2499 		67.469 		10.6
v -2.2029 		77.4666 		10.406
v -9.8238 		83.225 		6.3631
v -9.5732 		83.1657 		6.363
v -5.2969 		66.928 		10.617
v -11.1889 		85.13 		7.615
v -11.9009 		85.165 		7.615
v -11.9019 		85.06 		7.025
v -17.7679 		68.694 		5.883
v -4.9514 		67.1703 		10.6
v -4.8257 		67.2508 		10.6
v -9.496 		83.146 		6.3565
v -5.0046 		67.2236 		10.5297
v -5.0006 		67.2195 		10.5351
v -9.2655 		83.0868 		6.3381
v -5.6206 		66.9069 		10.4838
v -5.7093 		66.864 		10.4785
v -9.1481 		83.0567 		6.3288
v -8.9965 		83.0109 		6.3289
v -17.8025 		68.8124 		5.9304
v -5.3655 		67.0303 		10.4994
v -18.0898 		69.0907 		5.8945
v -5.1899 		65.502 		8.885
v -10.4819 		85.052 		7.615
v -17.7203 		68.7328 		5.9407
v -5.0171 		67.2166 		10.5289
v -6.8429 		68.68 		56.2
v -7.2099 		73.436 		56.2
v -9.8049 		83.308 		6.779
v -7.8139 		72.251 		56.2
v -9.1209 		83.146 		6.779
v -12.5649 		70.707 		55.003
v -13.7499 		71.311 		55.003
v -14.6909 		72.251 		55.003
v -15.2939 		73.436 		55.003
v -14.6059 		65.534 		10.372
v -2.2029 		74.741 		10.406
v -20.9609 		64.68 		55.003
v -13.5699 		67.615 		57.278
v -15.6609 		68.68 		57.278
v -4.5559 		65.813 		8.25
v -4.5759 		65.843 		8.885
v -17.3199 		70.34 		57.278
v -18.3849 		72.432 		57.278
v -9.5359 		83.291 		6.128
v -20.9609 		64.68 		57.278
v -8.9569 		83.116 		6.128
v -15.8139 		66.118 		10.372
v -5.1143 		67.1619 		10.5228
v -5.2297 		67.097 		10.5157
v -13.5699 		67.615 		56.2
v -15.6609 		68.68 		56.2
v -17.3199 		70.34 		56.2
v -18.3849 		72.432 		56.2
v -12.5649 		70.707 		56.2
v -13.7499 		71.311 		56.2
v -14.6909 		72.251 		56.2
v -15.2939 		73.436 		56.2
v -2.8197 		78.742 		10.0615
v -3.9961 		66.2145 		8.885
v -3.9707 		66.1891 		8.2571
v -2.8037 		78.7825 		9.756
v -3.9704 		66.1888 		8.25
v -11.2789 		84.122 		5.8
v -2.7914 		78.814 		8.9978
v -3.9707 		66.1891 		8.2429
v -11.9199 		84.154 		5.8
v -11.2519 		70.499 		55.003
v -11.2519 		67.248 		57.278
v -7.8389 		64.532 		7.615
v -2.7914 		78.814 		8.4822
v -11.2519 		67.248 		56.2
v -2.7871 		78.8249 		8.74
v -11.2519 		70.499 		56.2
v -2.8197 		78.742 		7.4185
v -2.8037 		78.7825 		7.724
v -2.853 		78.657 		6.779
v -15.2209 		65.807 		10.372
v -2.8112 		78.7635 		5.883
v -5.1449 		66.698 		10.7
v -2.7771 		78.8505 		5.9461
v -11.9149 		84.425 		5.883
v -11.2539 		84.392 		5.883
v -9.4619 		83.534 		5.883
v 13.5001 		82 		37.042
v 13.5001 		84 		37.042
v -11.9089 		84.677 		6.128
v -9.3839 		83.795 		5.8
v -11.2319 		84.645 		6.128
v -8.0609 		83.634 		5.883
v -7.9549 		83.867 		6.128
v -4.7799 		67.259 		10.617
v 25.0001 		81.995 		26.498
v -4.6119 		67.04 		10.7
v 26.0821 		81.995 		26.669
v 27.0591 		81.995 		27.166
v 27.8341 		81.995 		27.941
v 28.3311 		81.995 		28.918
v 28.5021 		81.995 		30
v 28.3311 		81.995 		31.082
v 27.8341 		81.995 		32.059
v -4.1049 		67.413 		10.7
v -10.6399 		84.052 		5.8
v -8.8669 		83.354 		5.883
v 22.1661 		81.995 		32.059
v -8.2859 		83.137 		5.883
v 21.6691 		81.995 		31.082
v -10.5979 		84.32 		5.883
v -2.6399 		79.0193 		10.372
v 21.4971 		81.995 		30
v 21.6691 		81.995 		28.918
v 22.1661 		81.995 		27.941
v 22.9411 		81.995 		27.166
v 23.9181 		81.995 		26.669
v -2.6399 		79.052 		10.3481
v -2.6399 		79.0968 		10.3152
v 27.0591 		81.995 		32.834
v 26.0821 		81.995 		33.331
v -9.9469 		84.207 		5.883
v 25.0001 		81.995 		33.503
v -8.7709 		83.609 		5.8
v 23.9181 		81.995 		33.331
v -8.1739 		83.386 		5.8
v -2.3059 		79.25 		9.475
v -2.2029 		79.0314 		9.475
v -15.9309 		65.932 		9.982
v -7.1519 		64.713 		7.615
v -2.4639 		79.178 		9.982
v 22.9411 		81.995 		32.834
v -16.0209 		65.789 		9.475
v -6.4809 		64.935 		7.615
v -15.4039 		65.466 		9.475
v -8.6759 		83.864 		5.883
v 26.0821 		80.503 		26.669
v 25.0001 		80.503 		26.498
v 27.0591 		80.503 		27.166
v 27.8341 		80.503 		27.941
v -5.8249 		65.199 		7.615
v 28.3311 		80.503 		28.918
v 28.5021 		80.503 		30
v 28.3311 		80.503 		31.082
v 27.8341 		80.503 		32.059
v 22.1661 		80.503 		32.059
v 21.6691 		80.503 		31.082
v -2.6359 		79.841 		9.475
v 21.4971 		80.503 		30
v 21.6691 		80.503 		28.918
v 22.1661 		80.503 		27.941
v 22.9411 		80.503 		27.166
v 23.9181 		80.503 		26.669
v -6.4789 		66.456 		7.724
v 27.0591 		80.503 		32.834
v 26.0821 		80.503 		33.331
v 25.0001 		80.503 		33.503
v 23.9181 		80.503 		33.331
v -2.6399 		79.2 		10.2286
v 22.9411 		80.503 		32.834
v -7.1509 		66.234 		7.724
v -15.3249 		65.615 		9.982
v 36.5001 		62.5 		53
v -4.332 		67.611 		10.6
v -2.2029 		79.2875 		8.885
v -2.2029 		79.2886 		8.8772
v -2.2069 		79.296 		8.885
v -2.2029 		79.2821 		8.8976
v -4.7908 		67.2732 		10.6
v -2.5059 		79.911 		8.25
v -6.1749 		82.936 		10.372
v -10.5579 		84.57 		6.128
v -7.8369 		66.053 		7.724
v -4.4449 		66.821 		10.617
v -3.9229 		67.204 		10.617
v -8.4129 		84.561 		7.615
v -2.2029 		79.2979 		8.808
v -4.434 		66.8068 		10.6
v -4.473 		66.7817 		10.6
v -4.5278 		66.7465 		10.6
v -2.2029 		79.3643 		8.25
v -4.5105 		66.7292 		10.5773
v -2.5389 		79.893 		8.885
v -9.0919 		84.767 		7.615
v -7.2389 		64.971 		6.518
v -14.7669 		65.182 		9.475
v -14.6969 		65.335 		9.982
v -9.7819 		84.931 		7.615
v -7.1859 		64.813 		7.025
v -3.9111 		67.1905 		10.6
v -4.3969 		66.8341 		10.6
v -6.5199 		65.033 		7.025
v -2.2069 		79.296 		7.615
v -2.2029 		79.2875 		7.615
v -2.2029 		79.2821 		7.6025
v -7.8639 		84.066 		6.518
v -2.2029 		79.2886 		7.6228
v 27.0591 		82 		32.921
v -14.0519 		65.094 		9.982
v -2.2029 		79.2979 		7.692
v 26.0821 		82 		33.419
v -4.2869 		67.622 		10.617
v -2.5389 		79.893 		7.615
v -14.1099 		64.939 		9.475
v -8.5089 		84.307 		6.518
v 25.0001 		82 		33.59
v -6.5849 		65.189 		6.518
v -4.0769 		67.7978 		10.617
v -8.4509 		84.462 		7.025
v -5.9459 		65.445 		6.518
v -5.8719 		65.293 		7.025
v -4.2987 		67.6355 		10.6
v -4.2086 		67.7108 		10.6
v -4.097 		67.7846 		10.6144
v -9.1219 		84.667 		7.025
v 23.9181 		82 		33.419
v 22.9411 		82 		32.921
v -2.6399 		79.052 		6.1519
v -7.7509 		82.794 		9.756
v -2.4639 		79.178 		6.518
v 25.0001 		82 		48.663
v -9.1699 		84.506 		6.518
v -3.8036 		67.9967 		10.6239
v 21.4461 		82 		48.094
v 18.2401 		82 		46.443
v 15.6961 		82 		43.872
v 14.0631 		82 		40.633
v -2.3059 		79.25 		7.025
v -2.2029 		79.0314 		7.025
v -3.8406 		67.9694 		10.623
v 35.9371 		82 		40.633
v 34.3041 		82 		43.872
v 31.7601 		82 		46.443
v 28.5541 		82 		48.094
v -2.6399 		79.0968 		6.1848
v -14.1479 		66.361 		9.756
v -2.6399 		79.2 		6.2714
v -3.8017 		67.9948 		10.6
v -9.8419 		84.667 		6.518
v -2.6359 		79.841 		7.025
v 26.0821 		82 		26.756
v 25.0001 		82 		26.585
v 27.0591 		82 		27.254
v 27.8341 		82 		28.029
v -7.1059 		82.507 		9.756
v 28.3311 		82 		29.005
v -9.8059 		84.829 		7.025
v 28.5021 		82 		30.088
v -4.0431 		67.8197 		10.6185
v 28.3311 		82 		31.17
v 27.8341 		82 		32.146
v 22.1661 		82 		32.146
v 21.6691 		82 		31.17
v 21.4971 		82 		30.088
v -4.105 		67.7775 		10.6
v 21.6691 		82 		29.005
v -4.0418 		67.818 		10.6
v -2.6399 		79.0193 		6.128
v -15.4719 		65.342 		8.25
v -15.4539 		65.373 		8.885
v -2.6399 		79.2 		10.406
v -6.4819 		82.181 		9.756
v 22.1661 		82 		28.029
v 22.9411 		82 		27.254
v 23.9181 		82 		26.756
v 40.5461 		82.036 		60
v 40.0661 		82.0125 		60
v 40.0661 		81.995 		60
v 41.5171 		82.18 		60
v 42.4691 		82.418 		60
v 43.3931 		82.749 		60
v 44.2811 		83.169 		60
v 14.0631 		84 		40.633
v 15.6961 		84 		43.872
v 18.2401 		84 		46.443
v 18.9971 		82.498 		46.8328
v -7.7349 		82.826 		8.74
v 18.9971 		83.003 		46.8328
v 21.4461 		82.498 		48.094
v 21.4461 		83.003 		48.094
v -8.5869 		84.102 		6.128
v 21.4461 		84 		48.094
v 25.0001 		82.498 		48.663
v -6.7606 		66.5823 		6.283
v 25.0001 		83.003 		48.663
v 25.0001 		84 		48.663
v -2.6893 		79.0741 		10.3918
v -7.0889 		82.538 		8.74
v -9.2319 		84.298 		6.128
v -2.6748 		79.1111 		10.3558
v 28.5541 		82.498 		48.094
v 28.5541 		83.003 		48.094
v -2.6792 		79.0998 		10.372
v 28.5541 		84 		48.094
v 31.0031 		83.003 		46.8328
v 31.0031 		82.498 		46.8328
v -9.3049 		84.055 		5.883
v 31.7601 		84 		46.443
v -6.4629 		82.211 		8.74
v -7.1034 		66.462 		6.3114
v -6.8205 		66.5613 		6.2881
v -2.7879 		79.759 		9.982
v 34.3041 		84 		43.872
v 35.9371 		84 		40.633
v -9.8909 		84.454 		6.128
v 27.0591 		83.003 		32.921
v 27.0591 		84 		32.921
v 26.0821 		83.003 		33.419
v 26.0821 		84 		33.419
v -3.8609 		68.88 		10.6
v -7.6767 		66.295 		6.3504
v -7.5229 		66.3383 		6.3374
v -7.3886 		66.376 		6.326
v -3.8499 		68.869 		10.6
v 25.0001 		83.003 		33.59
v 25.0001 		84 		33.59
v -5.6279 		82.556 		10.372
v 23.9181 		83.003 		33.419
v 23.9181 		84 		33.419
v 22.9411 		83.003 		32.921
v 22.9411 		84 		32.921
v -7.2144 		66.425 		6.3111
v -3.0669 		66.577 		10.6
v -3.744 		65.9623 		10.6
v 79.6401 		77.92 		0
v 79.9101 		76.343 		0
v 80.0001 		74.75 		0
v 79.9997 		74.742 		0
v 27.0591 		82.498 		32.921
v -7.7949 		84.219 		9.475
v 73.1451 		87.311 		0
v 74.5081 		86.24 		0
v 75.7441 		85.059 		0
v -14.8249 		65.054 		8.25
v 26.0821 		82.498 		33.419
v -14.8099 		65.086 		8.885
v 66.6931 		90.3 		0
v 68.4251 		89.763 		0
v 70.0891 		89.081 		0
v 71.6671 		88.261 		0
v 76.8401 		83.778 		0
v 25.0001 		82.498 		33.59
v 77.7861 		82.41 		0
v 78.5731 		80.969 		0
v 79.1931 		79.467 		0
v 66.4551 		62.228 		4.998
v 23.9181 		82.498 		33.419
v 66.4551 		62.228 		2.722
v 22.9411 		82.498 		32.921
v -3.6229 		67.816 		10.7
v -3.6229 		67.816 		10.6
v -3.4283 		67.6204 		10.6
v -3.4142 		67.6063 		10.6
v -7.0899 		84.059 		8.25
v -7.1069 		84.028 		8.885
v -3.4269 		67.619 		10.617
v 74.9274 		68.8805 		4.998
v 74.9514 		70.8232 		4.998
v -14.1599 		64.806 		8.25
v -14.1479 		64.84 		8.885
v -6.5189 		66.554 		6.779
v 31.0031 		83.003 		32.768
v -3.4495 		67.5767 		10.6
v 68.0431 		62.91 		4.998
v 69.5501 		63.73 		4.998
v 70.9611 		64.68 		4.998
v 72.2621 		65.751 		4.998
v 73.4421 		66.933 		4.998
v 74.4881 		68.215 		4.998
v -7.7359 		84.347 		8.25
v -7.7509 		84.315 		8.885
v 65.0001 		74.75 		4.998
v 25.0001 		83.003 		26.585
v 26.0821 		83.003 		26.756
v 26.0821 		84 		26.756
v 25.0001 		84 		26.585
v 27.0591 		83.003 		27.254
v 27.0591 		84 		27.254
v 74.4881 		68.215 		2.722
v 73.4421 		66.933 		2.722
v 72.2621 		65.751 		2.722
v 70.9611 		64.68 		2.722
v 69.5501 		63.73 		2.722
v 68.0431 		62.91 		2.722
v -7.1839 		66.334 		6.779
v 27.8341 		83.003 		28.029
v 27.8341 		84 		28.029
v 28.3311 		83.003 		29.005
v 28.3311 		84 		29.005
v 28.5021 		83.003 		30.088
v 28.5021 		84 		30.088
v 28.3311 		83.003 		31.17
v 28.3311 		84 		31.17
v 27.8341 		83.003 		32.146
v 27.8341 		84 		32.146
v -7.1069 		84.028 		7.615
v 75.8571 		78.773 		4.998
v -7.3869 		65.419 		5.883
v 76.2141 		77.535 		4.998
v -7.7509 		84.315 		7.615
v 22.1661 		83.003 		32.146
v -7.3069 		65.178 		6.128
v 22.1661 		84 		32.146
v 76.4301 		76.272 		4.998
v 21.6691 		83.003 		31.17
v 21.6691 		84 		31.17
v 76.5031 		74.998 		4.998
v 76.4705 		74.998 		4.998
v -5.1079 		82.143 		10.372
v -6.6659 		65.391 		6.128
v -14.8259 		66.575 		8.74
v -2.7879 		79.759 		6.518
v -2.6748 		79.1111 		6.1442
v -14.1609 		66.327 		8.74
v -6.9689 		66.132 		5.883
v -5.3779 		82.858 		9.475
v -5.4859 		82.727 		9.982
v -7.5579 		65.936 		5.883
v 21.4971 		83.003 		30.088
v 21.4971 		84 		30.088
v 76.1421 		71.025 		2.722
v 75.3911 		69.583 		2.722
v 21.6691 		83.003 		29.005
v 21.6691 		84 		29.005
v 22.1661 		83.003 		28.029
v 22.1661 		84 		28.029
v -7.7949 		84.219 		7.025
v -7.0649 		66.367 		6.128
v 22.9411 		83.003 		27.254
v 22.9411 		84 		27.254
v -7.6379 		66.177 		6.128
v 23.9181 		83.003 		26.756
v 23.9181 		84 		26.756
v 77.2703 		74.742 		2.722
v 77.1611 		74.074 		2.722
v 76.7341 		72.527 		2.722
v -13.9739 		65.299 		10.372
v 26.0821 		82.498 		26.756
v 25.0001 		82.498 		26.585
v 27.0591 		82.498 		27.254
v 27.8341 		82.498 		28.029
v 28.3311 		82.498 		29.005
v -13.3289 		65.103 		10.372
v 28.5021 		82.498 		30.088
v -6.8649 		65.879 		5.8
v 28.3311 		82.498 		31.17
v 27.8341 		82.498 		32.146
v -7.4729 		65.678 		5.8
v -12.6709 		64.947 		10.372
v -12.0029 		64.831 		10.372
v 22.1661 		82.498 		32.146
v 21.6691 		82.498 		31.17
v 21.4971 		82.498 		30.088
v -13.0249 		66.11 		10.372
v -13.0025 		66.1125 		10.3583
v -13.0149 		66.1155 		10.3582
v -4.3899 		74.741 		10.406
v -4.9549 		82.305 		9.982
v -13.0404 		66.1217 		10.3599
v -13.1689 		66.1535 		10.372
v -4.8379 		82.428 		9.475
v -13.0227 		66.1173 		10.3582
v -13.6724 		66.2898 		10.3906
v -13.6095 		66.2703 		10.3872
v 71.0181 		85.051 		4.998
v -6.7619 		65.626 		5.883
v 72.1091 		84.193 		4.998
v -6.2739 		66.116 		5.8
v -14.0269 		85.008 		8.885
v 73.0971 		83.248 		4.998
v 73.9741 		82.223 		4.998
v 21.6691 		82.498 		29.005
v 74.7311 		81.128 		4.998
v 22.1661 		82.498 		28.029
v -2.6893 		79.0741 		6.1082
v 75.3611 		79.974 		4.998
v 22.9411 		82.498 		27.254
v -18.1709 		74.66 		10.406
v -6.1539 		65.87 		5.883
v 23.9181 		82.498 		26.756
v 65.8561 		87.443 		4.998
v -2.6792 		79.0998 		6.128
v 1.7281 		81.128 		4.998
v 67.2421 		87.013 		4.998
v 68.5731 		86.467 		4.998
v -14.0329 		85.043 		8.25
v 69.8361 		85.811 		4.998
v 2.3571 		79.974 		4.998
v 2.8531 		78.773 		4.998
v -13.2649 		84.618 		10.372
v 3.2111 		77.535 		4.998
v 3.4271 		76.272 		4.998
v 61.2501 		91 		0
v -13.9369 		84.527 		10.372
v -4.2499 		82.04 		8.885
v -4.2229 		82.065 		8.25
v 63.0881 		90.922 		0
v 64.9081 		90.688 		0
v 61.2501 		78.5 		4.998
v -4.7389 		82.533 		8.25
v -5.2859 		82.968 		8.25
v 61.5021 		88.003 		4.998
v -4.7649 		82.506 		8.885
v -12.5879 		84.669 		10.372
v -5.3099 		82.939 		8.885
v 62.9721 		87.94 		4.998
v 64.4281 		87.753 		4.998
v -7.1059 		82.507 		7.724
v -7.7509 		82.794 		7.724
v -13.0979 		61.303 		2.722
v -14.8019 		61.69 		2.722
v 60.0311 		87.94 		4.998
v -16.4559 		62.228 		2.722
v -6.0419 		65.642 		6.128
v -12.5989 		84.885 		9.982
v -13.2899 		84.834 		9.982
v 47.0188 		85.31 		0
v 47.9921 		86.24 		0
v 49.3551 		87.311 		0
v -6.3939 		66.362 		5.883
v -13.3089 		85 		9.475
v -13.4498 		66.2218 		10.3874
v -18.0429 		62.91 		2.722
v -19.5499 		63.73 		2.722
v -20.9609 		64.68 		2.722
v -22.2629 		65.751 		2.722
v -23.4419 		66.933 		2.722
v -24.4889 		68.215 		2.722
v -25.3919 		69.583 		2.722
v -26.1429 		71.025 		2.722
v -14.0069 		84.905 		9.475
v -6.4819 		82.181 		7.724
v 50.8331 		88.261 		0
v 52.4111 		89.081 		0
v 54.0751 		89.763 		0
v 55.8071 		90.3 		0
v 57.5921 		90.688 		0
v 59.4121 		90.922 		0
v 46.6264 		84.9073 		0
v 46.7561 		85.059 		0
v 46.8316 		85.1311 		0
v -13.9769 		84.741 		9.982
v 46.994 		85.31 		0
v -7.2165 		82.3011 		6.1638
v -7.3284 		82.3555 		6.1836
v -7.0774 		82.2254 		6.1516
v -7.4148 		82.3958 		6.1912
v -6.5059 		66.591 		6.128
v -7.8411 		82.5944 		6.231
v -7.6496 		82.5053 		6.2128
v -12.0692 		65.9321 		10.326
v -12.3623 		65.9829 		10.3265
v -12.6129 		85.192 		8.25
v -12.6119 		85.157 		8.885
v -13.3219 		85.103 		8.885
v -12.6069 		85.052 		9.475
v -12.4359 		65.97 		10.372
v 54.4301 		86.467 		4.998
v 55.7611 		87.013 		4.998
v 57.1471 		87.443 		4.998
v 58.5751 		87.753 		4.998
v 53.1681 		85.811 		4.998
v -12.7642 		66.0557 		10.3586
v -13.3259 		85.139 		8.25
v -9.9999 		74.75 		4.998
v -11.2499 		76 		4.998
v -16.4559 		62.228 		4.998
v -14.8019 		61.69 		4.998
v 49.0291 		82.223 		4.998
v -13.0979 		61.303 		4.998
v -7.7939 		82.697 		6.779
v -5.1899 		65.502 		7.615
v 49.9061 		83.248 		4.998
v 50.8951 		84.193 		4.998
v 51.9851 		85.051 		4.998
v -24.9272 		68.879 		4.998
v -24.9499 		70.718 		4.998
v 47.1471 		78.773 		4.998
v 47.6431 		79.974 		4.998
v 48.2721 		81.128 		4.998
v -4.5759 		65.843 		7.615
v -7.1559 		82.414 		6.779
v -12.4917 		66.006 		10.3323
v 61.3601 		61.069 		2.722
v 64.8011 		61.69 		2.722
v 63.0981 		61.303 		2.722
v -14.0269 		85.008 		7.615
v -3.9961 		66.2145 		7.615
v -12.4304 		65.9947 		10.3265
v 7.5001 		63.148 		7
v -6.5389 		82.091 		6.779
v 6.3771 		62.5 		7
v -24.4889 		68.215 		4.998
v -23.4419 		66.933 		4.998
v -22.2629 		65.751 		4.998
v -20.9609 		64.68 		4.998
v -19.5499 		63.73 		4.998
v -18.0429 		62.91 		4.998
v -7.8429 		82.661 		6.128
v -7.3119 		82.382 		6.128
v -5.3259 		65.739 		6.518
v -12.4999 		74.75 		4.998
v -7.7219 		82.886 		5.883
v 58.4121 		60.99 		2.722
v 58.4121 		61.0437 		2.722
v 59.6051 		60.99 		2.722
v -7.1749 		82.6 		5.883
v -4.7279 		66.072 		6.518
v 46.5018 		75.01 		4.998
v 46.5001 		75.01 		4.998
v 46.5731 		76.272 		4.998
v 46.7891 		77.535 		4.998
v -5.2419 		65.594 		7.025
v 57.5001 		60.99 		4.998
v 6.5531 		62.508 		7
v 57.5001 		74.75 		4.998
v 6.7241 		62.532 		7
v 6.8871 		62.571 		7
v 7.0371 		62.624 		7
v -4.6339 		65.931 		7.025
v 7.1711 		62.69 		7
v 61.3601 		61.069 		4.998
v 7.2861 		62.767 		7
v 7.3781 		62.854 		7
v 61.2501 		71 		4.998
v 7.4451 		62.947 		7
v 63.0981 		61.303 		4.998
v 64.8011 		61.69 		4.998
v 7.4861 		63.046 		7
v -12.0789 		64.349 		8.885
v -12.0849 		64.314 		8.25
v 7.5001 		62.5 		7
v -12.5989 		84.885 		6.518
v -13.2899 		84.834 		6.518
v 58.4121 		60.99 		4.998
v -4.0704 		66.2888 		7.0469
v -4.0732 		66.2916 		7.025
v 58.4121 		61.0437 		4.998
v 59.6051 		60.99 		4.998
v -11.2499 		73.5 		4.998
v -12.7879 		64.435 		8.25
v -12.7789 		64.47 		8.885
v -4.1956 		66.4142 		6.518
v -4.208 		66.4265 		6.4877
v -12.4389 		74.364 		4.998
v -4.1871 		66.4057 		6.5531
v 57.6841 		73.591 		4.998
v -12.2609 		74.015 		4.998
v -13.3089 		85 		7.025
v 58.2161 		72.546 		4.998
v 59.0461 		71.716 		4.998
v -11.9849 		73.739 		4.998
v 60.0911 		71.184 		4.998
v -11.6359 		73.561 		4.998
v -13.9769 		84.741 		6.518
v -12.0629 		64.452 		9.475
v -14.0069 		84.905 		7.025
v -10.8639 		73.561 		4.998
v 62.4091 		71.184 		4.998
v -5.4349 		65.93 		6.128
v -10.5149 		73.739 		4.998
v 63.4541 		71.716 		4.998
v 64.2841 		72.546 		4.998
v -10.2389 		74.015 		4.998
v -12.0359 		64.617 		9.982
v 64.8161 		73.591 		4.998
v -4.8499 		66.255 		6.128
v -10.0609 		74.364 		4.998
v 60.0911 		78.316 		4.998
v -13.3909 		64.895 		9.982
v 59.0461 		77.784 		4.998
v -13.4399 		64.734 		9.475
v -5.6989 		66.39 		5.8
v 58.2161 		76.954 		4.998
v -12.6069 		85.052 		7.025
v 57.6841 		75.909 		4.998
v -11.6359 		75.939 		4.998
v -13.3219 		85.103 		7.615
v -11.9849 		75.761 		4.998
v -12.7559 		64.572 		9.475
v -12.4999 		74.75 		9
v 64.8161 		75.909 		4.998
v -5.5619 		66.152 		5.883
v -9.9999 		74.75 		9
v -12.6119 		85.157 		7.615
v -12.2609 		75.485 		4.998
v 64.2841 		76.954 		4.998
v -12.4389 		75.136 		9
v -12.7189 		64.734 		9.982
v -10.0609 		75.136 		9
v -10.2389 		75.485 		9
v -10.5149 		75.761 		9
v -10.8639 		75.939 		9
v -11.2499 		76 		9
v -11.6359 		75.939 		9
v -11.9849 		75.761 		9
v 63.4541 		77.784 		4.998
v -12.2609 		75.485 		9
v -12.4389 		75.136 		4.998
v -4.9919 		66.469 		5.883
v 62.4091 		78.316 		4.998
v -10.0609 		75.136 		4.998
v -10.2389 		75.485 		4.998
v -10.5149 		75.761 		4.998
v 45.9111 		84.259 		0
v -12.0789 		65.87 		9.756
v -10.8639 		75.939 		4.998
v -4.3546 		66.5732 		6.128
v 45.1231 		83.674 		0
v -7.0289 		82.833 		5.8
v 45.3801 		62.5 		4.998
v -13.2039 		84.098 		5.8
v -12.5639 		84.146 		5.8
v -5.8239 		66.72 		9.756
v -13.2349 		84.368 		5.883
v -13.4699 		66.155 		9.756
v -12.7789 		65.99 		9.756
v -6.8122 		82.0814 		6.128
v -12.5759 		84.416 		5.883
v -12.5879 		84.669 		6.128
v -6.6489 		82.281 		5.883
v -13.2649 		84.618 		6.128
v -6.7995 		82.0746 		6.1273
v -6.8008 		82.0753 		6.1274
v -13.8409 		84.012 		5.8
v -13.4809 		64.599 		8.25
v -6.3249 		82.728 		5.883
v -6.1749 		82.936 		6.128
v -13.4689 		64.634 		8.885
v -4.9896 		67.2086 		10.3459
v -13.8909 		84.279 		5.883
v -12.7879 		65.956 		8.74
v -5.9689 		82.145 		5.8
v -13.9369 		84.527 		6.128
v -4.2479 		80.518 		9.756
v -6.4869 		82.505 		5.8
v -4.9411 		67.16 		9.756
v -12.0849 		65.834 		8.74
v -5.1879 		67.023 		9.756
v -13.4809 		66.12 		8.74
v -4.2219 		80.543 		8.74
v -15.4539 		65.373 		7.615
v -5.3099 		82.939 		7.615
v -4.2499 		82.04 		7.615
v -14.8099 		65.086 		7.615
v -5.8829 		81.818 		9.756
v -4.7649 		82.506 		7.615
v -14.1479 		64.84 		7.615
v -4.9253 		67.1443 		8.3241
v -4.9145 		67.1334 		8.74
v -4.9253 		67.1443 		9.1559
v -5.8079 		66.688 		8.74
v -5.8609 		81.847 		8.74
v -14.1479 		66.361 		7.724
v -16.6889 		84.108 		9.475
v -5.4859 		82.727 		6.518
v -4.9549 		82.305 		6.518
v -5.3779 		82.858 		7.025
v -5.1689 		66.992 		8.74
v -15.9309 		65.932 		6.518
v -16.0209 		65.789 		7.025
v -5.8239 		66.72 		7.724
v -4.1579 		81.226 		10.372
v -4.8379 		82.428 		7.025
v -15.3249 		65.615 		6.518
v -15.4039 		65.466 		7.025
v -6.3367 		66.7463 		6.2474
v -5.9884 		66.8929 		6.2156
v -16.0939 		84.499 		8.25
v -5.8887 		66.9386 		6.2009
v -16.7359 		84.202 		8.885
v -4.6179 		81.699 		10.372
v -5.9223 		66.9219 		6.2039
v -5.7919 		82.357 		5.883
v -16.0809 		84.466 		8.885
v -5.6279 		82.556 		6.128
v -6.5593 		66.6526 		6.2656
v -5.1079 		82.143 		6.128
v -6.5398 		66.6605 		6.2656
v -16.7509 		84.234 		8.25
v -6.37 		66.7322 		6.2504
v -14.7669 		65.182 		7.025
v -3.8519 		81.476 		9.475
v -14.0751 		66.5547 		6.286
v -14.1321 		66.5759 		6.2858
v -6.7469 		83.283 		10.372
v -3.9849 		81.367 		9.982
v -16.0809 		84.466 		7.615
v -4.4539 		81.851 		9.982
v -16.7359 		84.202 		7.615
v -7.3399 		83.594 		10.372
v -5.8699 		66.815 		6.779
v -14.6969 		65.335 		6.518
v -6.0449 		83.115 		9.982
v -5.9459 		83.252 		9.475
v -6.6299 		83.469 		9.982
v -14.0519 		65.094 		6.518
v -6.5399 		83.612 		9.475
v -14.1099 		64.939 		7.025
v -5.9639 		66.85 		6.128
v -5.3079 		81.418 		9.756
v -16.6889 		84.108 		7.025
v -7.1569 		83.935 		9.475
v -5.8359 		66.628 		5.883
v -4.7629 		80.984 		9.756
v -14.1109 		66.46 		6.779
v -7.2369 		83.786 		9.982
v -14.6059 		65.534 		6.128
v -4.3279 		81.967 		9.475
v -5.8839 		83.339 		8.885
v -6.4639 		83.733 		8.25
v -6.4829 		83.702 		8.885
v -5.8619 		83.369 		8.25
v -15.2539 		84.223 		10.372
v -4.9411 		67.16 		7.724
v -15.5319 		66.568 		5.8
v -5.1879 		67.023 		7.724
v -14.6009 		84.395 		10.372
v -15.6779 		66.335 		5.883
v -15.8139 		66.118 		6.128
v -15.0989 		66.032 		5.883
v -15.8949 		84.01 		10.372
v -15.2209 		65.807 		6.128
v -5.7519 		67.0066 		6.1885
v -5.2849 		81.446 		8.74
v -5.4502 		67.1565 		6.161
v -5.8839 		83.339 		7.615
v -5.4149 		67.1747 		6.1544
v -6.4829 		83.702 		7.615
v -4.7379 		81.011 		8.74
v -14.6959 		84.767 		9.475
v -14.6549 		84.606 		9.982
v -14.4999 		65.767 		5.883
v -6.0449 		83.115 		6.518
v -5.9459 		83.252 		7.025
v -6.6299 		83.469 		6.518
v -6.5399 		83.612 		7.025
v -14.1689 		66.495 		6.128
v -5.0619 		67.2809 		6.4978
v -4.9896 		67.2086 		7.1341
v -15.3759 		84.588 		9.475
v -5.2399 		67.115 		6.779
v -4.2479 		80.518 		7.724
v -15.3229 		84.43 		9.982
v -14.2749 		66.264 		5.883
v -14.8399 		66.515 		5.883
v -5.0186 		67.2376 		6.779
v -7.2369 		83.786 		6.518
v -7.1569 		83.935 		7.025
v -14.3879 		66.015 		5.8
v -15.9769 		84.212 		9.982
v -14.9699 		66.274 		5.8
v -16.0409 		84.368 		9.475
v -6.8829 		83.066 		5.883
v -6.7469 		83.283 		6.128
v -7.4619 		83.369 		5.883
v -5.4399 		67.141 		6.128
v -7.3399 		83.594 		6.128
v -4.3269 		80.445 		6.779
v -4.8359 		80.906 		6.779
v -5.2384 		67.2704 		6.128
v -5.3066 		67.2309 		6.1344
v -14.7309 		84.904 		8.25
v -12.0789 		64.349 		7.615
v -14.7229 		84.869 		8.885
v -7.5909 		83.127 		5.8
v -3.8499 		79.953 		6.779
v -5.1193 		67.3383 		6.1211
v -12.7789 		64.47 		7.615
v -12.0629 		64.452 		7.025
v -4.0111 		79.8211 		5.8657
v -4.0642 		79.8771 		5.8684
v -14.3379 		83.378 		10.372
v -14.7063 		83.2815 		10.3723
v -14.7011 		83.2825 		10.372
v -15.4199 		84.722 		8.25
v -15.4089 		84.688 		8.885
v -4.9385 		67.1574 		5.883
v -5.0607 		67.2797 		6.0438
v -13.4689 		64.634 		7.615
v -5.2969 		66.928 		5.883
v -14.4471 		83.3358 		10.3487
v -14.377 		83.3507 		10.3425
v -14.0151 		83.424 		10.3398
v -14.2839 		83.3699 		10.3387
v -3.9405 		79.7364 		5.8624
v -3.9893 		79.7952 		5.8651
v -12.0789 		65.87 		7.724
v -14.3332 		83.36 		10.3385
v -12.7789 		65.99 		7.724
v -14.7239 		83.348 		9.756
v -14.7229 		84.869 		7.615
v -13.4699 		66.155 		7.724
v -14.0269 		83.487 		9.756
v -15.4089 		84.688 		7.615
v -5.1449 		66.698 		5.8
v -3.9829 		79.844 		5.967
v -14.7329 		83.383 		8.74
v -14.0339 		83.523 		8.74
v -13.4399 		64.734 		7.025
v -13.7449 		83.496 		10.372
v -13.1439 		83.578 		10.372
v -13.3909 		64.895 		6.518
v -13.7389 		83.4641 		10.3136
v -3.9449 		80.573 		5.883
v -4.7917 		67.0106 		5.8218
v -14.6549 		84.606 		6.518
v -13.7266 		83.4658 		10.3136
v -4.7939 		80.707 		5.883
v -12.5379 		83.623 		10.372
v -4.5769 		80.884 		5.8
v -12.7189 		64.734 		6.518
v -12.7559 		64.572 		7.025
v -13.2396 		83.5277 		10.3055
v -4.1729 		80.41 		5.8
v -13.3148 		83.5213 		10.3125
v -12.0359 		64.617 		6.518
v -14.6959 		84.767 		7.025
v -4.6955 		66.9143 		5.8183
v -12.5358 		83.5776 		10.2904
v -12.2104 		83.5817 		10.2909
v -12.0559 		83.5834 		10.2909
v -4.5407 		66.7594 		5.883
v -12.6095 		83.5759 		10.2971
v -13.0243 		83.5446 		10.2963
v -12.9131 		83.5528 		10.2963
v -13.1388 		83.5362 		10.2961
v -15.3759 		84.588 		7.025
v -3.8019 		79.912 		5.8
v -4.5105 		66.7292 		5.9227
v -12.004 		66.046 		6.3949
v -12.6129 		83.636 		9.756
v -15.3229 		84.43 		6.518
v -13.3219 		83.582 		9.756
v -11.2499 		73.5 		9
v -10.8639 		73.561 		9
v -10.5149 		73.739 		9
v -10.2389 		74.015 		9
v -10.0609 		74.364 		9
v -11.6359 		73.561 		9
v -12.05 		66.0518 		6.3912
v -12.6139 		83.671 		8.74
v -4.4009 		80.247 		5.883
v -4.3511 		80.1801 		5.883
v -13.3269 		83.618 		8.74
v -15.9769 		84.212 		6.518
v -12.4115 		66.1145 		6.3907
v -12.4042 		66.1131 		6.3913
v -16.0409 		84.368 		7.025
v -14.7239 		83.348 		7.724
v -14.0269 		83.487 		7.724
v -14.6752 		83.161 		6.3503
v -14.6366 		83.1694 		6.3533
v -4.4076 		80.2422 		5.8907
v -4.4717 		80.3104 		5.8949
v -4.7594 		80.5892 		5.9302
v -14.3279 		83.2369 		6.378
v -14.303 		83.2422 		6.3801
v -4.417 		80.2522 		5.8913
v -14.6969 		83.246 		6.779
v -12.7369 		66.176 		6.3631
v -12.6264 		66.1551 		6.3724
v -12.9875 		66.2353 		6.363
v -14.0079 		83.385 		6.779
v -14.3379 		83.378 		6.128
v -5.1382 		80.9306 		5.9696
v -14.4699 		83.887 		5.8
v -14.5369 		84.151 		5.883
v -4.8411 		80.6684 		5.9403
v -14.4019 		83.624 		5.883
v -4.9721 		80.7902 		5.9492
v -5.119 		80.9147 		5.967
v -13.0648 		66.255 		6.3565
v -4.9577 		80.7779 		5.9475
v -13.2953 		66.3142 		6.3381
v -12.6129 		83.636 		7.724
v -4.9418 		80.763 		5.9465
v -13.4127 		66.3443 		6.3288
v -13.5642 		66.3901 		6.3289
v -15.2539 		84.223 		6.128
v -13.3219 		83.582 		7.724
v -14.6009 		84.395 		6.128
v -4.4529 		80.328 		5.967
v -13.6752 		83.3516 		6.4027
v -13.8822 		66.4923 		6.3022
v -13.9931 		83.3039 		6.3799
v -13.9192 		83.3152 		6.386
v -13.7938 		66.4638 		6.3094
v -15.8949 		84.01 		6.128
v -13.7167 		83.346 		6.4026
v -4.9529 		80.783 		5.967
v -13.5395 		83.37 		6.403
v -12.7559 		66.093 		6.779
v -12.0629 		65.973 		6.779
v -12.2083 		83.4632 		6.4225
v -5.8829 		81.818 		7.724
v -12.3817 		83.4609 		6.4224
v -12.6877 		83.4506 		6.4168
v -12.9109 		83.434 		6.4175
v -13.1246 		83.4182 		6.4178
v -13.4399 		66.255 		6.779
v -12.5303 		83.4591 		6.4226
v -12.6038 		83.4569 		6.4167
v -13.3006 		83.4022 		6.4035
v -5.9449 		81.731 		6.779
v -13.8849 		65.537 		5.883
v -13.9739 		65.299 		6.128
v -12.6069 		83.531 		6.779
v -13.3289 		65.103 		6.128
v -13.2559 		65.346 		5.883
v -13.3099 		83.479 		6.779
v -13.1719 		83.829 		5.883
v -12.5499 		83.875 		5.883
v -6.5172 		81.9126 		6.0996
v -6.1459 		81.931 		5.883
v -13.7909 		83.745 		5.883
v -6.033 		81.609 		6.0559
v -12.5379 		83.623 		6.128
v -5.9403 		81.5431 		6.0503
v -5.9738 		81.5669 		6.0523
v -11.9629 		65.081 		5.883
v -13.1439 		83.578 		6.128
v -12.6139 		65.194 		5.883
v -13.7449 		83.496 		6.128
v -12.6709 		64.947 		6.128
v -6.3633 		81.8171 		6.09
v -12.5529 		65.459 		5.8
v -6.2821 		81.7668 		6.0852
v -18.2066 		82.8277 		10.372
v -12.0029 		64.831 		6.128
v -18.3534 		82.9745 		10.0125
v -13.7899 		65.792 		5.8
v -17.5714 		82.1925 		10.3461
v -13.0249 		66.11 		6.128
v -12.4359 		65.97 		6.128
v -6.6135 		81.9724 		6.1055
v -13.6039 		66.285 		6.128
v -17.6199 		82.241 		9.756
v -17.3729 		82.378 		9.756
v -16.7379 		82.681 		9.756
v -12.4929 		65.723 		5.883
v -16.0819 		82.945 		9.756
v -13.6939 		66.047 		5.883
v -13.0989 		65.867 		5.883
v -17.6357 		82.2568 		8.3244
v -17.6464 		82.2675 		8.74
v -17.6357 		82.2568 		9.1556
v -13.1779 		65.606 		5.8
v 1.3001 		74.71 		10.7
v -4.7629 		80.984 		7.724
v -5.3079 		81.418 		7.724
v -14.8099 		66.607 		9.756
v -15.4549 		66.894 		9.756
v -2.3079 		82.007 		10.7
v -2.3609 		83.549 		10.7
v -1.5369 		82.64 		10.7
v -20.8629 		82.64 		10.7
v -20.0389 		83.549 		10.7
v -8.4387 		82.971 		10.415
v -8.3732 		82.9466 		10.4151
v -8.2553 		82.9019 		10.4219
v -7.9655 		82.7921 		10.4391
v -10.0689 		83.678 		10.617
# 3537 vertices

g group_1_16089887

usemtl color_16089887
s 0

f 469 	524 	468
f 470 	488 	469
f 481 	576 	476
f 475 	476 	576
f 483 	576 	481
f 482 	485 	473
f 487 	473 	486
f 485 	486 	473
f 488 	470 	487
f 524 	469 	488
f 3652 	3555 	492
f 492 	3555 	494
f 670 	665 	2252
f 603 	601 	506
f 501 	514 	500
f 502 	513 	501
f 519 	520 	497
f 505 	512 	502
f 508 	527 	505
f 498 	3555 	507
f 525 	526 	509
f 507 	3555 	510
f 468 	525 	509
f 509 	526 	508
f 513 	502 	512
f 514 	501 	513
f 496 	497 	520
f 514 	519 	500
f 497 	500 	519
f 473 	487 	470
f 512 	505 	527
f 520 	521 	496
f 525 	468 	524
f 527 	508 	526
f 511 	3555 	516
f 523 	516 	3555
f 528 	529 	531
f 523 	3555 	533
f 528 	535 	529
f 530 	534 	1879
f 538 	539 	537
f 615 	534 	530
f 540 	542 	544
f 541 	543 	545
f 546 	537 	545
f 538 	537 	546
f 541 	545 	537
f 549 	567 	547
f 551 	552 	554
f 556 	541 	554
f 543 	541 	556
f 551 	554 	541
f 547 	567 	542
f 549 	550 	567
f 557 	558 	559
f 560 	551 	559
f 552 	551 	560
f 557 	559 	551
f 793 	1929 	561
f 561 	1929 	532
f 490 	3986 	572
f 568 	1543 	567
f 573 	574 	568
f 573 	568 	567
f 569 	684 	572
f 573 	3375 	574
f 572 	582 	484
f 567 	3375 	573
f 641 	575 	653
f 490 	572 	484
f 563 	566 	562
f 577 	557 	566
f 562 	566 	557
f 557 	577 	558
f 568 	574 	571
f 578 	571 	574
f 529 	535 	562
f 581 	562 	535
f 562 	581 	563
f 583 	584 	683
f 586 	587 	584
f 586 	584 	583
f 530 	1889 	588
f 614 	479 	477
f 589 	590 	587
f 589 	587 	586
f 480 	582 	591
f 580 	2698 	579
f 593 	595 	590
f 593 	590 	589
f 596 	570 	564
f 597 	570 	596
f 598 	1961 	597
f 599 	1961 	598
f 600 	1963 	599
f 601 	602 	595
f 601 	595 	593
f 603 	604 	602
f 603 	602 	601
f 585 	626 	579
f 480 	591 	1315
f 895 	716 	605
f 893 	895 	605
f 716 	718 	605
f 592 	802 	594
f 626 	655 	579
f 565 	606 	722
f 606 	605 	718
f 475 	576 	580
f 2697 	580 	576
f 594 	906 	592
f 477 	489 	614
f 618 	611 	615
f 612 	613 	1212
f 612 	1206 	613
f 610 	611 	619
f 618 	619 	611
f 619 	620 	610
f 620 	621 	610
f 609 	610 	621
f 621 	622 	609
f 622 	756 	609
f 756 	757 	609
f 3375 	3546 	574
f 626 	585 	624
f 820 	616 	625
f 588 	615 	530
f 3698 	614 	489
f 623 	624 	585
f 588 	600 	615
f 618 	615 	600
f 906 	629 	630
f 599 	619 	618
f 599 	618 	600
f 628 	637 	495
f 631 	629 	906
f 598 	620 	619
f 598 	619 	599
f 597 	621 	620
f 597 	620 	598
f 596 	622 	621
f 596 	621 	597
f 653 	624 	623
f 623 	641 	653
f 660 	628 	668
f 805 	632 	634
f 634 	633 	805
f 653 	655 	624
f 626 	624 	655
f 596 	564 	622
f 634 	712 	633
f 638 	609 	608
f 636 	635 	478
f 636 	478 	639
f 634 	632 	712
f 640 	610 	609
f 640 	609 	638
f 660 	637 	628
f 643 	644 	639
f 643 	639 	478
f 645 	611 	610
f 645 	610 	640
f 646 	648 	644
f 646 	644 	643
f 641 	623 	585
f 649 	650 	648
f 649 	648 	646
f 633 	642 	805
f 633 	712 	642
f 2370 	2380 	668
f 585 	1579 	641
f 645 	640 	1981
f 640 	638 	1981
f 651 	1981 	638
f 657 	654 	656
f 659 	656 	839
f 476 	475 	658
f 580 	658 	475
f 580 	579 	658
f 655 	658 	579
f 570 	1981 	651
f 663 	650 	649
f 608 	766 	662
f 2714 	481 	476
f 650 	663 	664
f 647 	687 	652
f 647 	642 	687
f 665 	667 	664
f 665 	664 	663
f 766 	736 	669
f 670 	671 	667
f 670 	667 	665
f 766 	669 	662
f 674 	675 	671
f 674 	671 	670
f 733 	729 	669
f 677 	678 	675
f 677 	675 	674
f 679 	666 	932
f 695 	684 	1498
f 666 	679 	686
f 666 	686 	669
f 683 	685 	678
f 683 	678 	677
f 687 	572 	684
f 638 	608 	686
f 669 	686 	608
f 669 	608 	662
f 683 	584 	685
f 684 	569 	1498
f 684 	695 	687
f 499 	689 	603
f 604 	603 	689
f 728 	730 	682
f 691 	651 	686
f 692 	693 	689
f 692 	689 	499
f 638 	686 	651
f 749 	637 	660
f 687 	695 	682
f 696 	697 	693
f 696 	693 	692
f 699 	700 	697
f 699 	697 	696
f 679 	688 	686
f 688 	691 	686
f 701 	702 	700
f 701 	700 	699
f 706 	707 	702
f 706 	702 	701
f 688 	605 	606
f 688 	606 	691
f 1579 	2698 	704
f 705 	1579 	704
f 651 	691 	606
f 651 	606 	570
f 709 	710 	707
f 709 	707 	706
f 642 	712 	687
f 2378 	2373 	668
f 2373 	708 	668
f 687 	712 	572
f 572 	712 	582
f 4000 	703 	708
f 668 	708 	703
f 712 	632 	613
f 831 	830 	809
f 721 	722 	719
f 719 	722 	606
f 718 	719 	606
f 647 	652 	720
f 710 	709 	724
f 723 	724 	709
f 725 	727 	724
f 725 	724 	723
f 726 	468 	922
f 703 	661 	660
f 729 	469 	468
f 729 	468 	726
f 728 	720 	730
f 731 	732 	727
f 731 	727 	725
f 703 	660 	668
f 733 	470 	469
f 733 	469 	729
f 652 	730 	720
f 734 	735 	732
f 734 	732 	731
f 470 	733 	736
f 470 	736 	473
f 737 	738 	735
f 737 	735 	734
f 740 	742 	738
f 740 	738 	737
f 666 	669 	729
f 726 	666 	729
f 733 	669 	736
f 742 	740 	745
f 744 	745 	740
f 739 	743 	741
f 746 	747 	745
f 746 	745 	744
f 748 	1273 	741
f 747 	746 	835
f 3348 	722 	721
f 741 	728 	748
f 565 	564 	570
f 741 	743 	728
f 660 	661 	717
f 749 	660 	717
f 720 	728 	743
f 743 	765 	769
f 752 	753 	751
f 752 	751 	750
f 739 	765 	743
f 754 	755 	753
f 754 	753 	752
f 758 	759 	754
f 757 	777 	608
f 608 	609 	757
f 754 	759 	755
f 687 	682 	730
f 760 	761 	759
f 760 	759 	758
f 687 	730 	652
f 762 	763 	761
f 762 	761 	760
f 767 	768 	763
f 767 	763 	762
f 764 	769 	765
f 608 	779 	766
f 770 	772 	768
f 770 	768 	767
f 766 	779 	482
f 773 	774 	772
f 773 	772 	770
f 736 	766 	482
f 736 	482 	473
f 775 	776 	774
f 775 	774 	773
f 779 	608 	778
f 777 	778 	608
f 780 	781 	776
f 780 	776 	775
f 771 	661 	703
f 782 	783 	781
f 782 	781 	780
f 764 	791 	769
f 784 	785 	782
f 782 	785 	783
f 771 	882 	788
f 789 	790 	785
f 789 	785 	784
f 485 	482 	779
f 790 	789 	636
f 635 	636 	789
f 617 	616 	820
f 627 	617 	820
f 592 	906 	630
f 786 	769 	791
f 792 	791 	1929
f 791 	792 	786
f 792 	1929 	793
f 793 	786 	792
f 795 	828 	794
f 795 	794 	796
f 795 	796 	797
f 630 	802 	592
f 629 	802 	630
f 629 	631 	802
f 797 	796 	798
f 797 	798 	799
f 631 	627 	820
f 799 	798 	800
f 799 	800 	801
f 682 	748 	728
f 3747 	802 	3695
f 801 	800 	803
f 801 	803 	804
f 1212 	613 	805
f 805 	613 	632
f 3695 	802 	548
f 804 	803 	806
f 804 	806 	807
f 3747 	594 	802
f 750 	751 	806
f 807 	806 	751
f 808 	809 	830
f 810 	811 	809
f 810 	809 	808
f 631 	820 	802
f 811 	810 	813
f 812 	813 	810
f 815 	816 	813
f 815 	813 	812
f 817 	818 	816
f 817 	816 	815
f 802 	820 	548
f 814 	805 	720
f 821 	822 	818
f 821 	818 	817
f 823 	824 	822
f 823 	822 	821
f 720 	743 	814
f 548 	820 	555
f 1128 	1123 	814
f 825 	826 	824
f 825 	824 	823
f 555 	820 	819
f 743 	769 	814
f 828 	829 	826
f 828 	826 	825
f 625 	819 	820
f 828 	795 	829
f 830 	831 	832
f 830 	832 	833
f 625 	916 	819
f 720 	805 	642
f 647 	720 	642
f 834 	835 	746
f 833 	832 	835
f 833 	835 	834
f 840 	841 	506
f 1406 	837 	838
f 1406 	838 	842
f 839 	656 	654
f 861 	1929 	842
f 503 	844 	506
f 843 	844 	503
f 845 	506 	844
f 840 	506 	845
f 654 	900 	839
f 946 	838 	837
f 848 	1406 	847
f 503 	850 	843
f 847 	930 	848
f 854 	862 	853
f 853 	862 	852
f 852 	862 	851
f 855 	862 	854
f 856 	857 	851
f 849 	851 	857
f 858 	860 	857
f 859 	860 	858
f 849 	857 	860
f 842 	945 	861
f 856 	851 	862
f 862 	855 	863
f 862 	863 	864
f 862 	864 	865
f 862 	865 	866
f 862 	866 	867
f 862 	867 	868
f 862 	868 	869
f 862 	869 	870
f 837 	1406 	872
f 871 	872 	1406
f 848 	871 	1406
f 837 	872 	946
f 657 	846 	654
f 656 	607 	657
f 852 	3604 	853
f 3604 	854 	853
f 3907 	659 	839
f 874 	877 	880
f 877 	878 	880
f 827 	836 	771
f 771 	836 	882
f 864 	3638 	865
f 3638 	866 	865
f 884 	788 	882
f 788 	884 	886
f 881 	930 	885
f 3160 	836 	827
f 882 	836 	3160
f 3912 	3913 	839
f 904 	889 	1967
f 902 	1967 	899
f 900 	654 	901
f 627 	631 	907
f 891 	892 	1968
f 893 	605 	892
f 570 	606 	565
f 888 	788 	898
f 1968 	1967 	889
f 889 	890 	1968
f 890 	891 	1968
f 876 	3792 	894
f 839 	900 	3850
f 491 	908 	909
f 491 	909 	493
f 900 	910 	926
f 493 	909 	911
f 493 	911 	496
f 912 	497 	911
f 496 	911 	497
f 901 	913 	900
f 497 	912 	914
f 497 	914 	500
f 913 	910 	900
f 500 	914 	915
f 500 	915 	501
f 501 	915 	918
f 501 	918 	502
f 919 	505 	502
f 919 	502 	918
f 921 	508 	505
f 921 	505 	919
f 920 	894 	917
f 617 	907 	616
f 616 	907 	625
f 922 	509 	508
f 922 	508 	921
f 916 	625 	907
f 894 	920 	881
f 922 	468 	509
f 916 	936 	819
f 627 	907 	617
f 657 	607 	846
f 906 	907 	631
f 607 	656 	659
f 914 	912 	925
f 881 	876 	894
f 924 	903 	928
f 923 	925 	912
f 726 	922 	666
f 922 	921 	666
f 875 	1886 	877
f 912 	911 	923
f 875 	877 	874
f 917 	929 	930
f 919 	666 	921
f 918 	925 	919
f 915 	925 	918
f 909 	923 	911
f 914 	925 	915
f 925 	666 	919
f 932 	925 	923
f 932 	923 	931
f 917 	930 	920
f 927 	910 	933
f 932 	666 	925
f 927 	926 	910
f 927 	933 	489
f 907 	906 	3787
f 930 	881 	920
f 489 	477 	927
f 910 	913 	933
f 929 	848 	930
f 913 	3719 	933
f 933 	3698 	489
f 871 	929 	872
f 946 	872 	929
f 3719 	3698 	933
f 929 	871 	848
f 3298 	564 	565
f 847 	3972 	930
f 907 	934 	916
f 913 	3717 	3719
f 937 	935 	938
f 937 	938 	939
f 936 	916 	934
f 873 	887 	3640
f 756 	564 	3298
f 936 	928 	819
f 879 	880 	878
f 928 	936 	924
f 934 	924 	936
f 895 	3417 	716
f 3757 	924 	934
f 2484 	2477 	924
f 3348 	721 	719
f 940 	945 	946
f 887 	883 	3640
f 946 	944 	940
f 3627 	1892 	3640
f 722 	3349 	565
f 951 	953 	950
f 949 	950 	952
f 952 	950 	953
f 953 	951 	954
f 622 	564 	756
f 946 	917 	944
f 946 	929 	917
f 903 	819 	928
f 905 	819 	903
f 946 	945 	838
f 842 	838 	945
f 958 	2742 	959
f 3586 	3543 	3518
f 956 	3518 	955
f 960 	961 	962
f 945 	1074 	861
f 1406 	842 	1929
f 1929 	963 	964
f 1929 	964 	965
f 965 	971 	1929
f 3274 	513 	512
f 861 	1074 	963
f 960 	981 	961
f 968 	532 	1929
f 968 	1081 	532
f 784 	782 	2303
f 3272 	514 	513
f 968 	1929 	971
f 519 	514 	3272
f 935 	1899 	762
f 977 	978 	966
f 963 	1929 	861
f 2291 	2303 	780
f 780 	775 	2291
f 3278 	522 	521
f 984 	3625 	983
f 886 	898 	788
f 3586 	983 	986
f 886 	884 	3186
f 2621 	2578 	943
f 3160 	3186 	884
f 537 	539 	966
f 988 	966 	539
f 898 	3186 	888
f 3593 	3881 	984
f 966 	988 	989
f 966 	989 	977
f 973 	993 	974
f 992 	993 	973
f 991 	974 	993
f 995 	996 	972
f 973 	972 	996
f 973 	996 	992
f 998 	979 	991
f 974 	991 	979
f 978 	997 	995
f 978 	995 	972
f 989 	997 	978
f 989 	978 	977
f 939 	938 	998
f 979 	998 	938
f 1001 	1048 	1000
f 531 	1004 	528
f 535 	528 	1004
f 2568 	990 	1028
f 890 	3408 	891
f 1005 	1002 	1008
f 1007 	535 	1006
f 1008 	1002 	994
f 3412 	892 	891
f 993 	992 	996
f 539 	538 	546
f 545 	543 	556
f 3412 	893 	892
f 949 	1034 	950
f 554 	552 	560
f 895 	893 	3417
f 954 	1386 	953
f 1018 	807 	1017
f 1017 	751 	1016
f 1019 	804 	1018
f 1020 	801 	1019
f 1022 	799 	1020
f 1023 	797 	1022
f 902 	899 	3426
f 3425 	3426 	899
f 951 	1032 	954
f 3426 	904 	902
f 1030 	559 	1222
f 953 	1029 	952
f 485 	3269 	3268
f 485 	3268 	486
f 3267 	487 	3268
f 486 	3268 	487
f 3267 	488 	487
f 559 	1030 	560
f 1033 	1043 	1031
f 1034 	947 	1032
f 1032 	950 	1034
f 554 	1031 	1043
f 554 	1043 	556
f 565 	3299 	3298
f 950 	1032 	951
f 1046 	988 	1045
f 1037 	1054 	1035
f 545 	1039 	1040
f 545 	1040 	1041
f 545 	1041 	546
f 1042 	1003 	1038
f 1044 	1003 	1042
f 1048 	1001 	1044
f 989 	988 	1046
f 539 	1036 	988
f 1036 	1045 	988
f 1052 	1038 	1003
f 996 	995 	1050
f 995 	997 	1050
f 1046 	1050 	989
f 997 	989 	1050
f 559 	558 	577
f 1052 	1053 	1038
f 1037 	1038 	1053
f 1054 	1037 	1053
f 566 	563 	581
f 718 	716 	3340
f 718 	3340 	719
f 1034 	2076 	947
f 3020 	3019 	3398
f 1035 	681 	1060
f 1061 	1035 	1060
f 1035 	1061 	1063
f 1035 	1063 	1037
f 3349 	722 	3348
f 3017 	3015 	3398
f 1051 	1049 	1056
f 1037 	1063 	1065
f 1037 	1065 	1038
f 1038 	1065 	1067
f 1038 	1067 	1042
f 648 	650 	2313
f 2076 	949 	952
f 1042 	1067 	1069
f 1042 	1069 	1044
f 1044 	1069 	1071
f 1044 	1071 	1048
f 3299 	565 	3349
f 2311 	2312 	664
f 1048 	1071 	3264
f 1062 	1059 	970
f 967 	976 	969
f 1029 	3023 	2072
f 664 	667 	2311
f 1034 	949 	2076
f 1067 	3255 	1069
f 715 	3251 	1061
f 1060 	715 	1061
f 1773 	3433 	1794
f 970 	3531 	1072
f 980 	985 	3531
f 2673 	3531 	970
f 1010 	3573 	1012
f 778 	777 	3376
f 1012 	3573 	1013
f 940 	982 	1074
f 1013 	3573 	1014
f 1014 	3573 	1021
f 3376 	3375 	779
f 3376 	779 	778
f 1026 	1025 	3573
f 1021 	3573 	1025
f 1074 	945 	940
f 3573 	1027 	1026
f 964 	963 	1074
f 3573 	987 	1027
f 976 	967 	1057
f 1064 	1062 	970
f 1057 	967 	1058
f 1066 	1064 	970
f 1058 	967 	1059
f 967 	970 	1059
f 3286 	524 	488
f 787 	1005 	1008
f 650 	664 	2312
f 2309 	2311 	667
f 1066 	970 	1068
f 3286 	525 	524
f 1068 	970 	1070
f 1072 	1070 	970
f 787 	788 	1005
f 685 	584 	1305
f 3284 	3282 	526
f 3208 	540 	3209
f 587 	590 	1303
f 527 	3282 	512
f 1075 	1076 	1005
f 1287 	1303 	590
f 512 	3282 	3274
f 549 	547 	3211
f 595 	1287 	590
f 549 	3211 	550
f 1075 	1005 	1080
f 1303 	1304 	587
f 602 	1286 	595
f 584 	587 	1304
f 1079 	1080 	1005
f 689 	693 	1283
f 1286 	1287 	595
f 1282 	1283 	693
f 987 	3573 	3652
f 667 	671 	2309
f 1923 	2309 	671
f 1083 	1085 	1082
f 1086 	1082 	1085
f 1106 	1081 	1078
f 1077 	1078 	1090
f 675 	1923 	671
f 2312 	2313 	650
f 3279 	521 	520
f 1093 	1867 	1092
f 685 	1934 	678
f 1093 	1095 	1867
f 1087 	1867 	1095
f 1641 	1073 	1084
f 678 	1935 	675
f 1090 	1081 	1096
f 3408 	890 	889
f 971 	1096 	1081
f 891 	3408 	3411
f 700 	702 	1282
f 891 	3411 	3412
f 1090 	1078 	1081
f 1084 	1098 	1097
f 1090 	1096 	1074
f 3412 	3414 	893
f 1089 	1084 	1097
f 1112 	1282 	702
f 893 	3414 	3417
f 1090 	1074 	982
f 965 	964 	1096
f 1096 	964 	1074
f 1098 	1099 	1097
f 710 	724 	1112
f 1098 	1084 	1073
f 3425 	899 	897
f 968 	971 	1081
f 3243 	1098 	1073
f 1095 	2169 	1087
f 2022 	1112 	727
f 1096 	971 	965
f 3428 	904 	3426
f 732 	2022 	727
f 724 	727 	1112
f 904 	3428 	889
f 3406 	889 	3428
f 738 	2022 	735
f 2034 	2035 	742
f 1097 	1233 	3724
f 732 	735 	2022
f 521 	522 	493
f 493 	496 	521
f 1106 	1078 	1077
f 1104 	1105 	1110
f 522 	1110 	491
f 1105 	491 	1110
f 491 	493 	522
f 1104 	1109 	1101
f 1103 	1101 	1109
f 1109 	1104 	1110
f 1102 	1106 	1077
f 1081 	1106 	1111
f 604 	1285 	602
f 697 	700 	1282
f 702 	707 	1112
f 707 	710 	1112
f 1593 	1107 	1591
f 745 	747 	2034
f 561 	1111 	793
f 2145 	1092 	1091
f 2033 	2034 	747
f 835 	1125 	747
f 1213 	1124 	831
f 1119 	1115 	1118
f 1120 	1104 	1101
f 2033 	747 	1125
f 1079 	1005 	888
f 788 	888 	1005
f 1119 	1121 	1115
f 1047 	1115 	1121
f 1161 	1120 	1122
f 832 	831 	1124
f 832 	1124 	835
f 1125 	835 	1124
f 1126 	1169 	1122
f 1116 	814 	1123
f 2316 	2320 	639
f 888 	3186 	1079
f 1132 	1138 	1131
f 1133 	1138 	1132
f 644 	648 	2315
f 1049 	1130 	1056
f 1008 	994 	787
f 1047 	1134 	1130
f 1136 	1676 	1129
f 1669 	1671 	1677
f 1131 	1139 	1129
f 1137 	1138 	1133
f 1138 	1139 	1131
f 1136 	1129 	1139
f 1024 	795 	1023
f 769 	1128 	814
f 1130 	1049 	1047
f 1142 	1146 	1140
f 1100 	1128 	1141
f 1144 	1134 	1047
f 931 	1169 	1147
f 1080 	1079 	3186
f 786 	1141 	1128
f 768 	772 	1271
f 1144 	1359 	1134
f 1147 	1135 	1988
f 1142 	1143 	1146
f 1149 	1140 	1146
f 1145 	1146 	1143
f 1273 	1271 	772
f 786 	1128 	769
f 1149 	1137 	1140
f 1133 	1140 	1137
f 774 	1273 	772
f 1102 	1100 	1141
f 2145 	1093 	1092
f 776 	1273 	774
f 1400 	1148 	1002
f 781 	1273 	776
f 1102 	1141 	1106
f 1136 	1139 	1036
f 1045 	1036 	1139
f 1036 	539 	1136
f 1093 	2169 	1095
f 1148 	994 	1002
f 763 	768 	1271
f 2323 	2324 	785
f 1111 	1141 	786
f 2320 	2322 	790
f 1111 	1106 	1141
f 771 	788 	1158
f 532 	1081 	1111
f 771 	1158 	661
f 661 	1158 	717
f 793 	1111 	786
f 1156 	1132 	1153
f 1131 	1153 	1132
f 2214 	1151 	1150
f 1132 	1156 	1155
f 1132 	1155 	1133
f 787 	1158 	788
f 1133 	1155 	1140
f 1159 	1135 	1157
f 902 	904 	1967
f 1117 	1157 	1135
f 994 	1152 	787
f 1088 	2214 	1150
f 1111 	561 	532
f 761 	1271 	759
f 761 	763 	1271
f 897 	899 	1135
f 787 	1152 	1158
f 1121 	1144 	1047
f 1159 	897 	1135
f 1152 	1160 	1158
f 1116 	805 	814
f 1104 	1120 	1161
f 1104 	1161 	1162
f 1104 	1162 	1105
f 3732 	1160 	1152
f 1105 	1162 	908
f 1105 	908 	491
f 1116 	1212 	805
f 1158 	1160 	717
f 908 	1162 	1163
f 1100 	1123 	1128
f 909 	908 	923
f 1154 	1650 	1151
f 1163 	923 	908
f 759 	1015 	755
f 1151 	1164 	1150
f 1162 	1161 	1163
f 1122 	1163 	1161
f 1155 	1432 	1168
f 1156 	1432 	1155
f 1153 	1432 	1156
f 1168 	1433 	1167
f 1169 	1163 	1122
f 1140 	1155 	1168
f 1140 	1168 	1167
f 1140 	1167 	1142
f 1163 	1169 	931
f 1163 	931 	923
f 1088 	1150 	1165
f 1142 	1167 	1166
f 1142 	1166 	1143
f 1164 	1165 	1150
f 1169 	1126 	1147
f 1147 	1988 	931
f 1988 	1989 	931
f 1113 	1107 	1194
f 799 	1022 	797
f 1127 	1147 	1126
f 1135 	1147 	1127
f 1135 	1127 	1117
f 801 	1020 	799
f 1103 	1109 	3434
f 1164 	1667 	1182
f 804 	1019 	801
f 807 	1018 	804
f 1134 	1359 	1130
f 1173 	1107 	1172
f 1107 	1173 	1254
f 591 	1327 	1315
f 1179 	1212 	1177
f 1176 	1177 	1212
f 1159 	1157 	3448
f 1195 	1196 	826
f 795 	1024 	829
f 1164 	1182 	1183
f 1164 	1183 	1165
f 1165 	1183 	1875
f 1176 	1435 	1185
f 826 	829 	1195
f 1024 	1195 	829
f 797 	1023 	795
f 3448 	897 	1159
f 1110 	522 	3439
f 3278 	3439 	522
f 1176 	1185 	1206
f 1219 	1233 	1181
f 3439 	1109 	1110
f 822 	1199 	818
f 1114 	3443 	1157
f 1641 	1089 	1186
f 1119 	1350 	1121
f 1179 	612 	1212
f 1177 	1176 	1206
f 1179 	1206 	612
f 1177 	1206 	1179
f 1115 	1191 	1244
f 1113 	1194 	1203
f 824 	826 	1196
f 1197 	824 	1196
f 1199 	822 	1197
f 1200 	818 	1199
f 1201 	816 	1200
f 1188 	813 	1201
f 824 	1197 	822
f 751 	1017 	807
f 753 	1015 	751
f 755 	1015 	753
f 1175 	1205 	1193
f 1192 	1210 	1406
f 1208 	1313 	1406
f 3972 	1406 	3970
f 1185 	1184 	1385
f 1198 	1313 	1208
f 582 	1206 	591
f 1118 	1350 	1119
f 712 	1206 	582
f 809 	811 	1188
f 1188 	811 	813
f 816 	1201 	813
f 1306 	1314 	1198
f 613 	1206 	712
f 1193 	1205 	1209
f 1187 	1194 	1107
f 1211 	1406 	1210
f 1208 	1406 	1211
f 818 	1200 	816
f 1188 	1189 	809
f 831 	809 	1213
f 1198 	1208 	1211
f 1203 	1194 	1302
f 1175 	3746 	1205
f 1210 	1207 	1211
f 1198 	1211 	1207
f 1212 	1435 	1176
f 1213 	809 	1189
f 1118 	1115 	1249
f 1108 	1187 	1107
f 566 	1225 	577
f 1220 	1218 	1219
f 1249 	1115 	1246
f 559 	1221 	1222
f 1214 	1215 	1204
f 1204 	1215 	1216
f 577 	1225 	1224
f 1217 	1224 	1225
f 1209 	1214 	1193
f 581 	535 	1227
f 1007 	1227 	535
f 1266 	1267 	1498
f 1219 	1223 	1220
f 1230 	1260 	1229
f 1099 	1233 	1097
f 1242 	1252 	1240
f 1234 	1235 	937
f 937 	939 	1234
f 1181 	1174 	1223
f 998 	1262 	939
f 1219 	1181 	1223
f 1240 	1252 	1237
f 1237 	1253 	1501
f 1230 	1229 	1238
f 1229 	1236 	1238
f 1099 	1181 	1233
f 1246 	1115 	1244
f 1243 	1244 	1191
f 1245 	1251 	1242
f 1347 	1416 	1427
f 1249 	1350 	1118
f 1241 	1248 	1204
f 1190 	1204 	1248
f 1190 	1248 	1254
f 1173 	1190 	1254
f 1255 	1501 	1253
f 1253 	1237 	1252
f 1252 	1242 	1251
f 1256 	1500 	1255
f 1231 	1499 	1256
f 1250 	1251 	1245
f 1219 	3724 	1233
f 3724 	3728 	1097
f 1249 	1246 	1350
f 1244 	1350 	1246
f 1191 	1258 	1243
f 1257 	1204 	1216
f 1415 	1552 	1191
f 1204 	1193 	1214
f 1247 	1239 	1301
f 1258 	1351 	1243
f 993 	1262 	998
f 1234 	939 	1262
f 1260 	1261 	1498
f 1263 	1498 	1261
f 998 	991 	993
f 1214 	1209 	3746
f 1205 	3746 	1209
f 3746 	3676 	1214
f 1923 	675 	1935
f 1265 	1268 	2674
f 1016 	751 	1015
f 1015 	759 	1271
f 1247 	1270 	1587
f 1274 	1271 	1273
f 1498 	1267 	1260
f 1237 	1548 	1276
f 841 	840 	845
f 1237 	1276 	1278
f 1237 	1278 	1240
f 844 	843 	850
f 1240 	1278 	1280
f 1240 	1280 	1242
f 1242 	1280 	1281
f 1242 	1281 	1245
f 1204 	1257 	1241
f 1267 	1266 	1288
f 604 	689 	1284
f 1283 	1284 	689
f 1285 	604 	1284
f 1286 	602 	1285
f 1304 	1305 	584
f 1263 	1261 	1230
f 1276 	2643 	1278
f 1278 	2643 	1280
f 844 	1289 	1290
f 844 	1290 	1291
f 844 	1291 	1292
f 844 	1292 	845
f 1279 	1587 	1270
f 1229 	1260 	1295
f 1301 	3832 	1270
f 1277 	1229 	1297
f 1295 	1297 	1229
f 1260 	1230 	1261
f 1288 	1295 	1260
f 1270 	1247 	1301
f 1267 	1288 	1260
f 1241 	1257 	1108
f 1257 	1216 	1108
f 1298 	1294 	1300
f 1297 	3980 	1277
f 1228 	1226 	1301
f 1173 	1172 	1190
f 1300 	1293 	1298
f 1300 	990 	1293
f 1204 	1641 	1186
f 1300 	1028 	990
f 1294 	1269 	1275
f 1239 	1228 	1301
f 1294 	1275 	1300
f 1186 	1410 	1193
f 1314 	1316 	1406
f 1935 	678 	1934
f 1305 	1934 	685
f 1186 	1193 	1204
f 1308 	1309 	1307
f 1264 	2199 	1265
f 850 	1878 	1309
f 1265 	2199 	1268
f 1406 	1313 	1314
f 1310 	1311 	1312
f 1272 	1101 	1103
f 1103 	1368 	1272
f 2560 	896 	883
f 3970 	1406 	1316
f 1248 	1108 	1254
f 1313 	1198 	1314
f 1306 	885 	1316
f 1306 	1316 	1314
f 1114 	1157 	1117
f 1238 	1306 	1198
f 1236 	1306 	1238
f 2521 	880 	879
f 1301 	1315 	3839
f 1317 	1311 	1321
f 878 	2577 	879
f 1322 	1272 	1468
f 1321 	1319 	1317
f 1272 	1322 	1120
f 1272 	1120 	1101
f 3974 	1288 	1266
f 1295 	1288 	3974
f 1323 	1324 	1320
f 1468 	1706 	1322
f 896 	2560 	948
f 1311 	1310 	1321
f 3974 	3980 	1295
f 1326 	1320 	1325
f 1310 	1294 	1321
f 2521 	879 	2577
f 1324 	1325 	1320
f 1269 	1294 	1310
f 1315 	1327 	3839
f 3203 	3687 	1325
f 2577 	878 	877
f 3203 	1325 	1324
f 1323 	3203 	1324
f 1294 	1298 	1319
f 1103 	3434 	1368
f 3839 	1327 	3891
f 1319 	1321 	1294
f 3443 	1318 	3453
f 3020 	1302 	3019
f 1298 	3597 	1319
f 1184 	1185 	1435
f 1299 	1330 	1187
f 1450 	1318 	1117
f 1318 	1114 	1117
f 1187 	1330 	1194
f 1329 	1422 	1333
f 1332 	1444 	1331
f 1194 	1330 	1302
f 3606 	1293 	990
f 3981 	3983 	1333
f 1333 	1328 	3981
f 1302 	1330 	1353
f 1412 	1306 	1236
f 1005 	1320 	1002
f 1275 	1011 	1028
f 1467 	1706 	1468
f 1120 	1322 	1122
f 1005 	1076 	1320
f 1300 	1275 	1028
f 1334 	1412 	1236
f 1711 	1717 	1126
f 1337 	1328 	1334
f 1127 	1126 	1717
f 1323 	1320 	1076
f 1236 	1229 	1334
f 1336 	1456 	1335
f 1335 	1338 	1336
f 1337 	3981 	1328
f 1184 	1435 	1202
f 1359 	3647 	1056
f 2183 	1253 	1252
f 1255 	1253 	2183
f 1256 	1255 	2181
f 1341 	1334 	1340
f 1184 	1202 	1385
f 1346 	1342 	1326
f 1337 	1334 	1341
f 1339 	1340 	1334
f 1342 	1343 	1355
f 1332 	1331 	1385
f 1320 	1326 	1342
f 1344 	1343 	1342
f 1331 	1444 	1345
f 1359 	1144 	1121
f 1342 	1346 	1344
f 1334 	1229 	1339
f 1359 	1121 	1350
f 1426 	1427 	1416
f 1277 	1339 	1229
f 3901 	1331 	1345
f 1348 	2674 	1268
f 1359 	1056 	1130
f 1281 	1349 	1347
f 1281 	1347 	1245
f 1342 	1355 	1366
f 1281 	1280 	2641
f 943 	942 	2621
f 1320 	1342 	1366
f 1244 	1243 	1351
f 1348 	1268 	2204
f 1244 	1351 	1350
f 1675 	1117 	1717
f 1127 	1717 	1117
f 3021 	3019 	1354
f 1371 	1372 	1357
f 1032 	947 	1354
f 1358 	1365 	1370
f 1385 	1202 	1332
f 996 	1137 	993
f 1138 	1050 	1046
f 1359 	1350 	1381
f 1046 	1045 	1138
f 1362 	1392 	1364
f 1343 	1360 	1355
f 1360 	1361 	1355
f 1676 	1136 	546
f 1041 	1676 	546
f 1353 	1354 	1302
f 1368 	1369 	1367
f 3901 	1385 	1331
f 1365 	1367 	1369
f 545 	556 	1678
f 1043 	1679 	556
f 1272 	1368 	1367
f 1445 	1354 	1353
f 1372 	1373 	1356
f 1356 	1357 	1372
f 1357 	1358 	1371
f 1364 	1393 	1373
f 1370 	1371 	1358
f 1369 	1370 	1365
f 1343 	3687 	1360
f 1258 	1552 	1351
f 591 	1206 	1385
f 1385 	1206 	1185
f 1375 	1398 	1374
f 1376 	1374 	1398
f 1030 	1782 	560
f 2119 	2121 	1398
f 1389 	1350 	1351
f 1376 	1398 	1378
f 1350 	1389 	1381
f 1780 	1802 	1024
f 1175 	1193 	1383
f 1379 	953 	1386
f 1024 	1023 	1780
f 1781 	1780 	1023
f 1355 	1383 	1193
f 1382 	1383 	1355
f 1385 	1327 	591
f 1355 	1410 	1352
f 1363 	1391 	1362
f 1388 	1377 	1379
f 1381 	1389 	1943
f 1363 	1384 	1391
f 1387 	1382 	1355
f 1388 	1445 	1377
f 1116 	1123 	1390
f 1387 	3742 	1382
f 1224 	1790 	577
f 1123 	1394 	1390
f 3742 	3746 	1383
f 1356 	1373 	1393
f 1393 	1364 	1392
f 1123 	1100 	1394
f 1392 	1362 	1391
f 1395 	1388 	1379
f 1389 	1351 	1380
f 1361 	1387 	1355
f 1395 	1379 	1397
f 1227 	1744 	581
f 581 	1744 	566
f 1363 	1378 	1398
f 1384 	1363 	1398
f 1386 	1397 	1379
f 1400 	1355 	1352
f 1401 	953 	1379
f 1390 	1442 	1435
f 953 	1401 	1403
f 1375 	2119 	1398
f 1400 	1366 	1355
f 3980 	1339 	1277
f 1361 	1360 	3742
f 1469 	1405 	1401
f 1361 	3742 	1387
f 1403 	3023 	953
f 3618 	3637 	3636
f 1346 	3687 	1344
f 876 	881 	1409
f 1404 	1658 	1408
f 3645 	3633 	3632
f 1089 	1410 	1186
f 1409 	1407 	876
f 1352 	1410 	3704
f 1409 	1412 	1407
f 1212 	1116 	1390
f 885 	1409 	881
f 1410 	1355 	1193
f 1212 	1390 	1435
f 1412 	1409 	1306
f 983 	3589 	984
f 3593 	984 	3589
f 1403 	1401 	1405
f 1421 	1413 	1420
f 1362 	1364 	3459
f 1418 	1412 	1334
f 1456 	1336 	1405
f 3908 	1411 	3909
f 1425 	1426 	1417
f 1425 	1638 	1424
f 1416 	1417 	1426
f 1427 	1250 	1347
f 1245 	1347 	1250
f 1422 	1418 	1334
f 1413 	1429 	1423
f 1423 	1443 	1414
f 1413 	1423 	1414
f 1417 	1638 	1425
f 1411 	1394 	1419
f 1320 	1366 	1002
f 1394 	1428 	1419
f 1714 	1712 	1188
f 1334 	1328 	1422
f 1394 	1100 	1428
f 1714 	1188 	1718
f 1201 	1718 	1188
f 1400 	1002 	1366
f 1433 	1168 	1432
f 1167 	1433 	1166
f 3459 	1363 	1362
f 1413 	1421 	1434
f 885 	1306 	1409
f 1439 	1440 	1433
f 1202 	1435 	1332
f 1444 	1332 	1435
f 1430 	2674 	1348
f 1431 	2702 	1430
f 1137 	1149 	993
f 1418 	1407 	1412
f 739 	741 	1273
f 1413 	1434 	1429
f 1441 	1433 	1440
f 1441 	1477 	1433
f 1460 	1166 	1459
f 1328 	1333 	1422
f 1459 	1166 	1433
f 1420 	1690 	1421
f 1434 	1421 	1690
f 1429 	1434 	1690
f 1442 	1390 	1394
f 1440 	1439 	1436
f 1336 	3353 	1405
f 690 	474 	850
f 1435 	1442 	1444
f 1440 	1436 	1441
f 1446 	1441 	1436
f 1438 	1446 	1436
f 1283 	681 	1284
f 1446 	1477 	1441
f 1477 	1446 	1438
f 1354 	1445 	1032
f 1411 	1442 	1394
f 1445 	1386 	1032
f 954 	1032 	1386
f 1397 	1386 	1445
f 1443 	1451 	1414
f 1395 	1445 	1388
f 1481 	1454 	1455
f 1455 	1454 	1452
f 1397 	1445 	1395
f 1449 	1450 	1675
f 1335 	1456 	1457
f 1448 	1449 	1675
f 3894 	3893 	1444
f 2534 	2666 	1420
f 1411 	3908 	1442
f 1465 	1166 	1460
f 1461 	1357 	1356
f 1461 	1356 	1458
f 1457 	1456 	1469
f 1191 	2688 	1415
f 1454 	1459 	1452
f 1462 	1358 	1357
f 1462 	1357 	1461
f 1358 	1462 	1467
f 1464 	1460 	1454
f 1459 	1454 	1460
f 1415 	1414 	1466
f 1458 	1646 	1702
f 1464 	1465 	1460
f 1463 	1415 	1466
f 1451 	1466 	1414
f 1358 	1467 	1365
f 1443 	1690 	1451
f 1468 	1367 	1365
f 1468 	1365 	1467
f 1272 	1367 	1468
f 1691 	1466 	1451
f 1929 	1928 	1406
f 1707 	1406 	1928
f 1349 	1437 	1416
f 1349 	1416 	1347
f 1405 	1469 	1456
f 1416 	1437 	1472
f 1416 	1472 	1417
f 1478 	1455 	1459
f 3477 	1370 	3478
f 1455 	1473 	1481
f 1349 	1281 	2641
f 3846 	1457 	1469
f 3477 	3476 	1370
f 1473 	1438 	1481
f 1436 	1481 	1438
f 1474 	1494 	1803
f 1803 	1490 	1489
f 3474 	1373 	1372
f 1226 	1471 	3983
f 1464 	1476 	1465
f 3474 	1364 	1373
f 3983 	1475 	1329
f 1464 	1207 	1476
f 1154 	2209 	1424
f 1424 	2209 	1425
f 1459 	1433 	1478
f 1477 	1478 	1433
f 2206 	1427 	1426
f 1484 	1422 	1471
f 2204 	2218 	1348
f 1475 	1471 	1422
f 1473 	1455 	1478
f 1452 	1459 	1455
f 1473 	1478 	1438
f 1477 	1438 	1478
f 1230 	1238 	1481
f 1479 	1492 	1803
f 1483 	1803 	1485
f 3500 	1448 	1447
f 1238 	1198 	1481
f 3500 	3501 	1448
f 1449 	1448 	3501
f 1803 	1489 	1486
f 3501 	1450 	1449
f 1476 	1192 	1465
f 1166 	1465 	1171
f 1171 	1465 	1192
f 1587 	1480 	1484
f 1480 	1418 	1484
f 1490 	1803 	1491
f 1418 	1422 	1484
f 1207 	1481 	1198
f 3503 	1447 	1453
f 1801 	1803 	1492
f 1470 	1801 	1492
f 3478 	1369 	1368
f 1480 	1587 	1482
f 1369 	3478 	1370
f 1476 	1210 	1192
f 1371 	1370 	3476
f 1210 	1476 	1207
f 3476 	3475 	1372
f 3476 	1372 	1371
f 1491 	1803 	1494
f 1207 	1464 	1454
f 1495 	1232 	1493
f 3475 	3474 	1372
f 1207 	1454 	1481
f 1488 	2630 	1487
f 1232 	1487 	1493
f 1499 	1231 	1495
f 1232 	1495 	1231
f 1480 	1407 	1418
f 1364 	3460 	3459
f 1496 	1497 	1814
f 1814 	544 	1496
f 544 	567 	1496
f 1543 	1496 	567
f 1500 	1256 	1499
f 1501 	1255 	1500
f 1363 	3459 	3458
f 1433 	1498 	1439
f 1230 	1481 	1436
f 1502 	1503 	1497
f 1502 	1497 	1496
f 1471 	1226 	1484
f 1505 	1509 	1504
f 1226 	1228 	1484
f 1230 	1436 	1439
f 1335 	1507 	1338
f 1263 	1439 	1498
f 1329 	1475 	1422
f 1466 	1691 	1463
f 1507 	1296 	1338
f 1525 	1512 	1513
f 1514 	1509 	1513
f 1515 	1509 	1514
f 1516 	1509 	1515
f 1517 	1495 	1493
f 1517 	1493 	1511
f 1510 	1296 	1507
f 1517 	1499 	1495
f 1318 	1450 	3453
f 1525 	1513 	1509
f 1518 	1509 	1516
f 1518 	1519 	1509
f 1519 	1520 	1509
f 1509 	1520 	1521
f 1509 	1521 	1522
f 1509 	1522 	1523
f 1523 	1504 	1509
f 1228 	1239 	1484
f 1587 	1484 	1239
f 1527 	1528 	1526
f 1525 	1526 	1528
f 1525 	1528 	1529
f 1525 	1529 	1530
f 1239 	1247 	1587
f 1527 	1526 	1533
f 1439 	1263 	1230
f 1530 	1537 	1525
f 1537 	1512 	1525
f 1171 	1143 	1166
f 3484 	1378 	3458
f 1532 	1259 	2667
f 1264 	1265 	2667
f 2674 	2667 	1265
f 2667 	2750 	1532
f 1531 	1532 	2750
f 1526 	1539 	1533
f 1540 	1536 	1538
f 1535 	1538 	1536
f 1499 	1517 	1541
f 1499 	1541 	1542
f 1499 	1542 	1500
f 571 	1554 	1543
f 1545 	1526 	1544
f 1539 	1526 	1545
f 1500 	1542 	1548
f 1500 	1548 	1501
f 1538 	1546 	1549
f 1538 	1549 	1540
f 1363 	3458 	1378
f 1501 	1548 	1237
f 1553 	1549 	1550
f 1546 	1550 	1549
f 1415 	1551 	1552
f 1258 	1191 	1552
f 1541 	2677 	1542
f 1517 	2676 	1541
f 1511 	2676 	1517
f 1542 	2677 	1548
f 1415 	1463 	1562
f 1555 	1543 	1554
f 1556 	1543 	1555
f 1557 	1543 	1556
f 1558 	1543 	1557
f 1559 	1543 	1558
f 1560 	1543 	1559
f 1561 	1544 	1543
f 1526 	1543 	1544
f 1560 	1561 	1543
f 1335 	477 	479
f 1564 	1550 	1563
f 1550 	1564 	1553
f 1814 	1497 	1505
f 1564 	1563 	1566
f 1565 	1566 	1563
f 1335 	479 	1507
f 571 	1543 	568
f 1509 	1505 	1497
f 1296 	1510 	1223
f 1565 	1567 	1566
f 1415 	1562 	1551
f 1567 	1568 	1566
f 1569 	1504 	1523
f 1569 	1572 	1505
f 1569 	1505 	1504
f 1223 	1174 	1296
f 1232 	2178 	1487
f 1510 	1220 	1223
f 1507 	479 	1510
f 1582 	1622 	1579
f 1574 	1576 	1573
f 1575 	1573 	1576
f 1574 	1577 	1578
f 1574 	1578 	1576
f 1547 	1480 	1534
f 1577 	1580 	1581
f 1577 	1581 	1578
f 1480 	1482 	1534
f 1535 	1536 	1580
f 1581 	1580 	1536
f 1506 	2282 	1508
f 1583 	1571 	1584
f 1570 	1584 	1571
f 1407 	1480 	1547
f 1606 	1786 	1569
f 1374 	3481 	3480
f 1567 	1588 	1568
f 1572 	1569 	943
f 1582 	1579 	1586
f 1083 	1082 	1573
f 1505 	1572 	943
f 1585 	1586 	1579
f 1568 	1588 	1589
f 1083 	1573 	1575
f 1604 	1786 	1606
f 1512 	1537 	1590
f 1620 	1590 	1537
f 1590 	1592 	1513
f 1590 	1513 	1512
f 1592 	1594 	1514
f 1592 	1514 	1513
f 1586 	1585 	1591
f 1562 	1691 	1551
f 1562 	1463 	1691
f 1594 	1595 	1515
f 1594 	1515 	1514
f 1269 	1596 	1597
f 1593 	1591 	1585
f 1595 	1598 	1516
f 1595 	1516 	1515
f 1516 	1598 	1599
f 1516 	1599 	1518
f 1374 	3480 	1375
f 1599 	1601 	1519
f 1599 	1519 	1518
f 1172 	1600 	1190
f 3480 	2119 	1375
f 1601 	1602 	1520
f 1601 	1520 	1519
f 1279 	3815 	1587
f 1310 	1596 	1269
f 3484 	1376 	1378
f 1602 	1603 	1521
f 1602 	1521 	1520
f 1603 	1604 	1522
f 1603 	1522 	1521
f 1647 	1275 	1269
f 1604 	1606 	1523
f 1604 	1523 	1522
f 1606 	1569 	1523
f 1681 	1608 	1384
f 1616 	1600 	1107
f 1312 	1609 	1310
f 1509 	1497 	1666
f 1384 	1608 	1642
f 1609 	1596 	1310
f 1681 	1827 	1608
f 1585 	1073 	1641
f 1539 	1610 	1533
f 1611 	1533 	1610
f 1585 	1641 	1190
f 1609 	1613 	1596
f 1616 	1585 	1600
f 1612 	1527 	1533
f 1612 	1533 	1611
f 1609 	1614 	1613
f 1615 	1528 	1527
f 1615 	1527 	1612
f 1190 	1600 	1585
f 1617 	1529 	1528
f 1617 	1528 	1615
f 1605 	3510 	1633
f 1593 	1585 	1616
f 1618 	1530 	1529
f 1618 	1529 	1617
f 1530 	1618 	1537
f 1620 	1537 	1618
f 2574 	2581 	1614
f 1525 	1665 	1526
f 1664 	1526 	1665
f 1607 	1587 	1619
f 1509 	1666 	1525
f 1665 	1525 	1666
f 1614 	2581 	1613
f 1579 	585 	2698
f 1664 	1670 	1526
f 571 	578 	1554
f 1623 	1554 	578
f 1607 	1482 	1587
f 1624 	1555 	1554
f 1624 	1554 	1623
f 1622 	641 	1579
f 1625 	1556 	1555
f 1625 	1555 	1624
f 1633 	3514 	3515
f 1626 	1557 	1556
f 1626 	1556 	1625
f 1634 	3515 	1635
f 1627 	1558 	1557
f 1627 	1557 	1626
f 1453 	1635 	3503
f 1628 	1559 	1558
f 1628 	1558 	1627
f 1629 	1560 	1559
f 1629 	1559 	1628
f 1613 	1648 	1621
f 1630 	1561 	1560
f 1630 	1560 	1629
f 3515 	1634 	1633
f 1631 	1544 	1630
f 1630 	1544 	1561
f 1585 	1579 	1073
f 1632 	1545 	1544
f 1632 	1544 	1631
f 1539 	1545 	1632
f 1539 	1632 	1610
f 1613 	2581 	1648
f 1543 	1526 	1670
f 1172 	1107 	1600
f 1597 	1647 	1269
f 1107 	1254 	1108
f 1596 	1621 	1597
f 1612 	3545 	1615
f 1113 	3003 	1622
f 1619 	3814 	1639
f 3545 	1788 	1615
f 1583 	3314 	1571
f 1621 	1596 	1613
f 1113 	1586 	1591
f 1622 	1582 	1113
f 1586 	1113 	1582
f 2000 	1999 	1635
f 1113 	1591 	1107
f 1635 	1453 	2000
f 1447 	1448 	2000
f 1675 	2000 	1448
f 1611 	3545 	1612
f 1091 	1867 	1094
f 1639 	1607 	1619
f 1616 	1107 	1593
f 1092 	1867 	1091
f 1594 	1592 	1788
f 1453 	1447 	2000
f 1590 	1620 	1788
f 1089 	1641 	1084
f 1117 	1675 	1450
f 1620 	1618 	1788
f 1621 	1647 	1597
f 1592 	1590 	1788
f 1384 	1642 	1391
f 1165 	1875 	1088
f 3843 	1649 	1639
f 1617 	1615 	1788
f 1621 	1648 	1658
f 1645 	1392 	1391
f 1645 	1391 	1642
f 1725 	1637 	1643
f 1618 	1617 	1788
f 1646 	1393 	1392
f 1646 	1392 	1645
f 1867 	1643 	1094
f 1646 	1458 	1393
f 1356 	1393 	1458
f 1729 	1860 	1725
f 1399 	1011 	1275
f 515 	1644 	3851
f 1598 	1595 	1788
f 1458 	1702 	1461
f 1645 	1683 	1646
f 1190 	1641 	1204
f 1595 	1594 	1788
f 1647 	1399 	1275
f 1598 	1788 	1599
f 1122 	1322 	1706
f 1467 	1462 	1706
f 1461 	1702 	1462
f 1122 	1706 	1126
f 1711 	1126 	1706
f 1599 	1788 	1601
f 1602 	1601 	1786
f 1788 	1786 	1601
f 1640 	1424 	1638
f 1603 	1602 	1786
f 1154 	1424 	1640
f 1164 	1151 	1650
f 1604 	1603 	1786
f 1809 	1637 	1636
f 1650 	1154 	1640
f 3851 	1644 	1649
f 1610 	1632 	3545
f 1610 	3545 	1611
f 1649 	3843 	3851
f 3521 	1663 	3520
f 1631 	3545 	1632
f 1621 	1653 	1647
f 1653 	1399 	1647
f 1662 	3520 	1663
f 1631 	1630 	3545
f 1628 	3545 	1629
f 1624 	3546 	1625
f 1625 	3546 	1626
f 1623 	578 	3546
f 578 	574 	3546
f 1656 	1638 	1472
f 1417 	1472 	1638
f 1626 	3545 	1627
f 1638 	1656 	1657
f 1638 	1657 	1640
f 1663 	3521 	1605
f 941 	3471 	2803
f 1629 	3545 	1630
f 1627 	3545 	1628
f 1437 	1349 	2663
f 1472 	1437 	2663
f 2641 	2663 	1349
f 1653 	1404 	1399
f 2219 	2235 	1431
f 1658 	1653 	1621
f 2802 	942 	2803
f 1661 	1220 	1510
f 2793 	2803 	3471
f 1937 	2731 	1180
f 1404 	1653 	1658
f 1667 	1650 	1657
f 1640 	1657 	1650
f 1634 	1635 	1999
f 1659 	1662 	1805
f 1650 	1667 	1164
f 1669 	1678 	1668
f 1671 	1673 	1677
f 1676 	1677 	1673
f 1781 	1668 	1674
f 1672 	1780 	1674
f 1662 	1663 	1805
f 1663 	1605 	1805
f 1999 	1805 	1605
f 1503 	1666 	1497
f 1129 	1676 	1673
f 1679 	1668 	1678
f 1677 	1678 	1669
f 1496 	1543 	1670
f 1007 	1006 	1692
f 1004 	1687 	535
f 539 	546 	1136
f 1502 	1496 	1670
f 1677 	1676 	1041
f 1745 	2028 	2041
f 1396 	1680 	1681
f 1396 	1681 	1398
f 1398 	1681 	1384
f 1680 	1396 	1402
f 1680 	1402 	1682
f 1502 	1670 	1503
f 1665 	1666 	1670
f 1666 	1503 	1670
f 1691 	1451 	1690
f 1423 	1690 	1443
f 1664 	1665 	1670
f 1423 	1429 	1690
f 3652 	1474 	3555
f 1671 	1018 	1673
f 1680 	1827 	1681
f 1642 	1608 	1683
f 1673 	1018 	1129
f 3545 	3555 	1788
f 1682 	1844 	1827
f 1803 	1788 	3555
f 1689 	1704 	1688
f 1745 	1699 	1689
f 1746 	1697 	1745
f 1474 	3652 	3573
f 1683 	1693 	1708
f 1143 	1171 	1695
f 1699 	1745 	1697
f 1192 	1700 	1171
f 1695 	1171 	1700
f 1701 	1689 	1699
f 1192 	1406 	1700
f 1702 	1646 	1683
f 1704 	1689 	1701
f 1706 	1462 	1702
f 1707 	1700 	1406
f 1486 	1485 	1803
f 1692 	1686 	1709
f 1642 	1683 	1645
f 1708 	1702 	1683
f 1698 	1703 	1770
f 1711 	1706 	1702
f 1711 	1702 	1708
f 1744 	1692 	1714
f 1714 	1718 	1744
f 1716 	1726 	1710
f 1710 	1726 	1703
f 1743 	1744 	1718
f 1719 	1720 	1713
f 1712 	1714 	1692
f 1655 	1725 	1643
f 1721 	1722 	1715
f 1722 	1723 	1715
f 1713 	1715 	1723
f 1713 	1723 	1719
f 1715 	1724 	1721
f 1217 	1225 	1743
f 1711 	1708 	1717
f 1769 	1703 	1726
f 1637 	1725 	1636
f 2021 	1675 	1717
f 1720 	1719 	1723
f 1722 	1721 	1724
f 1743 	566 	1744
f 1225 	566 	1743
f 1726 	1716 	1730
f 1722 	1732 	1733
f 1722 	1733 	1734
f 1722 	1734 	1723
f 1744 	1227 	1692
f 1007 	1692 	1227
f 1741 	1756 	1735
f 1709 	1712 	1692
f 1686 	1687 	1709
f 1694 	1709 	1687
f 1687 	1688 	1704
f 1704 	1694 	1687
f 1004 	531 	1687
f 1748 	1756 	1741
f 1688 	2028 	1689
f 1739 	1740 	2393
f 1750 	1762 	1748
f 1402 	3211 	1742
f 1692 	1006 	1686
f 1737 	1001 	1724
f 1724 	1001 	1722
f 1759 	1761 	1755
f 1756 	1753 	1735
f 1751 	1707 	1753
f 1686 	535 	1687
f 1006 	535 	1686
f 1754 	1725 	1655
f 1757 	1729 	1725
f 1757 	1725 	1754
f 1689 	2028 	1745
f 1755 	1684 	1759
f 2041 	2026 	1745
f 1729 	1757 	1774
f 1758 	1759 	1684
f 1655 	2722 	1754
f 1124 	1694 	1125
f 943 	1569 	1786
f 1754 	2722 	1757
f 1786 	1787 	943
f 1752 	1755 	1761
f 1762 	1750 	1761
f 1756 	1748 	1763
f 1763 	1748 	1762
f 1752 	1761 	1750
f 1685 	1767 	1684
f 1705 	1746 	2043
f 1776 	943 	1787
f 1758 	1684 	1767
f 1189 	1712 	1213
f 1705 	1728 	1727
f 1189 	1188 	1712
f 1696 	1766 	1685
f 1767 	1685 	1766
f 1766 	1696 	1698
f 1770 	1703 	1769
f 1766 	1698 	1770
f 1716 	1170 	1730
f 3551 	3550 	1760
f 3551 	1760 	1768
f 1743 	1731 	1217
f 1221 	559 	1789
f 1778 	1760 	3552
f 1773 	2734 	1772
f 1772 	2733 	1749
f 2055 	1724 	1994
f 3550 	3552 	1760
f 1724 	2052 	1737
f 1736 	1737 	2052
f 1778 	3552 	1779
f 3553 	1779 	3552
f 2319 	1726 	1730
f 1697 	2035 	1699
f 2052 	1052 	1736
f 2027 	1713 	1720
f 1757 	2722 	1774
f 1728 	2043 	1727
f 1720 	1727 	2043
f 1729 	1774 	1764
f 1775 	1765 	1764
f 1775 	1764 	1774
f 1704 	1125 	1694
f 3553 	3519 	1779
f 2722 	2723 	1774
f 1709 	1694 	1213
f 1124 	1213 	1694
f 1709 	1213 	1712
f 3451 	3452 	943
f 1781 	1674 	1780
f 1679 	1674 	1668
f 1791 	1802 	1782
f 1508 	2282 	1524
f 1524 	2282 	2284
f 1672 	1782 	1802
f 1784 	1791 	1783
f 1776 	3451 	943
f 1802 	1791 	1784
f 1778 	1779 	1804
f 1805 	1804 	1779
f 1804 	1799 	1760
f 1787 	1786 	1801
f 1789 	1790 	1783
f 1789 	1783 	1791
f 1779 	1659 	1805
f 1801 	1786 	1803
f 1788 	1803 	1786
f 1199 	1197 	1795
f 1795 	1731 	1792
f 1793 	2083 	1797
f 1783 	1790 	1795
f 2162 	2166 	1916
f 1797 	1798 	1793
f 1731 	1795 	1790
f 1743 	1718 	1731
f 1483 	1479 	1803
f 1776 	1787 	1800
f 1780 	1672 	1802
f 1787 	1801 	1800
f 1917 	1796 	1991
f 1991 	1796 	1993
f 1777 	2083 	1793
f 1792 	1731 	1718
f 1636 	1860 	1809
f 3511 	1776 	1806
f 1776 	1800 	1806
f 504 	495 	1995
f 1800 	1801 	3599
f 1760 	1799 	1796
f 1705 	1808 	1812
f 1993 	1796 	1799
f 1760 	1778 	1804
f 1814 	1505 	1986
f 1812 	1813 	1705
f 1813 	1697 	1705
f 1746 	1705 	1697
f 518 	504 	1995
f 1003 	1044 	1001
f 1000 	1048 	999
f 1820 	2147 	1817
f 1817 	2147 	1815
f 2147 	2880 	1945
f 1821 	1811 	999
f 1819 	999 	1811
f 1819 	1811 	1808
f 1811 	1812 	1808
f 1821 	999 	1048
f 1823 	1817 	1815
f 1823 	1815 	1822
f 1817 	1823 	1820
f 515 	518 	1834
f 1552 	1691 	1351
f 2147 	1820 	1840
f 1824 	1840 	1820
f 1795 	1200 	1199
f 1552 	1551 	1691
f 1797 	1826 	1798
f 1828 	1829 	1826
f 1683 	1608 	1827
f 1680 	1682 	1827
f 1825 	1827 	1844
f 1824 	1825 	1840
f 1832 	1838 	1831
f 1824 	1820 	1825
f 1833 	1825 	1820
f 1833 	1820 	1823
f 1835 	1827 	1825
f 1835 	1825 	1833
f 1836 	1838 	1832
f 1827 	1835 	1683
f 1693 	1683 	1835
f 1830 	1831 	1838
f 1826 	1837 	1828
f 1823 	1853 	1833
f 1855 	1856 	1833
f 3087 	3101 	1818
f 2393 	2147 	1738
f 1829 	3074 	1798
f 1840 	1842 	1739
f 1840 	1739 	1738
f 1690 	1841 	1691
f 1843 	1740 	1739
f 1843 	1739 	1842
f 1844 	1742 	1740
f 1844 	1740 	1843
f 1829 	1798 	1826
f 1682 	1402 	1844
f 1742 	1844 	1402
f 3090 	3088 	1818
f 1840 	1825 	1842
f 1842 	1825 	1843
f 1844 	1843 	1825
f 1637 	1809 	1810
f 1815 	2147 	1945
f 515 	1834 	1839
f 1830 	1838 	1846
f 1838 	2308 	1846
f 1848 	1505 	1850
f 1847 	1949 	1852
f 3087 	1818 	3088
f 1847 	1852 	1822
f 1847 	1822 	1815
f 1855 	1833 	1853
f 1849 	1854 	2116
f 1855 	1853 	1799
f 1849 	1837 	1854
f 1837 	1826 	1854
f 1832 	1831 	2368
f 1797 	1854 	1826
f 2685 	1818 	1816
f 1831 	1830 	1857
f 1830 	1846 	1857
f 1846 	2482 	1857
f 1785 	1816 	2464
f 1818 	2464 	1816
f 2368 	2376 	1832
f 577 	1790 	559
f 1856 	1693 	1835
f 2020 	1693 	1856
f 1835 	1833 	1856
f 1822 	1853 	1823
f 1731 	1224 	1217
f 1804 	1855 	1799
f 1636 	1725 	1860
f 1805 	1856 	1855
f 1804 	1805 	1855
f 1859 	1860 	1729
f 1858 	1859 	1764
f 2021 	1708 	1693
f 1221 	1789 	1791
f 1789 	559 	1790
f 1224 	1731 	1790
f 1196 	1784 	1783
f 1862 	1884 	1863
f 1851 	1860 	1859
f 1851 	1809 	1860
f 1783 	1795 	1197
f 1792 	1718 	1200
f 1637 	1094 	1643
f 1197 	1196 	1783
f 1792 	1200 	1795
f 1088 	1875 	1087
f 1884 	1868 	1863
f 1867 	1087 	1875
f 1870 	1868 	1893
f 589 	586 	503
f 1903 	1777 	1904
f 1872 	1873 	1869
f 1896 	1874 	1870
f 1896 	1870 	1893
f 1872 	3701 	1873
f 1896 	1866 	1874
f 1878 	850 	1871
f 1877 	1878 	1871
f 503 	1871 	850
f 1873 	1876 	1869
f 1920 	1866 	1919
f 2252 	1881 	1871
f 1871 	1881 	1877
f 615 	611 	534
f 1885 	534 	1890
f 1883 	1869 	1876
f 1841 	1690 	1845
f 1880 	1884 	1862
f 1879 	1885 	1884
f 1879 	1884 	1880
f 1879 	534 	1885
f 1828 	1876 	1888
f 1961 	599 	1963
f 1963 	588 	1889
f 530 	1879 	1889
f 1691 	1841 	1351
f 600 	588 	1963
f 1841 	1380 	1351
f 1837 	1876 	1828
f 1890 	534 	611
f 1884 	1890 	1868
f 1884 	1885 	1890
f 611 	645 	1890
f 1893 	1890 	645
f 1890 	1893 	1868
f 1876 	1873 	1888
f 1896 	645 	1982
f 645 	1896 	1893
f 1889 	1896 	1982
f 1866 	1896 	1889
f 1991 	1920 	1917
f 1898 	1609 	1312
f 2465 	1887 	1886
f 1862 	1863 	1919
f 1900 	1902 	1901
f 1900 	1905 	1902
f 1879 	1880 	1889
f 1901 	1317 	1900
f 1849 	2382 	1883
f 1837 	1849 	1883
f 1880 	1862 	1866
f 1866 	1889 	1880
f 2417 	1907 	1908
f 1837 	1883 	1876
f 1905 	1906 	1902
f 1870 	1953 	1868
f 2296 	2291 	1911
f 1910 	1911 	1899
f 937 	1912 	935
f 1899 	935 	1912
f 1899 	1912 	1910
f 1906 	1891 	1902
f 1887 	877 	1886
f 1909 	1906 	1905
f 1892 	3627 	1894
f 2236 	2235 	3645
f 1895 	1902 	1891
f 782 	780 	2303
f 1874 	1955 	1870
f 1914 	1938 	1984
f 1895 	1898 	1902
f 1866 	1920 	1874
f 1955 	1874 	1920
f 1898 	1901 	1902
f 1898 	1311 	1901
f 1919 	1917 	1920
f 789 	784 	2303
f 1911 	1910 	1912
f 1235 	1912 	937
f 1311 	1317 	1901
f 2313 	2314 	648
f 1312 	1311 	1898
f 639 	644 	2315
f 1643 	1867 	1925
f 1643 	1925 	1655
f 1908 	1904 	1913
f 1273 	1928 	1929
f 2327 	1911 	1930
f 1922 	1930 	1911
f 1942 	1925 	1867
f 1918 	1921 	1926
f 1926 	1931 	1918
f 1878 	1877 	1881
f 1907 	1932 	1927
f 2146 	1918 	1931
f 1926 	1936 	1931
f 1939 	1941 	1881
f 1307 	1309 	1878
f 1867 	1875 	1942
f 1389 	1380 	1940
f 1936 	1938 	1931
f 1875 	1183 	1942
f 1938 	1914 	1931
f 1943 	1389 	1940
f 1936 	2084 	1938
f 1667 	2706 	1182
f 1182 	2694 	1183
f 1768 	1760 	1796
f 1862 	1919 	1866
f 1749 	2733 	1747
f 2087 	2084 	1936
f 1943 	1933 	1381
f 1183 	2694 	1942
f 1847 	1815 	1945
f 1868 	1949 	1946
f 1863 	1868 	1946
f 1654 	2733 	1924
f 1945 	1946 	1949
f 1950 	1947 	1948
f 1897 	1903 	1908
f 1903 	1904 	1908
f 1747 	2733 	1654
f 1847 	1945 	1949
f 1916 	1945 	1944
f 1917 	1945 	1916
f 1948 	1951 	1950
f 1919 	1946 	1945
f 1919 	1945 	1917
f 1946 	1919 	1863
f 1949 	1868 	1953
f 1953 	1852 	1949
f 1956 	1957 	2005
f 2006 	1852 	1955
f 2106 	1906 	2061
f 1947 	1926 	1948
f 1909 	2061 	1906
f 1822 	1852 	2006
f 1891 	1906 	2106
f 2106 	2077 	1891
f 1948 	1926 	1921
f 1870 	1955 	1953
f 1953 	1955 	1852
f 1950 	1959 	1947
f 1909 	3858 	2061
f 1991 	2006 	1955
f 1991 	1955 	1920
f 1958 	1834 	1952
f 1958 	1839 	1834
f 1960 	1959 	1950
f 3858 	1909 	1905
f 1947 	1959 	1936
f 570 	597 	1961
f 1936 	1926 	1947
f 1135 	899 	1967
f 1964 	1965 	1962
f 1968 	892 	605
f 1966 	2040 	1969
f 1912 	1145 	1911
f 1235 	1145 	1912
f 1977 	1952 	1834
f 1777 	1903 	1973
f 791 	764 	1929
f 1273 	1929 	764
f 764 	765 	1273
f 739 	1273 	765
f 1973 	1897 	1971
f 1980 	1954 	1979
f 1903 	1897 	1973
f 645 	1981 	1982
f 1954 	1962 	1979
f 1180 	2246 	1865
f 1978 	1979 	1962
f 1878 	1881 	698
f 2111 	1966 	2112
f 1969 	2112 	1966
f 1985 	1978 	1962
f 1961 	1981 	570
f 1963 	1982 	1981
f 1963 	1981 	1961
f 1997 	2040 	1966
f 1985 	2104 	1978
f 1889 	1982 	1963
f 1987 	1814 	1986
f 688 	679 	1989
f 932 	931 	1989
f 932 	1989 	679
f 1988 	1135 	1967
f 1988 	1967 	1968
f 1988 	1968 	1989
f 1990 	737 	1713
f 605 	688 	1989
f 605 	1989 	1968
f 1965 	1985 	1962
f 701 	699 	1994
f 2005 	2008 	1956
f 2017 	2018 	1956
f 2018 	2024 	1956
f 2104 	1965 	1964
f 1966 	2111 	1997
f 1834 	518 	1995
f 1922 	3998 	1930
f 1996 	1997 	2111
f 1974 	1977 	1995
f 1715 	706 	1994
f 1094 	1637 	2167
f 1969 	1972 	2112
f 1954 	1980 	1998
f 1283 	1282 	2001
f 1605 	1633 	1999
f 1633 	1634 	1999
f 1977 	1834 	1995
f 1984 	2084 	1971
f 1965 	2104 	1985
f 2002 	2117 	1975
f 1822 	2006 	2007
f 1822 	2007 	1853
f 2008 	2009 	1956
f 1983 	1975 	2114
f 1976 	1983 	2114
f 2009 	2010 	1956
f 1983 	2030 	1975
f 2010 	2011 	1956
f 1858 	1848 	1859
f 2004 	841 	2003
f 1914 	2012 	1882
f 2011 	2014 	1956
f 1984 	2012 	1914
f 2017 	1956 	2014
f 1851 	1859 	1850
f 1962 	1954 	1882
f 2015 	2016 	2111
f 1996 	2111 	2013
f 2013 	2111 	2016
f 2001 	1060 	1283
f 717 	2747 	749
f 1962 	1882 	2012
f 1282 	715 	2001
f 1993 	2007 	2006
f 1993 	2006 	1991
f 529 	1990 	531
f 1897 	2012 	1984
f 2007 	1993 	1853
f 1799 	1853 	1993
f 2019 	2117 	2002
f 1962 	2012 	1897
f 2023 	1112 	2022
f 693 	697 	1282
f 745 	2034 	742
f 1984 	1971 	1897
f 2024 	1992 	1956
f 1897 	1970 	1962
f 1693 	2020 	2021
f 2029 	1688 	531
f 1856 	1805 	2020
f 1999 	2020 	1805
f 2033 	1125 	1704
f 2000 	2021 	2020
f 2000 	2020 	1999
f 1964 	2094 	2104
f 2021 	2000 	1675
f 1979 	1978 	2104
f 531 	1990 	2026
f 2021 	1717 	1708
f 2019 	2015 	2117
f 2025 	2026 	1990
f 2015 	2111 	2117
f 1713 	2027 	1990
f 1990 	2027 	2025
f 1980 	2109 	1998
f 2029 	531 	2028
f 2026 	2041 	531
f 2028 	531 	2041
f 2027 	2026 	2025
f 2002 	1975 	2030
f 2760 	2031 	749
f 2031 	637 	749
f 1927 	1915 	1907
f 2045 	2022 	2038
f 738 	742 	2035
f 2035 	2036 	738
f 2022 	738 	2036
f 2036 	2037 	2022
f 2038 	2022 	2037
f 3882 	3935 	3872
f 1976 	3935 	1983
f 1940 	2039 	1943
f 1720 	2043 	2027
f 2032 	2042 	1962
f 2039 	1940 	2040
f 1964 	1962 	2042
f 1943 	2039 	1933
f 2031 	2732 	1974
f 1997 	1996 	2039
f 2013 	2039 	1996
f 1972 	1969 	2040
f 1997 	2039 	2040
f 1688 	1687 	531
f 2044 	1907 	1915
f 2046 	2032 	2044
f 1907 	2044 	2032
f 2016 	2030 	2039
f 2016 	2039 	2013
f 2031 	1974 	637
f 2029 	2028 	1688
f 2016 	2015 	2030
f 2015 	2019 	2030
f 2002 	2030 	2019
f 2094 	2044 	1915
f 1850 	1859 	1848
f 1933 	2039 	2030
f 2043 	1746 	2027
f 1746 	1745 	2027
f 2026 	2027 	1745
f 2315 	1685 	1684
f 1728 	1705 	2043
f 2032 	2046 	2047
f 1685 	2315 	2314
f 1685 	2314 	1696
f 2313 	1698 	2314
f 1696 	2314 	1698
f 2047 	2042 	2032
f 1698 	2313 	1703
f 1907 	1970 	1908
f 2034 	1699 	2035
f 1970 	2032 	1962
f 2049 	2048 	2051
f 2034 	2033 	1699
f 1701 	1699 	2033
f 1701 	2033 	1704
f 1907 	2032 	1970
f 1970 	1897 	1908
f 2022 	2045 	2050
f 2050 	3847 	2022
f 1307 	1878 	698
f 3997 	1881 	1941
f 2042 	2047 	2094
f 2042 	2094 	1964
f 2047 	2046 	2094
f 2046 	2044 	2094
f 1607 	2118 	2060
f 1941 	1939 	3996
f 2056 	1053 	2055
f 2052 	2055 	1052
f 2054 	2055 	1994
f 1715 	1994 	1724
f 2060 	1482 	1607
f 2049 	2051 	2082
f 1994 	2056 	2054
f 2055 	2054 	2056
f 2055 	2052 	1724
f 3962 	2048 	2049
f 2059 	1053 	2056
f 2060 	1534 	1482
f 841 	2056 	506
f 2004 	2059 	841
f 2056 	841 	2059
f 2057 	2106 	2061
f 1858 	2428 	1848
f 1994 	506 	2056
f 2058 	2064 	2156
f 2063 	2080 	2062
f 2069 	2076 	2068
f 2067 	2068 	952
f 952 	2068 	2076
f 2072 	2067 	952
f 2073 	2074 	2071
f 2074 	2078 	2071
f 2071 	2078 	2079
f 1777 	1973 	2083
f 2232 	2078 	2230
f 2071 	2079 	2085
f 2088 	2086 	2110
f 2097 	2088 	2110
f 2230 	2074 	2073
f 2089 	2049 	2082
f 2085 	2079 	2232
f 2078 	2232 	2079
f 2089 	2082 	2081
f 1797 	2084 	2087
f 2089 	2081 	2070
f 1797 	2083 	2084
f 1973 	1971 	2084
f 2049 	2092 	2057
f 2086 	2103 	2090
f 2084 	2083 	1973
f 2093 	2064 	2091
f 2085 	2091 	2071
f 2071 	2091 	2064
f 1491 	2024 	2018
f 962 	2062 	2080
f 2095 	2065 	962
f 2062 	962 	2065
f 2232 	2091 	2085
f 2074 	2230 	2078
f 2103 	2086 	2088
f 2098 	2066 	2064
f 2088 	2097 	2103
f 2099 	2098 	2064
f 2097 	2110 	2100
f 2099 	2240 	2098
f 2093 	2099 	2064
f 2071 	2058 	2053
f 2096 	3512 	2100
f 2058 	2071 	2064
f 2053 	1882 	1954
f 2100 	2103 	2097
f 2053 	1954 	2071
f 1915 	2101 	2094
f 1915 	1927 	2101
f 1839 	2124 	1644
f 1644 	515 	1839
f 1938 	2084 	1984
f 2066 	2098 	2240
f 3512 	2103 	2100
f 2102 	3512 	2096
f 1492 	1479 	2005
f 2089 	2070 	2092
f 1649 	1644 	2108
f 2092 	2106 	2057
f 1979 	2104 	2109
f 1980 	1979 	2109
f 2049 	2089 	2092
f 2107 	1607 	1639
f 2017 	1490 	2018
f 1649 	2108 	2107
f 2092 	2070 	2075
f 2110 	3540 	2100
f 1649 	2107 	1639
f 2075 	2077 	2092
f 2077 	2106 	2092
f 1492 	2005 	1470
f 2115 	2118 	2107
f 2471 	873 	1892
f 1972 	2300 	2112
f 2107 	2118 	1607
f 875 	2497 	1886
f 875 	874 	2497
f 2498 	874 	880
f 2117 	2114 	1975
f 887 	873 	2471
f 1960 	2113 	1959
f 2113 	2116 	1959
f 2110 	3050 	3544
f 2117 	2120 	2114
f 1936 	1959 	2116
f 2107 	2108 	2115
f 3551 	1768 	1796
f 2081 	2082 	2112
f 2116 	2087 	1936
f 2111 	2112 	2082
f 1396 	1398 	2121
f 3435 	2118 	2115
f 2121 	3213 	1396
f 1849 	2116 	2113
f 2060 	2118 	3435
f 1957 	1470 	2005
f 1402 	1396 	3213
f 2120 	2117 	2051
f 1854 	2087 	2116
f 2604 	955 	2557
f 2120 	2051 	2048
f 1854 	1797 	2087
f 1489 	2014 	2011
f 2123 	2104 	2094
f 2051 	2117 	2082
f 1489 	1490 	2014
f 2082 	2117 	2111
f 2123 	2122 	2104
f 2802 	2621 	942
f 2122 	2109 	2104
f 877 	943 	2578
f 2108 	1644 	2124
f 2109 	2122 	2125
f 1137 	996 	1050
f 1050 	1138 	1137
f 2108 	2124 	2115
f 1045 	1139 	1138
f 1895 	2126 	2127
f 2008 	1483 	2009
f 2127 	2126 	2129
f 1483 	1485 	2009
f 1895 	2127 	1898
f 2124 	2128 	2115
f 1129 	1018 	1017
f 2151 	2154 	1916
f 2129 	2131 	2127
f 1016 	1131 	1017
f 1129 	1017 	1131
f 1491 	2018 	1490
f 1015 	1153 	1016
f 1131 	1016 	1153
f 2125 	2122 	2391
f 2124 	1958 	2128
f 2124 	1839 	1958
f 2127 	1609 	1898
f 3652 	2130 	2136
f 1609 	2131 	1614
f 2127 	2131 	1609
f 517 	2135 	2101
f 3652 	2136 	987
f 2094 	2135 	2123
f 2138 	2132 	2153
f 2150 	2153 	2132
f 2101 	2135 	2094
f 2347 	2319 	1771
f 2319 	1730 	1771
f 2138 	2139 	2132
f 2140 	1918 	2146
f 2139 	2138 	2297
f 2153 	2297 	2138
f 2146 	1882 	2053
f 1738 	1739 	2393
f 2132 	2139 	2137
f 2146 	2058 	2140
f 2297 	2137 	2139
f 1840 	1738 	2147
f 2793 	3471 	2794
f 3470 	2794 	3471
f 1845 	2173 	1841
f 2053 	2058 	2146
f 3470 	3517 	2794
f 1841 	2173 	2149
f 1380 	1841 	1940
f 2154 	2155 	1916
f 941 	2803 	942
f 2155 	2158 	1916
f 2158 	2159 	1916
f 2153 	2150 	2152
f 1931 	1914 	2146
f 1040 	1677 	1041
f 2159 	2162 	1916
f 1916 	2171 	1917
f 1914 	1882 	2146
f 2141 	2105 	2157
f 1677 	1040 	1678
f 1039 	1678 	1040
f 2156 	2157 	2105
f 2157 	2243 	2141
f 1678 	556 	1679
f 1039 	545 	1678
f 2073 	2109 	2230
f 2157 	2156 	2160
f 2161 	2160 	2156
f 1043 	1033 	1679
f 2172 	2140 	2058
f 1674 	1679 	1033
f 2166 	2168 	1916
f 1674 	1033 	1672
f 1031 	1672 	1033
f 2156 	2172 	2058
f 2165 	2167 	877
f 1810 	877 	2167
f 2169 	2144 	2143
f 2145 	2165 	877
f 2064 	2066 	2156
f 1031 	554 	1672
f 1916 	2168 	2171
f 1796 	1917 	2171
f 2170 	2156 	2066
f 2156 	2170 	2161
f 2145 	877 	2144
f 2149 	1940 	1841
f 2240 	2093 	2232
f 1020 	1669 	1022
f 1668 	1022 	1669
f 1671 	1669 	1019
f 1020 	1019 	1669
f 2177 	2176 	2172
f 2172 	2174 	2177
f 1992 	1474 	2164
f 1671 	1019 	1018
f 2183 	877 	2182
f 2184 	877 	2183
f 2186 	877 	2184
f 2187 	877 	2186
f 1231 	1256 	2181
f 2178 	1232 	2179
f 560 	1672 	554
f 1672 	560 	1782
f 1895 	1891 	2193
f 2179 	1231 	2181
f 2093 	2240 	2099
f 1891 	2387 	2193
f 1022 	1668 	1781
f 1023 	1022 	1781
f 2129 	2126 	2193
f 1918 	2140 	2196
f 1259 	2197 	1264
f 2140 	2172 	2196
f 2193 	2126 	1895
f 2152 	2150 	2163
f 2197 	3618 	2198
f 2141 	2201 	2105
f 2253 	2251 	2148
f 2203 	1921 	1918
f 1268 	2200 	2204
f 2196 	2203 	1918
f 2105 	2175 	2174
f 2209 	877 	2208
f 2210 	2148 	515
f 2175 	2105 	2211
f 2105 	2174 	2172
f 1222 	1782 	1030
f 2216 	2210 	2215
f 2105 	2172 	2156
f 2148 	2210 	2217
f 1250 	1427 	2187
f 2170 	2066 	2240
f 2196 	2172 	2205
f 2216 	2217 	2210
f 2205 	2479 	2196
f 2243 	2244 	2201
f 2201 	2141 	2243
f 2160 	2243 	2157
f 2243 	2160 	2240
f 2160 	2161 	2240
f 2170 	2240 	2161
f 2223 	2224 	2225
f 2223 	2226 	2384
f 2196 	2479 	2203
f 2226 	2223 	2225
f 2228 	2229 	2227
f 2225 	2227 	2229
f 2204 	2200 	3507
f 2218 	2204 	3507
f 2225 	2229 	2226
f 2071 	1954 	2073
f 2231 	2073 	1954
f 3618 	3507 	2199
f 2208 	877 	2207
f 2230 	2273 	2232
f 1954 	1998 	2231
f 2129 	2193 	2202
f 2091 	2232 	2093
f 2143 	877 	2142
f 2214 	2142 	877
f 1998 	2109 	2231
f 2073 	2231 	2109
f 2176 	2237 	2205
f 2234 	2129 	2202
f 2172 	2176 	2205
f 2239 	1904 	1777
f 2238 	2129 	2234
f 957 	2201 	2244
f 2131 	2129 	2238
f 2168 	523 	2171
f 2236 	3645 	2241
f 2241 	3645 	2245
f 2246 	2245 	3644
f 2248 	2136 	2134
f 2247 	2244 	2243
f 3126 	2238 	2234
f 2243 	2283 	2247
f 2992 	2239 	1777
f 2239 	2242 	1904
f 1871 	503 	586
f 2163 	2150 	2251
f 2150 	2148 	2251
f 2255 	2253 	2148
f 2250 	2258 	2252
f 2256 	2252 	2258
f 2261 	2258 	2249
f 2250 	2249 	2258
f 2262 	2260 	2475
f 2142 	2214 	1088
f 2255 	2317 	2253
f 2148 	2217 	2255
f 2254 	2363 	2263
f 2263 	2262 	2481
f 2475 	2481 	2262
f 2152 	2163 	2297
f 2265 	2259 	1951
f 1881 	2252 	2256
f 1948 	2265 	1951
f 2181 	877 	2179
f 1948 	1921 	2265
f 2182 	877 	2181
f 2206 	877 	2187
f 2267 	2264 	2266
f 1921 	2203 	2265
f 2203 	2479 	2265
f 2422 	2269 	2266
f 2210 	515 	3851
f 2230 	2125 	2268
f 2178 	2179 	877
f 2272 	2215 	2210
f 2271 	877 	2270
f 2230 	2268 	2273
f 2269 	2267 	2266
f 2215 	2307 	2216
f 1488 	2271 	2270
f 2274 	2275 	2276
f 2277 	2243 	2240
f 2465 	1488 	1887
f 2221 	2274 	2276
f 2221 	2276 	2222
f 2243 	2277 	2279
f 2274 	2280 	2281
f 2242 	2269 	2422
f 2274 	2281 	2275
f 2269 	2242 	2239
f 2283 	2243 	2279
f 1894 	3627 	2278
f 2278 	3627 	2282
f 2217 	2317 	2255
f 2257 	2269 	2239
f 2285 	2669 	2670
f 2669 	2285 	2279
f 2283 	2279 	2289
f 2289 	2279 	2285
f 2290 	2491 	2224
f 2216 	2307 	2217
f 2286 	3620 	2288
f 2284 	3620 	2286
f 2282 	3620 	2284
f 2292 	2264 	2287
f 2277 	2240 	2273
f 2293 	2264 	2292
f 2215 	2272 	2307
f 2270 	1887 	1488
f 2274 	2491 	2280
f 2277 	2669 	2279
f 2232 	2273 	2240
f 2263 	2363 	2262
f 2254 	2481 	2295
f 2293 	2294 	2264
f 2264 	2294 	2266
f 2263 	2481 	2254
f 2286 	1531 	2284
f 2230 	2109 	2125
f 2295 	2381 	2254
f 2251 	2317 	2163
f 1899 	1911 	2291
f 2248 	2737 	2298
f 2207 	877 	2206
f 2153 	2152 	2297
f 2294 	2411 	2266
f 2295 	2321 	2381
f 2248 	2298 	2136
f 2288 	3618 	2197
f 2306 	2291 	2296
f 2292 	3177 	2293
f 2293 	3177 	2294
f 2199 	2198 	3618
f 2302 	2469 	2301
f 649 	646 	2250
f 478 	635 	2249
f 2303 	2249 	789
f 2304 	2269 	2257
f 2261 	2249 	2303
f 2261 	2303 	2306
f 2251 	2253 	2317
f 2303 	2291 	2306
f 2269 	2304 	2267
f 2276 	2275 	2396
f 2281 	2396 	2275
f 2366 	2384 	2233
f 2290 	2224 	2384
f 2224 	2223 	2384
f 2229 	2384 	2226
f 2229 	2228 	2384
f 2233 	2384 	2228
f 2314 	2315 	648
f 2315 	2316 	639
f 636 	639 	2320
f 790 	636 	2320
f 2322 	2323 	790
f 2310 	1846 	2308
f 2319 	2347 	2256
f 2256 	2258 	2319
f 2318 	2319 	2258
f 2297 	2163 	2317
f 1972 	2040 	2300
f 2217 	2307 	2317
f 785 	790 	2323
f 783 	785 	2324
f 2317 	2307 	2341
f 2386 	2267 	2304
f 2317 	2332 	2297
f 2324 	2325 	783
f 2325 	1273 	783
f 781 	783 	1273
f 2325 	2326 	1273
f 1928 	1273 	2326
f 2295 	2469 	2321
f 1911 	2327 	2296
f 2327 	2329 	2296
f 2296 	2329 	2306
f 2321 	2302 	2381
f 2301 	2381 	2302
f 498 	507 	2155
f 2363 	2254 	2381
f 2306 	2329 	2331
f 2346 	2306 	2331
f 2301 	2300 	2040
f 2335 	2261 	2333
f 2318 	2258 	2334
f 2040 	2381 	2301
f 2258 	2261 	2335
f 2258 	2335 	2337
f 2258 	2337 	2339
f 2258 	2339 	2334
f 3652 	2151 	2130
f 2306 	2344 	2261
f 2307 	2351 	2341
f 2346 	2342 	2306
f 2306 	2342 	2343
f 2306 	2343 	2344
f 2333 	2261 	2344
f 2653 	2305 	2336
f 1881 	2256 	2347
f 2347 	1939 	1881
f 1487 	2178 	2271
f 2299 	2345 	2348
f 3560 	2190 	2189
f 1506 	1894 	2278
f 2317 	2341 	2332
f 2340 	2349 	2362
f 2299 	2348 	2305
f 2155 	2154 	498
f 3570 	3531 	2195
f 2338 	2340 	2362
f 2653 	2336 	1951
f 2236 	1652 	2235
f 3533 	3556 	2164
f 1950 	1951 	2336
f 3556 	2185 	2180
f 2340 	2475 	2349
f 3559 	3560 	2188
f 2341 	2351 	2547
f 2259 	2653 	1951
f 2260 	2350 	2475
f 2194 	3567 	2195
f 2133 	2195 	3531
f 2180 	2164 	3556
f 2348 	2336 	2305
f 3252 	2338 	2362
f 2352 	2353 	2354
f 1758 	1767 	2333
f 2348 	2355 	2336
f 2288 	1532 	1531
f 628 	2132 	2352
f 2355 	1950 	2336
f 2350 	2260 	2363
f 2356 	2348 	2345
f 2357 	1960 	1950
f 2137 	2358 	2132
f 3570 	2195 	3567
f 523 	2168 	2166
f 2353 	2352 	2358
f 2132 	2358 	2352
f 2367 	2472 	2365
f 2349 	2363 	2362
f 2189 	2188 	3560
f 2377 	2360 	2345
f 2349 	2350 	2363
f 2345 	2360 	2356
f 3390 	2359 	2330
f 2356 	2355 	2348
f 2356 	2357 	2355
f 2158 	507 	2159
f 1950 	2355 	2357
f 2173 	2362 	2363
f 510 	2162 	2159
f 2162 	511 	2166
f 2415 	2356 	2360
f 3559 	2188 	2185
f 1836 	2376 	1838
f 1838 	2376 	2308
f 2365 	2310 	2308
f 2190 	3560 	3562
f 3562 	3564 	2190
f 3565 	2192 	2191
f 2381 	2149 	2363
f 2192 	3565 	2194
f 3567 	2194 	3565
f 2137 	2419 	2358
f 2113 	1960 	2357
f 510 	2159 	507
f 2369 	2370 	2352
f 1785 	2464 	2133
f 2371 	2369 	2352
f 3104 	2164 	2180
f 2180 	2185 	3104
f 2188 	2189 	3104
f 2185 	2188 	3104
f 2189 	2190 	3104
f 2191 	2192 	3104
f 2190 	2191 	3104
f 2192 	2194 	3104
f 2363 	2149 	2173
f 1796 	2171 	536
f 2194 	2195 	3104
f 2374 	2375 	2368
f 2133 	3104 	2195
f 1836 	1832 	2376
f 2158 	2155 	507
f 2260 	2262 	2363
f 2149 	2040 	1940
f 2379 	2376 	2368
f 2379 	2365 	2376
f 2375 	2379 	2368
f 2380 	2378 	668
f 2375 	2365 	2379
f 2365 	2308 	2376
f 2374 	2365 	2375
f 2570 	2377 	2372
f 2418 	2380 	2370
f 2369 	2418 	2370
f 2371 	2418 	2369
f 1916 	1956 	2130
f 2374 	2384 	2365
f 2425 	2373 	2418
f 2380 	2418 	2378
f 2354 	2371 	2352
f 2040 	2149 	2381
f 2384 	2396 	2290
f 2367 	2384 	2366
f 2365 	2384 	2367
f 2130 	1992 	3104
f 2164 	3104 	1992
f 2356 	2382 	2357
f 2382 	2113 	2357
f 2880 	2824 	1956
f 2383 	2385 	2070
f 2385 	2075 	2070
f 2880 	2147 	2878
f 2385 	2077 	2075
f 2387 	2077 	2385
f 2386 	2304 	2328
f 1849 	2113 	2382
f 494 	2154 	2151
f 1891 	2077 	2387
f 494 	498 	2154
f 2389 	2081 	2112
f 2383 	2081 	2389
f 2162 	510 	511
f 2390 	2264 	2386
f 516 	2166 	511
f 2383 	2070 	2081
f 516 	523 	2166
f 2264 	2267 	2386
f 2389 	2397 	2383
f 523 	533 	2171
f 2123 	2392 	2122
f 2390 	2386 	2388
f 2392 	2123 	2403
f 533 	536 	2171
f 2280 	2290 	2396
f 2393 	3209 	2413
f 544 	3209 	540
f 668 	628 	2352
f 2394 	2359 	2364
f 2394 	2364 	2388
f 2734 	2395 	2930
f 2385 	2410 	2387
f 2352 	2370 	668
f 2388 	2386 	2394
f 2410 	2202 	2387
f 2122 	2392 	2391
f 540 	3208 	542
f 2297 	2419 	2137
f 2202 	2193 	2387
f 2391 	2392 	2443
f 2354 	2418 	2371
f 2384 	2551 	2396
f 2388 	3395 	2390
f 2358 	2419 	2353
f 2353 	2419 	2354
f 3395 	3401 	2390
f 3210 	547 	542
f 2390 	2287 	2264
f 2386 	2328 	2394
f 2328 	2330 	2394
f 2330 	2359 	2394
f 2407 	2135 	517
f 555 	2407 	517
f 555 	819 	2407
f 2378 	2418 	2373
f 2396 	2400 	2402
f 2397 	2404 	2385
f 2388 	2364 	2401
f 2403 	2407 	2448
f 2398 	2405 	2404
f 2399 	717 	1160
f 2222 	2276 	2409
f 2220 	2222 	2409
f 2135 	2403 	2123
f 2406 	2402 	2400
f 2423 	2220 	2409
f 2403 	2135 	2407
f 2397 	2398 	2404
f 1775 	2416 	1765
f 2409 	2406 	2400
f 2393 	2416 	2408
f 2424 	2423 	2409
f 2404 	2410 	2385
f 2395 	1794 	1957
f 1759 	1758 	2333
f 2344 	1759 	2333
f 2373 	2425 	708
f 2400 	2434 	2409
f 2286 	2288 	1531
f 3209 	2426 	2413
f 2408 	2147 	2393
f 2281 	2280 	2396
f 2413 	1765 	2416
f 2413 	2416 	2393
f 2414 	1869 	2415
f 1775 	1774 	2723
f 1872 	2414 	1864
f 1872 	1869 	2414
f 2402 	2406 	2276
f 2418 	2354 	2419
f 2417 	1908 	1913
f 1753 	2329 	2327
f 2396 	2402 	2276
f 2242 	2417 	1913
f 2415 	2420 	2356
f 2382 	2356 	2420
f 3051 	3054 	2426
f 2242 	2422 	2417
f 2463 	2414 	2415
f 2429 	2430 	2417
f 2431 	2432 	2417
f 2424 	2513 	2423
f 2415 	1869 	2420
f 1869 	1883 	2420
f 2133 	2673 	1785
f 1883 	2382 	2420
f 2428 	2426 	2427
f 1729 	1764 	1859
f 2425 	2418 	2531
f 1764 	1765 	1858
f 2428 	1858 	1765
f 1932 	1907 	2430
f 2417 	2430 	1907
f 2429 	2417 	2432
f 2432 	2101 	2429
f 4003 	4002 	2425
f 2434 	2433 	2435
f 2101 	1932 	2430
f 2434 	2435 	2436
f 2412 	2266 	2411
f 2717 	2911 	2147
f 2439 	2266 	2412
f 2437 	2409 	2434
f 2442 	2266 	2439
f 2440 	2234 	2410
f 1488 	2465 	2441
f 2630 	1488 	2441
f 2444 	2443 	2392
f 2434 	2436 	2437
f 2445 	2437 	2436
f 1750 	2323 	2322
f 547 	3210 	3211
f 2445 	2421 	2437
f 3212 	553 	550
f 2234 	2202 	2410
f 2446 	2422 	2442
f 2422 	2446 	2447
f 550 	3211 	3212
f 2442 	2422 	2266
f 2392 	2403 	2444
f 2409 	2437 	2421
f 2444 	2403 	2448
f 2121 	3650 	553
f 2439 	2412 	3993
f 2246 	1180 	2245
f 2439 	3993 	2442
f 2405 	2410 	2404
f 2453 	2457 	2445
f 2424 	2409 	2421
f 2406 	2409 	2276
f 1178 	1660 	2245
f 819 	2448 	2407
f 2449 	2431 	2417
f 2450 	2451 	2452
f 2410 	2405 	2440
f 2422 	2449 	2417
f 2613 	2607 	2444
f 3996 	1939 	2347
f 2453 	2450 	2452
f 2453 	2452 	2454
f 2613 	2444 	2448
f 3042 	3043 	544
f 2455 	2456 	2457
f 2455 	2457 	2453
f 2455 	2453 	2454
f 2271 	1488 	1487
f 2430 	2429 	2101
f 2456 	2421 	2457
f 2459 	2460 	1864
f 2449 	3994 	2431
f 2456 	2455 	2597
f 1231 	2179 	1232
f 2458 	967 	969
f 2461 	2458 	969
f 2397 	2385 	2383
f 2438 	2441 	2465
f 2464 	3086 	2458
f 2445 	2451 	2450
f 2445 	2450 	2453
f 2421 	2445 	2457
f 1864 	2463 	2459
f 2422 	2462 	2449
f 1782 	1222 	1791
f 2422 	2447 	2462
f 2466 	2438 	2465
f 1222 	1221 	1791
f 969 	2468 	2461
f 1864 	2414 	2463
f 1196 	1802 	1784
f 2300 	2469 	2112
f 924 	2477 	2470
f 2242 	1913 	1904
f 2389 	2112 	2469
f 2310 	2365 	2472
f 2389 	2469 	2467
f 2635 	1506 	2749
f 2432 	3994 	2101
f 2438 	2478 	2480
f 2438 	2480 	2441
f 2462 	3994 	2449
f 2432 	2431 	3994
f 2467 	2469 	2481
f 2397 	2389 	2467
f 1932 	2101 	1927
f 2300 	2301 	2469
f 2295 	2481 	2469
f 1886 	2497 	2466
f 2302 	2321 	2469
f 2233 	2228 	2485
f 2227 	2485 	2228
f 2481 	2475 	2467
f 1846 	2310 	2482
f 2470 	2612 	2619
f 2366 	2233 	2485
f 2473 	2472 	2367
f 1886 	2466 	2465
f 2367 	2366 	2473
f 2476 	2473 	2366
f 2485 	2476 	2366
f 2484 	924 	3757
f 2310 	2105 	2483
f 2205 	2485 	2227
f 2474 	2471 	1892
f 2474 	1892 	2635
f 2476 	2485 	2237
f 2205 	2237 	2485
f 976 	2468 	969
f 2398 	2397 	2467
f 2479 	2205 	2227
f 2460 	2484 	3757
f 2490 	2467 	2475
f 1506 	2278 	2282
f 2398 	2467 	2490
f 2438 	2466 	2492
f 1087 	2143 	1088
f 2142 	1088 	2143
f 1087 	2169 	2143
f 2466 	2497 	2492
f 2225 	2224 	2491
f 2494 	2571 	2570
f 1093 	2145 	2144
f 2491 	2495 	2225
f 2488 	2492 	2497
f 2494 	2496 	2571
f 2495 	2227 	2225
f 2350 	2349 	2475
f 2494 	2463 	2496
f 2290 	2280 	2491
f 2145 	1091 	2165
f 2479 	2227 	2495
f 2415 	2496 	2463
f 1810 	2167 	1637
f 2495 	2491 	2259
f 2167 	2165 	1094
f 2265 	2495 	2259
f 1094 	2165 	1091
f 2265 	2479 	2495
f 903 	924 	905
f 1093 	2144 	2169
f 2501 	905 	924
f 1802 	1196 	1195
f 2507 	2492 	2488
f 2507 	2488 	2502
f 2214 	2213 	1151
f 1195 	1024 	1802
f 1154 	1151 	2212
f 2213 	2212 	1151
f 2608 	2500 	1408
f 2297 	2504 	2419
f 2503 	2274 	2221
f 2619 	2501 	2470
f 2259 	2491 	2503
f 2506 	2500 	2608
f 2448 	905 	2501
f 2474 	2635 	2749
f 2297 	2332 	2504
f 2503 	2491 	2274
f 2540 	2504 	2332
f 2492 	2507 	2478
f 2492 	2478 	2438
f 2484 	2460 	2477
f 2502 	2751 	2507
f 2607 	2613 	2470
f 880 	2519 	2498
f 1178 	2245 	1180
f 924 	2470 	2501
f 2494 	2477 	2459
f 2187 	2186 	1250
f 2459 	2463 	2494
f 2460 	2459 	2477
f 874 	2498 	2497
f 2220 	2423 	2512
f 2501 	2619 	2448
f 887 	2505 	883
f 2499 	883 	2505
f 2212 	2209 	1154
f 2514 	2423 	2513
f 2512 	2423 	2514
f 2515 	2483 	2487
f 1425 	2209 	2208
f 887 	2471 	2505
f 2448 	819 	905
f 1426 	1425 	2207
f 2208 	2207 	1425
f 2486 	2487 	2483
f 2483 	2515 	2482
f 2207 	2206 	1426
f 2206 	2187 	1427
f 1430 	1348 	2218
f 2497 	2498 	2488
f 2219 	1431 	2218
f 1430 	2218 	1431
f 2489 	2493 	980
f 2220 	2512 	2222
f 2221 	2222 	2512
f 2519 	2521 	2516
f 2516 	2518 	2519
f 2488 	2498 	2518
f 2514 	2520 	2512
f 2577 	2572 	2521
f 2519 	2518 	2498
f 1651 	1431 	2235
f 1651 	2235 	1652
f 1652 	2236 	1660
f 2538 	2487 	2486
f 2201 	957 	2526
f 2319 	2318 	1726
f 2318 	2334 	1726
f 2508 	2503 	2221
f 2419 	2525 	2418
f 2528 	2773 	2524
f 2504 	2525 	2419
f 2201 	2526 	2105
f 2953 	2522 	2530
f 2526 	2483 	2105
f 2483 	2482 	2310
f 2510 	2660 	2511
f 2418 	2525 	2531
f 2523 	2477 	2494
f 2105 	2310 	2211
f 2472 	2211 	2310
f 2483 	2526 	2486
f 2953 	2517 	2522
f 1413 	2773 	2534
f 2533 	2534 	2773
f 2533 	2773 	2532
f 2531 	2525 	2936
f 2541 	2536 	1857
f 1831 	1857 	2536
f 1420 	1413 	2534
f 985 	980 	2493
f 2537 	2536 	2535
f 2486 	2526 	2538
f 2538 	2526 	957
f 2536 	2537 	2551
f 2522 	2523 	2494
f 2540 	2332 	2539
f 2538 	2542 	2487
f 2368 	1831 	2536
f 2494 	2570 	2522
f 2541 	2535 	2536
f 2515 	2487 	2542
f 2542 	1857 	2482
f 2515 	2542 	2482
f 2528 	2532 	2773
f 2551 	2368 	2536
f 2537 	2543 	2551
f 2364 	2359 	2544
f 2522 	2372 	2530
f 2660 	2666 	2528
f 2332 	2341 	2539
f 2524 	2511 	2660
f 2660 	2510 	2509
f 2368 	2551 	2374
f 2359 	2361 	2544
f 2550 	2551 	2543
f 2528 	2524 	2660
f 2549 	2548 	2517
f 2550 	2552 	2551
f 2547 	2539 	2341
f 2400 	2396 	2551
f 2134 	2130 	2546
f 1726 	2334 	1769
f 1770 	1769 	2339
f 2334 	2339 	1769
f 2544 	2545 	2553
f 2384 	2374 	2551
f 2555 	2549 	2517
f 2339 	2337 	1766
f 2339 	1766 	1770
f 2546 	2554 	2134
f 2337 	2335 	1767
f 2337 	1767 	1766
f 2335 	2333 	1767
f 2533 	2666 	2534
f 987 	2564 	2546
f 2343 	1759 	2344
f 2554 	2546 	2564
f 2567 	2518 	2516
f 2567 	2516 	2566
f 2564 	987 	2136
f 2502 	2488 	2518
f 2502 	2518 	2567
f 2562 	2558 	2953
f 2517 	2953 	2558
f 2517 	2558 	2559
f 2517 	2559 	2555
f 2134 	2136 	2130
f 2566 	2609 	2772
f 2566 	2772 	2567
f 880 	2521 	2519
f 2372 	2522 	2570
f 1952 	2563 	2569
f 948 	2560 	2557
f 2545 	2568 	2615
f 2570 	2571 	2377
f 883 	2499 	2560
f 1952 	1977 	2563
f 1958 	1952 	2569
f 2516 	2521 	2572
f 990 	2361 	3391
f 2571 	2360 	2377
f 2568 	2361 	990
f 2568 	2545 	2361
f 2577 	2578 	2572
f 2544 	2361 	2545
f 2571 	2415 	2360
f 2573 	2572 	2578
f 2496 	2415 	2571
f 2556 	2583 	2584
f 2556 	2551 	2583
f 2552 	2583 	2551
f 2444 	2586 	2443
f 2587 	1977 	2732
f 2556 	2584 	2589
f 2558 	2586 	2559
f 2562 	2586 	2558
f 2434 	2556 	2589
f 2433 	2434 	2589
f 2591 	2580 	2593
f 1977 	2587 	2563
f 2551 	2556 	2400
f 2595 	2545 	2580
f 2595 	2553 	2545
f 2400 	2556 	2434
f 2587 	2732 	2805
f 2513 	2424 	2529
f 2545 	2615 	2580
f 2565 	2586 	2562
f 2596 	2563 	2587
f 2574 	2679 	2581
f 2591 	2595 	2580
f 2563 	2596 	2598
f 2527 	2456 	2599
f 2597 	2599 	2456
f 2444 	2622 	2548
f 2527 	2529 	2456
f 2557 	2560 	2765
f 2421 	2529 	2424
f 2529 	2421 	2456
f 2596 	2600 	2601
f 2615 	2593 	2580
f 2559 	2586 	2444
f 2548 	2549 	2444
f 2549 	2555 	2444
f 2559 	2444 	2555
f 2596 	2601 	2598
f 2601 	2605 	2598
f 2605 	2563 	2598
f 1648 	2603 	2608
f 2605 	2569 	2563
f 2566 	2516 	2572
f 2566 	2572 	2609
f 2470 	2610 	2607
f 2606 	2607 	2610
f 2603 	2614 	2608
f 1648 	2608 	1658
f 2435 	2433 	2602
f 2589 	2602 	2433
f 2436 	2435 	2602
f 2609 	2572 	2573
f 2608 	1408 	1658
f 2618 	2772 	2609
f 2608 	2614 	2506
f 2612 	2470 	2613
f 2451 	2062 	2452
f 2615 	2568 	1028
f 2454 	2062 	2455
f 2803 	2766 	2802
f 2606 	2444 	2607
f 2573 	2621 	2618
f 1028 	1011 	2615
f 2766 	2618 	2621
f 1011 	2611 	2615
f 2618 	2609 	2573
f 2541 	2602 	2535
f 2537 	2535 	2602
f 2602 	2541 	1857
f 2611 	2593 	2615
f 2801 	2600 	2596
f 2784 	2620 	2604
f 2587 	2805 	2596
f 2537 	2602 	2543
f 2552 	2543 	2602
f 2625 	2553 	1047
f 2552 	2602 	2583
f 2584 	2583 	2602
f 2584 	2602 	2589
f 2621 	2573 	2578
f 2577 	877 	2578
f 2625 	1047 	1049
f 948 	2557 	955
f 955 	2604 	956
f 2620 	956 	2604
f 2617 	2616 	2614
f 3518 	956 	2784
f 2622 	2606 	2610
f 2616 	2624 	2614
f 2622 	2444 	2606
f 2561 	2614 	2624
f 2401 	2364 	2625
f 2627 	2832 	2626
f 2364 	2544 	2625
f 2622 	2610 	2548
f 1493 	1487 	2630
f 2625 	2544 	2553
f 2561 	2506 	2614
f 2445 	2436 	2602
f 2632 	2633 	2634
f 2517 	2548 	2610
f 2616 	2785 	2624
f 2599 	2597 	2065
f 2454 	2452 	2062
f 2749 	2748 	2474
f 1506 	1508 	2749
f 2441 	2480 	2630
f 2636 	2630 	2480
f 2597 	2455 	2065
f 1511 	1493 	2630
f 1511 	2630 	2636
f 2610 	2522 	2517
f 2062 	2065 	2455
f 2610 	2470 	2523
f 2477 	2523 	2470
f 2631 	2632 	2634
f 2610 	2523 	2522
f 2636 	2676 	1511
f 2643 	1276 	2677
f 1145 	1235 	1146
f 1234 	1146 	1235
f 2603 	2691 	2617
f 1548 	2677 	1276
f 2641 	1280 	2643
f 1262 	1149 	1234
f 2448 	2619 	2612
f 1146 	1234 	1149
f 2649 	2643 	2684
f 1262 	993 	1149
f 2628 	2650 	2631
f 2643 	2649 	2648
f 2643 	2648 	2641
f 2603 	2617 	2614
f 1015 	1271 	1153
f 2626 	2832 	2623
f 2650 	2632 	2631
f 2612 	2613 	2448
f 2832 	2627 	2651
f 2651 	2629 	2832
f 1524 	1531 	2750
f 1660 	2730 	1652
f 2624 	2729 	2561
f 1657 	1656 	2706
f 2062 	2451 	2063
f 2451 	2445 	2063
f 2652 	2063 	2445
f 2445 	2602 	2652
f 2626 	2973 	2627
f 1180 	2731 	1178
f 1178 	2730 	1660
f 2503 	2653 	2259
f 1652 	2730 	1651
f 2832 	2629 	2837
f 2654 	2601 	2632
f 2473 	2476 	2655
f 2472 	2473 	2655
f 1651 	2702 	1431
f 2211 	2472 	2655
f 2605 	2601 	2654
f 2626 	2623 	2973
f 2509 	2657 	2660
f 2654 	2632 	2650
f 2655 	2476 	2237
f 1667 	1657 	2706
f 1656 	1472 	2663
f 2663 	2706 	1656
f 2663 	2641 	2648
f 2273 	2659 	2662
f 2649 	2671 	2648
f 2658 	2629 	2815
f 2268 	2659 	2273
f 2520 	2514 	2095
f 2514 	2513 	2095
f 2065 	2095 	2527
f 2529 	2527 	2095
f 2648 	2664 	2663
f 2662 	2672 	2273
f 2529 	2095 	2513
f 2708 	2663 	2664
f 2533 	2532 	2666
f 2532 	2528 	2666
f 2633 	2600 	2801
f 2543 	2552 	2550
f 2666 	2660 	2713
f 2527 	2599 	2065
f 2666 	2713 	1845
f 2633 	2632 	2600
f 2632 	2601 	2600
f 2669 	2668 	2670
f 3424 	3429 	1747
f 1690 	1420 	2666
f 2273 	2672 	2277
f 2747 	717 	2399
f 1690 	2666 	1845
f 2671 	2684 	2761
f 2667 	2671 	2761
f 2595 	1047 	2553
f 1115 	1047 	2595
f 2277 	2672 	2669
f 2595 	2591 	1191
f 1115 	2595 	1191
f 2750 	2749 	1508
f 1508 	1524 	2750
f 2677 	1541 	2676
f 2478 	2751 	2480
f 2574 	2678 	2679
f 2676 	2636 	2480
f 2679 	2603 	1648
f 2676 	2682 	2684
f 2676 	2684 	2677
f 2684 	2643 	2677
f 1648 	2581 	2679
f 2593 	2680 	2591
f 2673 	970 	2683
f 970 	2685 	2683
f 2687 	2681 	2299
f 845 	3990 	841
f 1055 	841 	3990
f 1291 	472 	1292
f 2686 	2648 	2671
f 2649 	2684 	2671
f 471 	472 	1290
f 1291 	1290 	472
f 2674 	2686 	2667
f 2671 	2667 	2686
f 2687 	2508 	2681
f 2680 	2688 	2591
f 1290 	1289 	474
f 1290 	474 	471
f 2690 	2616 	2617
f 2305 	2687 	2299
f 844 	850 	474
f 2653 	2687 	2305
f 2692 	2680 	2593
f 2690 	2617 	2691
f 2554 	2737 	2134
f 1399 	2692 	1011
f 2664 	2648 	2711
f 2689 	2691 	2678
f 2692 	2611 	1011
f 2691 	2679 	2678
f 2686 	2674 	2711
f 2702 	2711 	2674
f 2692 	2593 	2611
f 2731 	1924 	2733
f 2714 	2721 	481
f 483 	481 	2721
f 1259 	1264 	2667
f 2603 	2679 	2691
f 2512 	2520 	2693
f 1399 	1404 	2692
f 2694 	1182 	2706
f 2693 	2508 	2221
f 2675 	2844 	2656
f 576 	483 	2721
f 2690 	2691 	2689
f 1655 	1925 	2722
f 2693 	2681 	2508
f 2696 	2692 	2695
f 1925 	1942 	2694
f 2697 	2735 	2698
f 2837 	2629 	2658
f 2656 	2837 	2661
f 585 	579 	2698
f 2725 	2694 	2699
f 2693 	2221 	2512
f 2696 	2680 	2692
f 2725 	2722 	2694
f 2967 	2616 	2690
f 2844 	2837 	2656
f 2681 	2693 	2862
f 2708 	2699 	2694
f 2658 	2661 	2837
f 2698 	580 	2697
f 2651 	2815 	2629
f 2503 	2508 	2653
f 2674 	1430 	2702
f 2730 	1178 	2731
f 2702 	1651 	2730
f 2688 	2680 	2696
f 1924 	2731 	1937
f 2657 	2705 	2660
f 2703 	2829 	2707
f 2665 	2829 	2703
f 2653 	2508 	2687
f 2663 	2708 	2706
f 2705 	2657 	2701
f 2706 	2708 	2694
f 2844 	2675 	2709
f 2692 	1404 	2695
f 2686 	2711 	2648
f 2743 	2699 	2741
f 2661 	2809 	2656
f 2739 	2708 	2711
f 2712 	2695 	1404
f 2658 	2815 	2661
f 2721 	2697 	576
f 2708 	2664 	2711
f 2712 	2700 	2695
f 2708 	2739 	2699
f 2659 	2710 	2662
f 2702 	2739 	2711
f 2715 	2662 	2710
f 2713 	2660 	2705
f 2395 	2734 	1773
f 2733 	1772 	2734
f 2695 	2700 	2696
f 2714 	2716 	2718
f 1408 	2500 	2712
f 2662 	2715 	2672
f 2719 	2717 	2408
f 2147 	2408 	2717
f 2720 	2721 	2714
f 2408 	2416 	2723
f 1404 	1408 	2712
f 1727 	1720 	1808
f 2694 	2722 	1925
f 2416 	1775 	2723
f 2408 	2723 	2719
f 2724 	2700 	2726
f 2722 	2725 	2727
f 2722 	2727 	2723
f 2716 	2780 	2735
f 2723 	2727 	2717
f 2723 	2717 	2719
f 2718 	2720 	2714
f 2699 	2743 	2725
f 2725 	2743 	2727
f 2693 	2728 	2862
f 2874 	2862 	2728
f 2743 	2744 	2727
f 2745 	2735 	2780
f 2773 	1413 	2726
f 2728 	2693 	2520
f 1977 	1974 	2732
f 2134 	2737 	2248
f 1414 	1415 	2724
f 2738 	2672 	2715
f 2741 	2699 	2739
f 2724 	1413 	1414
f 2669 	2742 	2668
f 958 	2668 	2742
f 2744 	2972 	2727
f 2730 	2739 	2702
f 2731 	2741 	2739
f 2731 	2739 	2730
f 2726 	1413 	2724
f 2733 	2743 	2741
f 2733 	2741 	2731
f 2743 	2733 	2734
f 2743 	2734 	2744
f 2930 	2744 	2734
f 2724 	1415 	2688
f 2672 	2738 	2669
f 1191 	2591 	2688
f 2505 	2471 	2748
f 2669 	2738 	2742
f 2471 	2474 	2748
f 2724 	2696 	2700
f 2499 	2505 	2748
f 2502 	2567 	2751
f 2773 	2726 	2700
f 2676 	2480 	2751
f 2478 	2507 	2751
f 2752 	2753 	2299
f 2754 	2682 	2751
f 2676 	2751 	2682
f 2729 	2806 	2746
f 2756 	2757 	2759
f 2696 	2724 	2688
f 2755 	2758 	2754
f 2762 	2759 	2757
f 1813 	2035 	1697
f 2684 	2758 	2761
f 2684 	2682 	2758
f 2754 	2758 	2682
f 749 	2747 	2760
f 2748 	2755 	2778
f 2763 	2712 	2500
f 2756 	2759 	658
f 476 	658 	2759
f 2749 	2758 	2755
f 2749 	2755 	2748
f 2750 	2761 	2758
f 2750 	2758 	2749
f 2759 	2714 	476
f 2667 	2761 	2750
f 2737 	2554 	2564
f 2732 	2760 	2805
f 2808 	2500 	2506
f 2604 	2557 	2765
f 2788 	2783 	2979
f 2499 	2748 	2560
f 2748 	2765 	2560
f 2031 	2760 	2732
f 2740 	2745 	2780
f 1021 	2590 	2588
f 2721 	2720 	2735
f 2345 	2299 	2753
f 2618 	2766 	2770
f 2751 	2567 	2772
f 2718 	2716 	2735
f 2720 	2718 	2735
f 2697 	2721 	2735
f 2770 	2772 	2618
f 1734 	1819 	1723
f 2770 	2766 	2772
f 2775 	2772 	2766
f 2775 	2766 	2998
f 2754 	2751 	2772
f 2754 	2772 	2775
f 2771 	2777 	2774
f 2776 	2796 	2762
f 2681 	2752 	2299
f 2754 	2775 	2755
f 2372 	2753 	2779
f 2778 	2755 	2775
f 3002 	2778 	2775
f 2998 	3002 	2775
f 2765 	2778 	3002
f 2773 	2767 	2769
f 2748 	2778 	2765
f 2771 	2774 	2747
f 2767 	2773 	2768
f 2624 	2785 	2787
f 2771 	2747 	2399
f 2765 	2979 	2784
f 2783 	2784 	2979
f 2784 	2604 	2765
f 2816 	2988 	2789
f 2729 	2624 	2787
f 2747 	2774 	2790
f 2794 	2783 	2789
f 2788 	2789 	2783
f 2814 	2789 	2788
f 2700 	2768 	2773
f 2787 	2806 	2729
f 2786 	2781 	2791
f 2781 	2782 	2791
f 2714 	2796 	2716
f 2790 	2760 	2747
f 2510 	2769 	2509
f 2988 	2766 	2793
f 2530 	2779 	2791
f 2621 	2802 	2766
f 2793 	2794 	2988
f 2789 	2988 	2794
f 2792 	2774 	2777
f 2759 	2762 	2796
f 2795 	2796 	2776
f 2773 	2769 	2511
f 2510 	2511 	2769
f 2790 	2774 	2792
f 2511 	2524 	2773
f 2797 	2798 	2799
f 2842 	2847 	2801
f 2795 	2800 	2796
f 3004 	3265 	2872
f 2793 	2766 	2803
f 2825 	2826 	2796
f 2763 	2768 	2712
f 2801 	2792 	2842
f 2768 	2700 	2712
f 2828 	2825 	2796
f 2801 	2805 	2792
f 2759 	2796 	2714
f 2784 	2783 	3518
f 2805 	2790 	2792
f 2867 	2868 	3265
f 2620 	2784 	956
f 2675 	2656 	2809
f 2785 	2804 	2806
f 2760 	2790 	2805
f 2767 	2768 	2763
f 2709 	2675 	2809
f 2791 	2797 	2786
f 2709 	2704 	2844
f 2804 	2868 	2806
f 2500 	2808 	2763
f 2807 	2786 	2797
f 2799 	2807 	2797
f 2785 	2806 	2787
f 2808 	2767 	2763
f 2506 	2561 	2811
f 2780 	2716 	2796
f 2539 	2815 	2540
f 2596 	2805 	2801
f 2811 	2808 	2506
f 2815 	2539 	2809
f 2752 	2862 	2810
f 2812 	2769 	2767
f 2540 	2815 	2973
f 2797 	2791 	2810
f 2814 	2788 	2979
f 2791 	2779 	2810
f 2812 	2767 	2811
f 2817 	2987 	2816
f 2779 	2753 	2810
f 2814 	2816 	2789
f 2753 	2752 	2810
f 2809 	2661 	2815
f 2736 	2740 	2780
f 2813 	2817 	2816
f 2813 	2816 	2814
f 2530 	2372 	2779
f 2982 	2817 	2813
f 2815 	2627 	2973
f 2651 	2627 	2815
f 2782 	2781 	2820
f 2547 	2821 	2539
f 2786 	2835 	2781
f 2808 	2811 	2767
f 2780 	2796 	2826
f 2707 	2809 	2821
f 2707 	2821 	2703
f 2782 	2820 	2827
f 2707 	2704 	2809
f 2704 	2709 	2809
f 2539 	2821 	2809
f 2828 	2830 	2831
f 2681 	2862 	2752
f 2811 	2891 	2812
f 2800 	2830 	2796
f 2828 	2796 	2830
f 2372 	2377 	2753
f 2753 	2377 	2345
f 2819 	2777 	3271
f 2579 	1012 	2582
f 2867 	3265 	2879
f 2837 	2851 	2832
f 2835 	2710 	2833
f 2812 	2891 	2914
f 2828 	2831 	2836
f 2838 	2769 	2812
f 2842 	2818 	2834
f 2827 	2820 	2833
f 2820 	2781 	2833
f 2835 	2833 	2781
f 2825 	2828 	2859
f 987 	2546 	2594
f 2914 	2838 	2812
f 2855 	2737 	2564
f 2855 	2298 	2737
f 2715 	2710 	2835
f 2839 	2826 	2825
f 3141 	3122 	2826
f 2839 	3136 	2826
f 2807 	2835 	2786
f 2842 	2819 	2818
f 2704 	2707 	2829
f 2807 	2799 	2835
f 2798 	2835 	2799
f 2825 	2859 	2843
f 2845 	2839 	2825
f 2841 	2509 	2769
f 2646 	1070 	2647
f 2843 	2845 	2825
f 1072 	985 	2647
f 2846 	2849 	961
f 962 	961 	2849
f 2849 	2846 	2850
f 2834 	2840 	2847
f 2769 	2838 	2841
f 2837 	2844 	2851
f 2848 	2841 	2838
f 2845 	3136 	2839
f 2704 	2829 	2844
f 2847 	2842 	2834
f 2910 	2849 	2850
f 2841 	2657 	2509
f 2851 	2844 	2854
f 2843 	3136 	2845
f 3141 	2826 	3138
f 2842 	2792 	2819
f 2792 	2777 	2819
f 2298 	2855 	2564
f 2298 	2564 	2136
f 2856 	2849 	2853
f 3170 	3136 	2843
f 1057 	2638 	2637
f 2857 	2848 	2838
f 2853 	2905 	2797
f 2801 	2847 	2633
f 1058 	2639 	2638
f 2853 	2797 	2810
f 2848 	2657 	2841
f 2852 	2851 	2873
f 2859 	2860 	2861
f 2862 	2853 	2810
f 2859 	2861 	2863
f 1068 	1070 	2645
f 2843 	2859 	2864
f 2857 	2838 	2927
f 2847 	2840 	2633
f 975 	2849 	2865
f 2856 	2865 	2849
f 2864 	2890 	2843
f 2840 	2634 	2633
f 1057 	2637 	2468
f 3959 	2858 	2829
f 2859 	2863 	2864
f 2866 	2864 	2863
f 2832 	2851 	2852
f 2907 	2906 	2866
f 2849 	975 	962
f 2854 	2844 	2858
f 2871 	3265 	2868
f 2872 	3265 	2871
f 2829 	2858 	2844
f 2856 	2869 	2865
f 2848 	2857 	2657
f 2657 	2857 	2927
f 2869 	2856 	2870
f 2867 	2806 	2868
f 2853 	2862 	2856
f 2862 	2874 	2870
f 2862 	2870 	2856
f 2871 	2804 	2872
f 2871 	2868 	2804
f 1811 	2037 	1812
f 2877 	2823 	2822
f 2877 	2822 	2878
f 2879 	2764 	2746
f 1812 	2037 	1813
f 2824 	2880 	2878
f 2824 	2878 	2822
f 2746 	2806 	2879
f 2867 	2879 	2806
f 2876 	2881 	3033
f 2846 	961 	2889
f 2882 	2885 	2884
f 2882 	2884 	2883
f 2889 	961 	981
f 3123 	2764 	3265
f 2864 	2866 	2890
f 2934 	2742 	2738
f 2886 	2561 	2729
f 2742 	2889 	959
f 2887 	2888 	2885
f 2887 	2885 	2882
f 2746 	2886 	2729
f 959 	2889 	981
f 2823 	2877 	2888
f 2823 	2888 	2887
f 2892 	2894 	2843
f 2890 	2892 	2843
f 2906 	2915 	2866
f 2561 	2886 	2811
f 2822 	2929 	1956
f 2889 	2742 	2934
f 2489 	980 	2575
f 2850 	2889 	2910
f 2934 	2910 	2889
f 2846 	2889 	2850
f 2918 	3199 	2890
f 2875 	2881 	2876
f 2811 	2886 	2891
f 1010 	1012 	2576
f 2893 	2894 	3161
f 2823 	2887 	3012
f 2895 	2891 	2886
f 3170 	2893 	3161
f 2882 	2883 	2976
f 2896 	2897 	2904
f 2896 	2904 	2901
f 2798 	2797 	2900
f 2892 	3159 	2894
f 2897 	2896 	2884
f 2883 	2884 	2896
f 2902 	2977 	2901
f 2576 	2575 	1010
f 2828 	2836 	2859
f 2860 	2859 	2836
f 2797 	2905 	2900
f 2901 	2904 	2903
f 2901 	2903 	2902
f 2746 	2895 	2886
f 2913 	2900 	2905
f 2884 	2983 	2897
f 2896 	2976 	2883
f 1021 	2588 	2585
f 2885 	2983 	2884
f 2893 	2843 	2894
f 3170 	2843 	2893
f 2906 	2907 	2908
f 2878 	2935 	2877
f 2823 	2929 	2822
f 2824 	2822 	1956
f 2909 	2915 	2908
f 2594 	1027 	987
f 2910 	2905 	2849
f 2638 	1057 	1058
f 2915 	2938 	2866
f 2906 	2908 	2915
f 2878 	2147 	2944
f 2916 	2917 	2918
f 2911 	2912 	2147
f 2727 	2919 	2717
f 2911 	2717 	2919
f 2921 	2922 	2914
f 2920 	2912 	2911
f 2920 	2911 	2919
f 2913 	2934 	2900
f 3004 	3005 	3265
f 2912 	2944 	2147
f 2838 	2914 	2922
f 2971 	2944 	2920
f 2923 	2913 	2905
f 2924 	2923 	2905
f 2910 	2924 	2905
f 2927 	2838 	2922
f 2468 	976 	1057
f 2905 	2853 	2849
f 1957 	1956 	2931
f 2929 	2823 	3012
f 2932 	3655 	2921
f 2930 	1957 	2931
f 2928 	1956 	2929
f 2921 	2914 	2932
f 2715 	2934 	2738
f 2887 	2882 	3012
f 2504 	2933 	2525
f 2928 	2931 	1956
f 1957 	2930 	2395
f 2835 	2934 	2715
f 2504 	2540 	2933
f 1072 	2647 	1070
f 2798 	2900 	2835
f 2934 	2835 	2900
f 2923 	2934 	2913
f 2525 	2933 	2936
f 2918 	2938 	2916
f 2938 	2915 	2916
f 2909 	2916 	2915
f 2918 	2890 	2938
f 2936 	2942 	2531
f 2924 	2934 	2923
f 2929 	2940 	2939
f 2929 	2939 	2928
f 2941 	2918 	2943
f 2917 	2943 	2918
f 2910 	2934 	2924
f 2890 	3199 	2892
f 2875 	2899 	2898
f 1068 	2645 	2644
f 2125 	2659 	2268
f 2921 	3655 	2922
f 2890 	2866 	2938
f 2881 	2875 	2898
f 2125 	2391 	2659
f 3512 	2942 	2103
f 3450 	2942 	3512
f 2443 	2710 	2391
f 2947 	2623 	2989
f 2391 	2710 	2659
f 2948 	2947 	2989
f 2949 	3036 	2954
f 2710 	2443 	2586
f 2950 	2952 	2951
f 658 	2946 	2756
f 2756 	2946 	2757
f 2762 	2757 	2946
f 2623 	2832 	2989
f 2493 	2647 	985
f 2875 	2952 	2950
f 2776 	2762 	2946
f 2951 	2631 	2950
f 2782 	2953 	2530
f 2954 	2945 	2958
f 2948 	2989 	2956
f 2875 	2876 	2952
f 2776 	2946 	2800
f 2959 	2956 	2989
f 2791 	2782 	2530
f 2962 	2959 	2991
f 2932 	2914 	2961
f 2960 	2961 	2914
f 2989 	2991 	2959
f 2925 	2690 	2689
f 2963 	2962 	2991
f 2623 	2947 	2973
f 2956 	2975 	2948
f 2925 	2926 	2967
f 2960 	2914 	2949
f 2782 	2827 	2966
f 2964 	2953 	2966
f 2782 	2966 	2953
f 2962 	2975 	2959
f 2965 	2960 	2949
f 2800 	2946 	2830
f 2831 	2830 	2946
f 2860 	2836 	2946
f 2831 	2946 	2836
f 2958 	2957 	2970
f 2953 	2964 	2969
f 2090 	2991 	2086
f 2966 	2833 	2964
f 2946 	2866 	2863
f 2946 	2863 	2861
f 2946 	2861 	2860
f 2944 	2935 	2878
f 1027 	2594 	2592
f 2963 	2991 	2090
f 2912 	2920 	2944
f 2944 	2971 	2937
f 2935 	2944 	2937
f 2919 	2727 	2972
f 2973 	2933 	2540
f 2833 	2966 	2827
f 2974 	2920 	2972
f 2968 	2950 	2634
f 2919 	2972 	2920
f 2971 	2920 	2939
f 2579 	2576 	1012
f 2909 	2908 	2068
f 2067 	2916 	2068
f 2631 	2634 	2950
f 2969 	2565 	2953
f 2565 	2562 	2953
f 2939 	2940 	2971
f 2628 	2631 	2951
f 2907 	2068 	2908
f 2933 	2973 	2936
f 2974 	2939 	2920
f 2937 	2971 	2940
f 2968 	2840 	3129
f 2936 	2973 	2975
f 2710 	2586 	2833
f 2930 	2972 	2744
f 2947 	2948 	2973
f 2931 	2974 	2972
f 2931 	2972 	2930
f 2973 	2948 	2975
f 2634 	2840 	2968
f 2939 	2974 	2931
f 2939 	2931 	2928
f 2586 	2969 	2833
f 2969 	2964 	2833
f 2565 	2969 	2586
f 2956 	2959 	2975
f 2916 	2067 	2917
f 2909 	2068 	2916
f 2975 	2942 	2936
f 2986 	2967 	2926
f 2067 	2943 	2917
f 2902 	2982 	2977
f 2977 	2976 	2901
f 2896 	2901 	2976
f 2090 	2975 	2963
f 2962 	2963 	2975
f 2690 	2925 	2967
f 2950 	2899 	2875
f 2978 	2977 	2982
f 2982 	2813 	2978
f 2813 	2814 	2978
f 2979 	2978 	2814
f 2968 	2899 	2950
f 2103 	2942 	2975
f 2984 	2897 	2983
f 3378 	2304 	2980
f 2975 	2090 	2103
f 2069 	2866 	2981
f 2068 	2907 	2069
f 2907 	2866 	2069
f 2946 	2981 	2866
f 2987 	2990 	2984
f 3378 	2328 	2304
f 2986 	2926 	2985
f 2903 	2904 	2984
f 2988 	2816 	2987
f 2904 	2897 	2984
f 2873 	2851 	3047
f 2903 	2984 	2990
f 2990 	2987 	2817
f 2990 	2817 	2982
f 2800 	2795 	2776
f 3128 	3378 	2980
f 2851 	2854 	3047
f 2982 	2903 	2990
f 2993 	2954 	2970
f 2903 	2982 	2902
f 2994 	2949 	2993
f 2967 	2785 	2616
f 2949 	2954 	2993
f 2965 	2949 	2994
f 2983 	2996 	2984
f 2995 	2996 	2983
f 2967 	2986 	2785
f 2997 	2987 	2984
f 2997 	2984 	2996
f 2958 	2970 	2954
f 2998 	2988 	2987
f 2998 	2987 	2997
f 2785 	2986 	2804
f 2988 	2998 	2766
f 2585 	1014 	1021
f 2873 	3047 	3063
f 2957 	3671 	2970
f 2943 	2067 	2941
f 3002 	2998 	3001
f 641 	1622 	575
f 2997 	2996 	3001
f 2997 	3001 	2998
f 575 	1622 	3003
f 2996 	2999 	3000
f 3000 	3001 	2996
f 2995 	2999 	2996
f 1113 	3006 	3003
f 3007 	3265 	3005
f 3007 	3005 	2985
f 2986 	2985 	3005
f 3110 	3105 	2945
f 1203 	3009 	1113
f 2985 	3010 	3007
f 2977 	3000 	2999
f 2977 	2999 	2976
f 3005 	3004 	2986
f 2978 	3001 	3000
f 2978 	3000 	2977
f 2955 	2954 	3036
f 2979 	3002 	3001
f 2979 	3001 	2978
f 2765 	3002 	2979
f 3011 	3008 	2858
f 2872 	2804 	2986
f 3004 	2872 	2986
f 3012 	2882 	2976
f 2949 	2914 	3024
f 2888 	3013 	2885
f 2955 	3110 	2945
f 3014 	2131 	2238
f 2877 	3013 	2888
f 2983 	2885 	3013
f 2238 	3071 	3014
f 1614 	2131 	3014
f 2995 	2983 	3013
f 2995 	3013 	3016
f 2958 	2945 	2957
f 1614 	3014 	2574
f 3014 	3071 	2574
f 2832 	2852 	3028
f 2678 	2574 	3071
f 2993 	2970 	3671
f 2937 	2940 	3016
f 3018 	2999 	3016
f 3016 	2999 	2995
f 3008 	2854 	2858
f 3012 	2999 	3018
f 3018 	2940 	3012
f 2976 	2999 	3012
f 1302 	1354 	3019
f 1062 	2640 	1059
f 3021 	1354 	947
f 2640 	1062 	2642
f 3022 	2239 	2992
f 1029 	953 	3023
f 2644 	2642 	1064
f 3022 	2257 	2239
f 3013 	2877 	2935
f 3013 	2935 	3016
f 2937 	3016 	2935
f 1403 	3025 	3023
f 3018 	3016 	2940
f 3008 	3026 	3027
f 3038 	2949 	3024
f 2991 	2989 	3048
f 2929 	3012 	2940
f 2989 	2832 	3028
f 2914 	2891 	3024
f 3009 	3398 	3006
f 2852 	2873 	3028
f 1059 	2639 	1058
f 3015 	3020 	3398
f 3006 	3398 	3003
f 3028 	3048 	2989
f 2891 	2895 	3024
f 1064 	2642 	1062
f 3027 	3052 	3008
f 2873 	3032 	3028
f 3115 	3038 	2895
f 3026 	3031 	3027
f 3019 	3021 	2076
f 947 	2076 	3021
f 2076 	3398 	3019
f 2646 	2645 	1070
f 3028 	3065 	3048
f 952 	1029 	2072
f 1009 	2575 	980
f 3033 	3027 	3031
f 3008 	3011 	3026
f 3671 	3680 	2993
f 3031 	2876 	3033
f 3416 	2072 	3025
f 3398 	2069 	2981
f 714 	1287 	672
f 2592 	1026 	1027
f 3029 	3030 	1588
f 1286 	673 	1287
f 672 	1287 	673
f 3031 	3026 	3661
f 1589 	1588 	3030
f 673 	1286 	1285
f 673 	1285 	676
f 1285 	1284 	676
f 680 	676 	1284
f 3041 	544 	3040
f 2575 	1009 	1010
f 680 	1284 	681
f 3036 	2949 	3038
f 3033 	3052 	3027
f 681 	1283 	1060
f 3036 	3038 	3046
f 2582 	1013 	2585
f 2881 	2898 	3033
f 2590 	1025 	2592
f 690 	850 	1309
f 1289 	844 	474
f 2110 	2086 	2991
f 690 	1309 	694
f 3036 	3110 	2955
f 1308 	694 	1309
f 694 	1308 	698
f 1307 	698 	1308
f 3048 	2110 	2991
f 3008 	3047 	2854
f 3048 	3050 	2110
f 3008 	3052 	3047
f 2980 	2257 	3022
f 2582 	1012 	1013
f 2980 	2304 	2257
f 704 	2698 	3053
f 3052 	3063 	3047
f 1014 	2585 	1013
f 3057 	3058 	1814
f 2745 	2740 	3059
f 3062 	3209 	3061
f 2698 	2735 	3053
f 3053 	2745 	3059
f 2590 	1021 	1025
f 1026 	2592 	1025
f 3048 	3065 	3050
f 3050 	3065 	3067
f 3070 	1793 	1798
f 3032 	3065 	3028
f 2639 	1059 	2640
f 3065 	3032 	3077
f 1777 	1793 	3070
f 3068 	3072 	3069
f 2736 	3069 	3072
f 1777 	3070 	2992
f 3049 	2426 	3073
f 3066 	2426 	3064
f 3066 	3073 	2426
f 1814 	2426 	3054
f 3055 	1814 	3054
f 3057 	1814 	3056
f 3056 	1814 	3055
f 3051 	2426 	3049
f 3037 	1814 	3058
f 3039 	544 	3037
f 3040 	544 	3039
f 1814 	3037 	544
f 3042 	544 	3041
f 3067 	3065 	3034
f 3209 	544 	3043
f 3209 	3043 	3044
f 3209 	3044 	3045
f 3209 	3045 	3061
f 2736 	3072 	2740
f 3034 	3065 	3077
f 3071 	3075 	2678
f 3060 	3059 	2740
f 3072 	3060 	2740
f 3080 	970 	3081
f 3081 	970 	3083
f 3277 	3127 	3076
f 2745 	3053 	2735
f 967 	2458 	3084
f 3075 	2689 	2678
f 3075 	3082 	2689
f 3082 	2925 	2689
f 3243 	3068 	3089
f 3092 	2685 	3093
f 1798 	3074 	3070
f 3243 	3072 	3068
f 3086 	2464 	3096
f 3096 	2464 	3097
f 3060 	3072 	3100
f 2464 	1818 	3098
f 2701 	3095 	2705
f 1066 	2644 	1064
f 3099 	3098 	1818
f 1181 	1099 	3089
f 3097 	2464 	3098
f 1066 	1068 	2644
f 1818 	2685 	3090
f 3091 	3090 	2685
f 3101 	3099 	1818
f 3093 	2685 	3094
f 970 	3079 	2685
f 3078 	3079 	970
f 3080 	3078 	970
f 3084 	2458 	3085
f 3084 	3083 	967
f 967 	3083 	970
f 3085 	2458 	3086
f 1099 	1098 	3089
f 3078 	3039 	3037
f 3078 	3037 	3079
f 3038 	3024 	2895
f 2461 	2468 	2458
f 2468 	2637 	2458
f 2637 	2638 	2458
f 3080 	3040 	3039
f 3080 	3039 	3078
f 1098 	3243 	3089
f 3081 	3041 	3040
f 3081 	3040 	3080
f 3083 	3042 	3041
f 3083 	3041 	3081
f 3042 	3083 	3084
f 3042 	3084 	3043
f 3085 	3044 	3043
f 3085 	3043 	3084
f 884 	882 	3160
f 3106 	3107 	3108
f 3086 	3045 	3044
f 3086 	3044 	3085
f 3104 	2464 	2493
f 3104 	2493 	2489
f 3069 	3109 	3068
f 3108 	3068 	3109
f 898 	886 	3186
f 3102 	2705 	3095
f 2575 	2576 	3104
f 2489 	2575 	3104
f 3255 	2945 	3105
f 2576 	2579 	3104
f 2705 	3102 	2713
f 2579 	2582 	3104
f 2582 	2585 	3104
f 3109 	3106 	3108
f 3110 	3036 	3105
f 2588 	3104 	2585
f 3063 	3052 	3246
f 2590 	3104 	2588
f 2592 	3104 	2590
f 3114 	2713 	3102
f 3113 	3246 	3052
f 3121 	3123 	3265
f 1845 	3114 	2173
f 2546 	3104 	2594
f 2592 	2594 	3104
f 3119 	3120 	3265
f 2713 	3114 	1845
f 2640 	2464 	2458
f 2638 	2639 	2458
f 3115 	3046 	3038
f 3033 	3113 	3052
f 3112 	994 	1148
f 2642 	2464 	2640
f 2639 	2640 	2458
f 3116 	3046 	3115
f 2644 	2464 	2642
f 3033 	2898 	3113
f 2644 	2645 	2464
f 3086 	3061 	3045
f 3074 	3103 	3070
f 3107 	3118 	3108
f 3108 	3118 	3111
f 3121 	3265 	3120
f 3119 	3265 	3132
f 3049 	3087 	3088
f 3049 	3088 	3051
f 3122 	3111 	3118
f 3051 	3088 	3090
f 3051 	3090 	3054
f 3074 	3076 	3103
f 3091 	3055 	3054
f 3091 	3054 	3090
f 3111 	3124 	3108
f 3092 	3056 	3055
f 3092 	3055 	3091
f 2992 	3070 	3103
f 3120 	3119 	3115
f 3093 	3057 	3056
f 3093 	3056 	3092
f 3094 	3058 	3057
f 3094 	3057 	3093
f 2746 	2764 	3123
f 3022 	2992 	3103
f 3058 	3094 	3037
f 3079 	3037 	3094
f 3124 	3068 	3108
f 3096 	3061 	3086
f 3126 	2234 	2440
f 3119 	3132 	3115
f 3117 	3156 	3125
f 3097 	3062 	3061
f 3097 	3061 	3096
f 3062 	3097 	3098
f 3062 	3098 	3064
f 3125 	2834 	2818
f 3099 	3066 	3064
f 3099 	3064 	3098
f 2746 	3123 	2895
f 3120 	3115 	3121
f 2895 	3121 	3115
f 3122 	3141 	3111
f 3128 	3076 	3127
f 3101 	3073 	3066
f 3101 	3066 	3099
f 3087 	3049 	3073
f 3087 	3073 	3101
f 3124 	3089 	3068
f 3121 	2895 	3123
f 3128 	3103 	3076
f 3125 	2818 	3117
f 3343 	3126 	2440
f 3104 	2133 	2464
f 3128 	3022 	3103
f 3129 	2834 	3125
f 3264 	3131 	3265
f 2238 	3126 	3130
f 3128 	2980 	3022
f 1916 	1944 	1956
f 3131 	3116 	3132
f 3115 	3132 	3116
f 3130 	3071 	2238
f 2840 	2834 	3129
f 3064 	2426 	3209
f 3122 	3118 	2780
f 3118 	3107 	2780
f 3107 	3106 	2780
f 3109 	2780 	3106
f 3109 	3069 	2780
f 2736 	2780 	3069
f 1992 	2130 	1956
f 3134 	3135 	3136
f 3291 	3046 	3116
f 3130 	3133 	3075
f 2954 	2955 	2945
f 3134 	3138 	3135
f 3130 	3075 	3071
f 3134 	3141 	3138
f 3128 	3145 	3140
f 3727 	1152 	3112
f 3343 	3351 	3126
f 3143 	3105 	3036
f 3112 	1152 	994
f 3351 	3148 	3126
f 3137 	3146 	3150
f 3127 	3145 	3128
f 3186 	3203 	1080
f 1174 	3111 	3144
f 3151 	3152 	3148
f 3105 	3153 	3255
f 3154 	3255 	3153
f 3154 	3196 	3255
f 3143 	3153 	3105
f 3134 	3144 	3111
f 3111 	3141 	3134
f 3154 	3143 	3155
f 3153 	3143 	3154
f 3149 	3155 	3143
f 3196 	3198 	3255
f 3146 	3156 	3150
f 3138 	2826 	3135
f 2780 	2826 	3122
f 3117 	3150 	3156
f 3613 	3140 	3145
f 4003 	2425 	3160
f 3175 	3162 	3147
f 3142 	3175 	3147
f 3162 	3165 	3147
f 3157 	3147 	3165
f 3165 	3166 	3157
f 3166 	3167 	3157
f 3168 	3029 	3158
f 3158 	3157 	3167
f 3193 	3158 	3029
f 3161 	3169 	3170
f 3175 	3142 	3174
f 3174 	3142 	3173
f 3172 	3173 	3139
f 3139 	3173 	3142
f 3172 	3139 	1086
f 3176 	2894 	3159
f 3161 	2894 	3176
f 3291 	3171 	3046
f 3134 	3136 	3169
f 3169 	3136 	3170
f 3163 	3156 	3146
f 3176 	3178 	3161
f 3195 	3029 	1567
f 1588 	1567 	3029
f 3194 	3029 	3195
f 2411 	3177 	3993
f 3181 	3144 	3169
f 3182 	1577 	3184
f 3144 	3134 	3169
f 3198 	3171 	3179
f 3164 	3179 	3171
f 3180 	3156 	3163
f 3143 	3036 	3046
f 1574 	1573 	3184
f 2411 	2294 	3177
f 3180 	3188 	3156
f 1338 	1296 	3181
f 3143 	3046 	3149
f 3125 	3156 	3188
f 3181 	1296 	3144
f 3191 	1086 	3192
f 3192 	1086 	3139
f 3188 	3129 	3125
f 3993 	3177 	3352
f 3171 	3190 	3046
f 3149 	3046 	3190
f 2898 	2899 	3188
f 3167 	3168 	3158
f 2899 	2968 	3188
f 3194 	3193 	3029
f 2898 	3188 	3180
f 3136 	3135 	2826
f 3179 	3255 	3198
f 2941 	3199 	2918
f 3151 	3554 	3152
f 3246 	3113 	3180
f 3352 	3177 	3355
f 3190 	3171 	3198
f 3159 	2892 	3199
f 3113 	2898 	3180
f 3155 	3149 	3196
f 3198 	3196 	3149
f 3190 	3198 	3149
f 3148 	3152 	3133
f 3200 	3201 	1829
f 2645 	2646 	2464
f 3129 	3188 	2968
f 3202 	704 	3053
f 3148 	3455 	3151
f 2646 	2647 	2464
f 3275 	3277 	3201
f 2647 	2493 	2464
f 1076 	1075 	3203
f 3053 	3059 	3202
f 3204 	3197 	1567
f 3133 	3152 	3082
f 3207 	3208 	3209
f 3205 	3204 	1567
f 3059 	3060 	3202
f 1075 	1080 	3203
f 3210 	1742 	3211
f 3212 	3211 	1402
f 3133 	3082 	3075
f 1577 	1574 	3184
f 3183 	1535 	3182
f 3206 	3205 	1563
f 1567 	1565 	3205
f 3197 	3195 	1567
f 1828 	3200 	1829
f 3213 	3212 	1402
f 2393 	1740 	3209
f 3207 	3209 	1740
f 1740 	1742 	3210
f 3130 	3126 	3148
f 3060 	3100 	3202
f 3130 	3148 	3133
f 3187 	3185 	1573
f 3185 	3184 	1573
f 3189 	1086 	3191
f 1086 	3189 	1573
f 3201 	3076 	3074
f 3178 	3176 	2072
f 3168 	3214 	3030
f 3029 	3168 	3030
f 3035 	3034 	3222
f 3201 	3277 	3076
f 3159 	2072 	3176
f 3214 	3168 	3167
f 3214 	3167 	3215
f 3034 	3077 	3222
f 3216 	3167 	3166
f 2426 	2428 	2413
f 3167 	3216 	3215
f 3210 	3207 	1740
f 3216 	3166 	3219
f 1765 	2413 	2428
f 3220 	3217 	3165
f 3166 	3165 	3217
f 3217 	3219 	3166
f 3218 	2942 	3450
f 3221 	3223 	3219
f 3223 	3216 	3219
f 2067 	2072 	2941
f 3199 	2941 	2072
f 2425 	3218 	3160
f 3199 	2072 	3159
f 3218 	2531 	2942
f 1944 	1945 	2880
f 3224 	3220 	3162
f 3165 	3162 	3220
f 2531 	3218 	2425
f 3228 	1579 	705
f 3221 	3226 	3227
f 3221 	3227 	3223
f 3222 	3137 	3035
f 3232 	3224 	3175
f 3162 	3175 	3224
f 3222 	3146 	3137
f 3235 	3227 	3233
f 3226 	3233 	3227
f 3231 	1073 	3234
f 3160 	3218 	3186
f 3077 	3230 	3222
f 3236 	3237 	3174
f 3186 	3218 	3229
f 3175 	3174 	3237
f 3175 	3237 	3232
f 3174 	3239 	3236
f 3239 	3235 	3236
f 3233 	3236 	3235
f 3234 	1073 	3228
f 1579 	3228 	1073
f 3077 	3238 	3230
f 3242 	3225 	3369
f 542 	3208 	3207
f 3244 	3239 	3173
f 3174 	3173 	3239
f 3032 	3238 	3077
f 3203 	3229 	3240
f 3241 	3242 	3369
f 3207 	3210 	542
f 3173 	3172 	3245
f 3032 	3063 	3238
f 3203 	3186 	3229
f 3173 	3245 	3244
f 3072 	3243 	3100
f 3231 	3100 	3243
f 553 	3212 	3213
f 3246 	3230 	3238
f 1085 	3245 	1086
f 3172 	1086 	3245
f 3231 	3243 	1073
f 553 	3213 	2121
f 3062 	3064 	3209
f 2130 	2151 	1916
f 3247 	3248 	3336
f 2880 	1956 	1944
f 3063 	3246 	3238
f 3155 	3196 	3154
f 3247 	3249 	3250
f 3247 	3250 	3248
f 3222 	3230 	3163
f 1067 	1065 	3255
f 3255 	1065 	3251
f 3250 	3249 	3256
f 3250 	3256 	3257
f 3254 	3372 	3253
f 3180 	3163 	3230
f 3247 	3236 	3249
f 3222 	3163 	3146
f 3257 	3256 	3259
f 3257 	3259 	3260
f 3104 	2546 	2130
f 3230 	3246 	3180
f 3260 	3259 	3261
f 3260 	3261 	3262
f 3112 	1148 	3258
f 3032 	2873 	3063
f 3259 	3256 	3221
f 3226 	3221 	3256
f 1821 	3264 	3265
f 1821 	3265 	1811
f 3241 	3369 	3263
f 3254 	3263 	3369
f 3262 	3261 	3344
f 3282 	3284 	3269
f 3074 	1829 	3201
f 1828 	1888 	3200
f 3267 	3268 	3266
f 3268 	3269 	3266
f 3139 	3270 	3192
f 3274 	3269 	3273
f 3282 	3269 	3274
f 3272 	3273 	3269
f 3142 	3276 	3270
f 3142 	3270 	3139
f 3272 	3269 	3281
f 3280 	3281 	3269
f 3279 	3280 	3269
f 3263 	3326 	3241
f 3276 	3237 	3270
f 3253 	3326 	3254
f 3283 	3276 	3142
f 3283 	3142 	3147
f 3286 	3269 	3285
f 3284 	3285 	3269
f 3286 	3266 	3269
f 3283 	3232 	3276
f 3132 	3265 	3131
f 3157 	3288 	3283
f 3157 	3283 	3147
f 3200 	3275 	3201
f 3158 	3290 	3288
f 3158 	3288 	3157
f 3305 	3287 	3289
f 3252 	3372 	2338
f 3271 	2777 	2771
f 3164 	3171 	3291
f 3392 	3217 	3290
f 3288 	3290 	3217
f 2338 	3372 	2340
f 2475 	2340 	3372
f 3179 	1069 	3255
f 3293 	1069 	3292
f 3294 	1069 	3293
f 1071 	1069 	3294
f 3267 	3266 	488
f 3297 	3294 	3293
f 3200 	3683 	3275
f 3232 	3283 	3224
f 3237 	3276 	3232
f 3283 	3288 	3220
f 3217 	3220 	3288
f 3266 	3286 	488
f 3249 	3233 	3256
f 3304 	3264 	3294
f 3292 	3291 	3297
f 3292 	3297 	3293
f 3275 	3300 	3301
f 3224 	3283 	3220
f 3292 	1069 	3179
f 3291 	3292 	3164
f 3179 	3164 	3292
f 3261 	3259 	3219
f 3219 	3259 	3221
f 1048 	3264 	1821
f 1584 	3237 	3303
f 3236 	3303 	3237
f 1584 	3385 	3237
f 3388 	3270 	3237
f 1071 	3294 	3264
f 3131 	3264 	3304
f 3225 	3242 	3302
f 3302 	3242 	3326
f 3233 	3249 	3236
f 3226 	3256 	3233
f 3242 	3241 	3326
f 3297 	3304 	3294
f 1570 	3380 	1584
f 3275 	3301 	3277
f 3131 	3304 	3116
f 3297 	3116 	3304
f 3309 	3604 	3308
f 3308 	3604 	3307
f 3298 	3299 	3607
f 3313 	3607 	3299
f 3310 	3298 	3607
f 3306 	3307 	3603
f 3305 	3306 	3603
f 3297 	3291 	3116
f 3277 	3301 	3127
f 3295 	3311 	3296
f 3253 	2362 	3326
f 3311 	3312 	3296
f 3623 	3313 	3340
f 3254 	3326 	3263
f 3127 	3301 	3145
f 3299 	3349 	3313
f 3314 	3315 	3316
f 3314 	3316 	3317
f 3124 	3111 	1174
f 3252 	2362 	3253
f 3316 	3315 	3318
f 3316 	3318 	3319
f 3821 	3667 	3300
f 3102 	2362 	3114
f 1181 	3124 	1174
f 3302 	3326 	3095
f 3322 	3375 	3321
f 3323 	3375 	3322
f 3324 	3375 	3323
f 3325 	3375 	3324
f 3289 	3375 	3325
f 3320 	3321 	3375
f 3318 	3327 	3328
f 3318 	3328 	3319
f 3289 	3325 	3305
f 3327 	3329 	3330
f 3327 	3330 	3328
f 3311 	2818 	2819
f 3089 	3124 	1181
f 3325 	3324 	3306
f 3325 	3306 	3305
f 3095 	3326 	3102
f 3330 	3329 	3331
f 3330 	3331 	3332
f 3324 	3323 	3307
f 3324 	3307 	3306
f 3006 	1113 	3009
f 3326 	2362 	3102
f 3312 	3311 	2819
f 3323 	3322 	3308
f 3323 	3308 	3307
f 3331 	3333 	3334
f 3331 	3334 	3332
f 3322 	3321 	3309
f 3322 	3309 	3308
f 2819 	3271 	3312
f 3333 	3335 	3336
f 3333 	3336 	3334
f 3321 	3320 	3310
f 3321 	3310 	3309
f 2362 	2173 	3114
f 1302 	3015 	1203
f 3311 	3117 	2818
f 3320 	3363 	3298
f 3320 	3298 	3310
f 3335 	3247 	3336
f 1203 	3017 	3009
f 3303 	3236 	3335
f 3333 	3303 	3335
f 3374 	3314 	3317
f 3017 	1203 	3015
f 716 	3338 	3340
f 3344 	3261 	3342
f 3339 	3343 	2405
f 3345 	719 	3340
f 3343 	2440 	2405
f 3348 	719 	3345
f 3144 	1296 	1174
f 3020 	3015 	1302
f 3353 	3354 	1405
f 3368 	3117 	3341
f 1400 	3350 	3258
f 756 	3298 	3363
f 3353 	3161 	3178
f 3353 	3178 	3354
f 3353 	3169 	3161
f 756 	3363 	757
f 3362 	757 	3363
f 3337 	3341 	3311
f 3258 	3350 	3399
f 3353 	3181 	3169
f 3311 	3295 	3337
f 3362 	3377 	757
f 1148 	1400 	3258
f 3117 	3311 	3341
f 3657 	3681 	3355
f 3348 	3345 	3349
f 3338 	3623 	3340
f 3340 	3313 	3345
f 3344 	3342 	3346
f 3344 	3346 	3347
f 3261 	3219 	3342
f 3352 	3355 	3695
f 3347 	3346 	3360
f 3347 	3360 	3361
f 3346 	3342 	3219
f 1065 	1063 	3251
f 1063 	1061 	3251
f 3361 	3360 	3364
f 3361 	3364 	3365
f 3363 	3375 	3362
f 3320 	3375 	3363
f 3137 	3790 	3789
f 2538 	3419 	2542
f 517 	3352 	555
f 3365 	3364 	3366
f 3365 	3366 	3367
f 3137 	3368 	3790
f 3367 	3366 	3370
f 3367 	3370 	3371
f 3364 	1571 	3366
f 3254 	3369 	3372
f 3150 	3368 	3137
f 3371 	3370 	3373
f 3371 	3373 	3374
f 2602 	1857 	3419
f 3150 	3117 	3368
f 3366 	1571 	3370
f 3359 	3369 	3356
f 3314 	3374 	3373
f 3377 	3375 	3376
f 3362 	3375 	3377
f 2652 	2602 	3419
f 3182 	3379 	3380
f 3182 	3380 	3183
f 777 	757 	3377
f 3369 	3359 	3372
f 1684 	2316 	2315
f 3184 	3381 	3379
f 3184 	3379 	3182
f 777 	3377 	3376
f 653 	3398 	655
f 3359 	2475 	3372
f 3185 	3382 	3381
f 3185 	3381 	3184
f 3359 	2490 	2475
f 3187 	3383 	3382
f 3187 	3382 	3185
f 1703 	2313 	2312
f 658 	655 	3398
f 3385 	3383 	3187
f 3385 	3187 	3189
f 2328 	3378 	3384
f 779 	3375 	485
f 3383 	1584 	3382
f 3384 	2330 	2328
f 3191 	3387 	3385
f 3191 	3385 	3189
f 575 	3398 	653
f 3269 	485 	3375
f 3356 	3386 	3359
f 2311 	1710 	2312
f 3192 	3388 	3387
f 3192 	3387 	3191
f 3359 	3386 	3389
f 525 	3286 	3285
f 3390 	2330 	3384
f 2312 	1710 	1703
f 3192 	3270 	3388
f 526 	525 	3284
f 3285 	3284 	525
f 2361 	2359 	3390
f 527 	526 	3282
f 3388 	3237 	3387
f 3390 	3391 	2361
f 3158 	3193 	3290
f 3392 	3290 	3193
f 3359 	3389 	2398
f 3390 	3384 	3630
f 3393 	3392 	3193
f 3393 	3193 	3194
f 2311 	2309 	1710
f 1716 	1710 	2309
f 3393 	3217 	3392
f 513 	3274 	3273
f 3394 	3393 	3194
f 3394 	3194 	3195
f 3339 	3389 	3386
f 1570 	3217 	3394
f 1923 	1170 	2309
f 3391 	3390 	3630
f 3395 	3396 	3397
f 3359 	2398 	2490
f 513 	3273 	3272
f 2405 	2398 	3389
f 3202 	705 	704
f 2405 	3389 	3339
f 3112 	3258 	3358
f 3252 	3253 	3372
f 519 	3272 	3281
f 658 	3398 	2946
f 519 	3281 	520
f 3280 	520 	3281
f 2981 	2946 	3398
f 3400 	3401 	3395
f 3280 	3279 	520
f 3403 	3400 	3395
f 3279 	3278 	521
f 3407 	3339 	3386
f 2287 	2390 	3404
f 3405 	3404 	2390
f 2655 	2175 	2211
f 3339 	3407 	3343
f 3406 	3408 	889
f 1336 	3181 	3353
f 3357 	3402 	3446
f 3386 	3356 	3409
f 3197 	3413 	3394
f 3197 	3394 	3195
f 3181 	1336 	1338
f 3204 	3415 	3413
f 3204 	3413 	3197
f 3386 	3409 	3420
f 3025 	1403 	3416
f 1403 	1405 	3416
f 3205 	3418 	3415
f 3205 	3415 	3204
f 1857 	2542 	3419
f 957 	3419 	2538
f 716 	3417 	3338
f 3206 	3421 	3418
f 3206 	3418 	3205
f 1809 	877 	1810
f 1850 	1505 	1851
f 2143 	2144 	877
f 3423 	3416 	1405
f 897 	3448 	3422
f 3183 	3380 	3421
f 3183 	3421 	3206
f 3354 	3423 	1405
f 897 	3422 	3425
f 3219 	3217 	1571
f 1570 	1571 	3217
f 3393 	3394 	3217
f 3413 	1570 	3394
f 3415 	1570 	3413
f 1570 	3415 	3418
f 2212 	2213 	877
f 3407 	3386 	3420
f 3360 	1571 	3364
f 3346 	3219 	3360
f 1571 	3360 	3219
f 3202 	3228 	705
f 3231 	3234 	3202
f 3418 	3421 	1570
f 3421 	3380 	1570
f 3380 	3379 	1584
f 3379 	3381 	1584
f 3381 	3382 	1584
f 3412 	3411 	3628
f 3411 	3408 	3628
f 3408 	3406 	3628
f 3406 	3428 	3638
f 3428 	3426 	3638
f 3638 	3628 	3406
f 3228 	3202 	3234
f 3318 	3315 	1583
f 3318 	1583 	3327
f 3315 	3314 	1583
f 3314 	3373 	1571
f 3373 	3370 	1571
f 3303 	1583 	1584
f 3357 	3399 	3402
f 3426 	3425 	3638
f 3642 	3638 	3425
f 3422 	3642 	3425
f 3448 	3642 	3422
f 3644 	3643 	3424
f 3383 	3385 	1584
f 3387 	3237 	3385
f 3399 	3357 	3358
f 1773 	1772 	3433
f 3438 	3439 	3269
f 3431 	2115 	3445
f 3333 	3331 	3303
f 3331 	3329 	3303
f 3247 	3335 	3236
f 3329 	1583 	3303
f 3327 	1583 	3329
f 3358 	3258 	3399
f 3202 	3100 	3231
f 3430 	3429 	3643
f 3431 	3483 	3435
f 1848 	1986 	1505
f 877 	1851 	1505
f 1851 	877 	1809
f 3439 	3278 	3269
f 3278 	3279 	3269
f 2115 	3431 	3435
f 2271 	2178 	877
f 3437 	3441 	3436
f 1114 	1318 	3443
f 3441 	3444 	3436
f 2213 	2214 	877
f 2212 	877 	2209
f 3442 	3446 	3444
f 3023 	3025 	2072
f 3444 	3441 	3442
f 3628 	3623 	3412
f 3414 	3412 	3623
f 3416 	3423 	2072
f 1865 	2246 	3644
f 3402 	3444 	3446
f 1109 	3439 	3438
f 3434 	1109 	3438
f 2219 	2218 	3648
f 3643 	3506 	3432
f 2128 	3445 	2115
f 3447 	1157 	3443
f 3448 	1157 	3447
f 3424 	1861 	3644
f 1861 	1865 	3644
f 3423 	3354 	2072
f 3218 	3449 	3229
f 3445 	1958 	2569
f 3178 	2072 	3354
f 3218 	3450 	3449
f 1887 	2270 	877
f 3642 	3447 	3440
f 3448 	3447 	3642
f 711 	1934 	1305
f 3407 	3351 	3343
f 3445 	2128 	1958
f 3407 	3420 	3351
f 3454 	943 	3452
f 713 	711 	1305
f 1304 	713 	1305
f 3449 	3473 	3229
f 3454 	3508 	3464
f 3455 	3351 	3420
f 3229 	3473 	3240
f 3454 	3452 	3509
f 3455 	3148 	3351
f 3431 	3445 	3456
f 1303 	714 	1304
f 713 	1304 	714
f 3452 	3451 	3509
f 3445 	2569 	3456
f 714 	1303 	1287
f 3457 	3431 	3456
f 3511 	3451 	1776
f 3449 	3532 	3473
f 1112 	715 	1282
f 3405 	2390 	3463
f 3400 	3657 	3401
f 3403 	3657 	3400
f 3469 	943 	3468
f 3468 	943 	3467
f 3467 	943 	3466
f 3466 	943 	3465
f 3470 	3471 	943
f 941 	942 	943
f 3471 	941 	943
f 3470 	943 	3469
f 3356 	3461 	3409
f 3463 	3657 	3405
f 3434 	3269 	3479
f 3461 	3745 	3409
f 1470 	1957 	1794
f 3404 	3177 	2287
f 3475 	3269 	3474
f 3476 	3269 	3475
f 3477 	3269 	3476
f 3478 	3269 	3477
f 3479 	3269 	3478
f 3482 	3269 	3481
f 3745 	3614 	3409
f 3472 	3483 	3457
f 3458 	3269 	3482
f 3397 	3403 	3395
f 3484 	3458 	3482
f 3420 	3409 	3614
f 3624 	3420 	3614
f 3472 	3457 	3462
f 3463 	2390 	3401
f 3431 	3457 	3483
f 3455 	3420 	3624
f 3460 	3269 	3459
f 3397 	3657 	3403
f 3485 	3523 	3486
f 3396 	3658 	3397
f 3487 	3523 	3485
f 3480 	3481 	3269
f 3410 	3772 	3472
f 3463 	3401 	3657
f 3773 	3435 	3483
f 3225 	3489 	3369
f 3177 	3404 	3657
f 3405 	3657 	3404
f 3490 	2102 	3540
f 3491 	3490 	3540
f 3461 	3356 	3489
f 1368 	3434 	3479
f 3479 	3478 	1368
f 3456 	2569 	2605
f 3493 	3498 	3492
f 3465 	3464 	3539
f 2024 	1494 	1992
f 3486 	3523 	3488
f 1051 	3492 	1049
f 3474 	3460 	1364
f 3472 	3496 	3410
f 3490 	3512 	2102
f 2628 	3494 	3495
f 3465 	943 	3464
f 3490 	3491 	3512
f 3462 	3497 	3496
f 2010 	1485 	2011
f 2388 	2401 	3498
f 1447 	3503 	3499
f 3499 	3500 	1447
f 1505 	943 	877
f 2388 	3498 	3395
f 1450 	3501 	3502
f 3454 	3464 	943
f 3497 	3495 	3496
f 3453 	1450 	3502
f 3356 	3369 	3489
f 3497 	3457 	3456
f 3524 	3504 	3498
f 3396 	3395 	3504
f 3498 	3504 	3395
f 3494 	3505 	3495
f 1727 	1808 	1705
f 3501 	3500 	3610
f 3612 	3610 	3500
f 3500 	3499 	3612
f 3503 	3516 	3612
f 3615 	3612 	3516
f 3429 	3424 	3643
f 3644 	2245 	3645
f 3507 	3648 	2218
f 3505 	3496 	3495
f 3516 	3515 	3615
f 1723 	1808 	1720
f 1794 	3433 	3506
f 3433 	3432 	3506
f 3432 	3430 	3643
f 3605 	3602 	1470
f 1801 	1470 	3602
f 3602 	3599 	1801
f 1374 	1376 	3481
f 3481 	1376 	3482
f 3494 	3626 	3505
f 2625 	3498 	2401
f 896 	3640 	883
f 873 	3640 	1892
f 3645 	2235 	3648
f 1811 	2038 	2037
f 3505 	3410 	3496
f 3498 	2625 	1049
f 2017 	2014 	1490
f 3482 	1376 	3484
f 3427 	3410 	3505
f 3509 	3595 	3508
f 1605 	3521 	3510
f 3514 	1633 	3510
f 3539 	3464 	3508
f 3454 	3509 	3508
f 3509 	3451 	3511
f 3457 	3497 	3462
f 3516 	1635 	3515
f 2008 	2005 	1479
f 3472 	3462 	3496
f 3503 	1635 	3516
f 2783 	3517 	3518
f 3513 	2926 	2925
f 1479 	1483 	2008
f 3512 	3523 	3450
f 3521 	3617 	3510
f 3514 	3510 	3615
f 2010 	2009 	1485
f 1486 	2011 	1485
f 2783 	2794 	3517
f 3519 	3520 	1659
f 1662 	1659 	3520
f 3512 	3491 	3523
f 3495 	2650 	2628
f 3082 	3513 	2925
f 1486 	1489 	2011
f 3495 	2654 	2650
f 3502 	3501 	3610
f 3610 	3440 	3502
f 3450 	3523 	3449
f 3520 	3617 	3521
f 3515 	3514 	3615
f 3495 	3497 	2654
f 3438 	3269 	3434
f 2024 	1491 	1494
f 1474 	1992 	1494
f 3491 	3488 	3523
f 3527 	3568 	3525
f 3456 	2654 	3497
f 3522 	2926 	3513
f 2605 	2654 	3456
f 3529 	2045 	3010
f 3523 	3532 	3449
f 3524 	3658 	3504
f 3522 	2985 	2926
f 3504 	3658 	3396
f 3287 	3526 	3289
f 3529 	3577 	2045
f 1049 	3492 	3498
f 3526 	3375 	3289
f 3527 	3375 	3526
f 3487 	3532 	3523
f 2673 	2133 	3531
f 3265 	3007 	2045
f 3530 	3498 	3493
f 3460 	3474 	3269
f 3010 	2985 	3522
f 3522 	3529 	3010
f 3473 	3532 	3946
f 3533 	2164 	1474
f 3525 	3375 	3527
f 3665 	3664 	3532
f 3528 	3833 	3427
f 1813 	2037 	2036
f 2185 	3556 	3558
f 3538 	3593 	3537
f 3536 	3589 	3535
f 3534 	3586 	3517
f 3535 	3586 	3534
f 3537 	3589 	3536
f 3518 	3517 	3586
f 3539 	3593 	3538
f 3508 	3595 	3539
f 3488 	3491 	3541
f 3151 	3601 	3542
f 3540 	2102 	2096
f 2096 	2100 	3540
f 3640 	896 	3543
f 948 	3543 	896
f 3620 	2282 	3627
f 3544 	3540 	2110
f 3542 	3554 	3151
f 3546 	3375 	3547
f 3545 	1626 	3546
f 3050 	3067 	3544
f 3525 	3547 	3375
f 3540 	3544 	3541
f 3601 	3151 	3455
f 3576 	3555 	3545
f 3469 	3517 	3470
f 3534 	3517 	3469
f 3576 	3545 	3546
f 3534 	3469 	3468
f 3534 	3468 	3535
f 3584 	3585 	2045
f 567 	3269 	3375
f 3467 	3536 	3468
f 3535 	3468 	3536
f 2185 	3558 	3559
f 3544 	3548 	3541
f 3537 	3536 	3466
f 3467 	3466 	3536
f 3549 	3542 	3601
f 3466 	3465 	3538
f 3466 	3538 	3537
f 1659 	1779 	3519
f 3465 	3539 	3538
f 3553 	3617 	3519
f 3555 	3592 	536
f 536 	3550 	3551
f 3564 	3565 	2191
f 3588 	3557 	3550
f 3492 	3647 	3493
f 536 	533 	3555
f 3552 	3550 	3557
f 536 	3588 	3550
f 3554 	3513 	3152
f 3530 	3524 	3498
f 3557 	3617 	3553
f 3513 	3082 	3152
f 3520 	3519 	3617
f 1051 	1056 	3647
f 3659 	3487 	3541
f 3488 	3541 	3486
f 3647 	3524 	3530
f 3530 	3493 	3647
f 3540 	3541 	3491
f 3584 	2045 	3587
f 3568 	3569 	3600
f 3544 	3807 	3548
f 3647 	3658 	3524
f 2191 	2190 	3564
f 3554 	3549 	3561
f 3563 	3525 	3568
f 2045 	3577 	3578
f 3563 	3568 	3566
f 3569 	3287 	3600
f 3305 	3600 	3287
f 1319 	3571 	3572
f 3531 	3570 	980
f 3569 	3568 	3526
f 3527 	3526 	3568
f 3542 	3549 	3554
f 3526 	3287 	3569
f 3603 	3600 	3305
f 985 	1072 	3531
f 3570 	3567 	1009
f 3567 	3573 	1009
f 1010 	1009 	3573
f 3562 	3560 	3573
f 3594 	3580 	3566
f 3554 	3561 	3522
f 3533 	3573 	3556
f 3559 	3558 	3573
f 3528 	3427 	3505
f 3597 	3571 	1319
f 3556 	3573 	3558
f 3547 	3525 	3563
f 1319 	3572 	1317
f 3579 	3580 	3594
f 3554 	3522 	3513
f 3559 	3573 	3560
f 3576 	3579 	3555
f 3562 	3573 	3564
f 3577 	3529 	3522
f 3563 	3566 	3580
f 3579 	3594 	3555
f 3564 	3573 	3565
f 3593 	3539 	3595
f 3589 	3537 	3593
f 3574 	3663 	3575
f 3599 	3581 	1800
f 3577 	3561 	3578
f 3561 	3577 	3522
f 3567 	3565 	3573
f 3511 	1806 	3581
f 3576 	3546 	3579
f 3598 	3590 	3575
f 3579 	3546 	3547
f 3579 	3547 	3580
f 3563 	3580 	3547
f 3573 	3533 	1474
f 3584 	3549 	3585
f 3586 	3535 	3589
f 948 	955 	3543
f 999 	1819 	1733
f 3553 	3552 	3557
f 1000 	999 	1732
f 1733 	1732 	999
f 3575 	3616 	3574
f 3543 	3586 	3622
f 3587 	3561 	3549
f 3587 	3549 	3584
f 857 	856 	3588
f 3557 	3588 	856
f 1000 	1722 	1001
f 1732 	1722 	1000
f 955 	3518 	3543
f 3588 	536 	3591
f 3591 	536 	3592
f 1003 	1001 	1736
f 1737 	1736 	1001
f 858 	857 	3591
f 3588 	3591 	857
f 3589 	983 	3586
f 3587 	3578 	3561
f 3594 	3592 	3555
f 3590 	3616 	3575
f 3591 	3592 	859
f 3591 	859 	858
f 3583 	3571 	3621
f 859 	3594 	860
f 3593 	3595 	3881
f 3621 	3571 	3597
f 3594 	859 	3592
f 1009 	980 	3570
f 3596 	3575 	3663
f 2035 	1813 	2036
f 3583 	3582 	3571
f 3876 	3881 	3581
f 3595 	3581 	3881
f 849 	860 	3566
f 3594 	3566 	860
f 3582 	3572 	3571
f 3509 	3511 	3595
f 1052 	1003 	1736
f 1806 	1800 	3581
f 3566 	3568 	3600
f 3575 	3596 	3598
f 3581 	3599 	3876
f 3600 	851 	3566
f 849 	3566 	851
f 3581 	3595 	3511
f 3603 	3307 	3604
f 852 	851 	3603
f 3600 	3603 	851
f 3603 	3604 	852
f 3604 	3309 	3607
f 3309 	3310 	3607
f 990 	3391 	3606
f 3604 	3607 	854
f 3601 	3608 	3549
f 3879 	3602 	3605
f 3128 	3140 	3378
f 3607 	3313 	855
f 3607 	855 	854
f 3349 	3345 	3313
f 3606 	3597 	1298
f 1470 	1794 	3609
f 3313 	3623 	855
f 863 	855 	3623
f 3848 	3859 	3598
f 3443 	3453 	3440
f 3609 	3880 	3605
f 3859 	3528 	3598
f 3606 	1298 	1293
f 3585 	3649 	2045
f 1053 	2059 	1054
f 3605 	1470 	3609
f 3499 	3503 	3612
f 3453 	3502 	3440
f 2004 	2003 	1055
f 2004 	1055 	1054
f 3610 	868 	3440
f 867 	3440 	868
f 3378 	3140 	3611
f 2876 	3574 	2952
f 2003 	841 	1055
f 3140 	3613 	3611
f 3506 	3625 	3609
f 2876 	3031 	3574
f 2952 	3574 	3616
f 3611 	3384 	3378
f 1060 	2001 	715
f 3880 	3609 	3625
f 3612 	869 	3610
f 3613 	3145 	3301
f 868 	3610 	869
f 2055 	1053 	1052
f 870 	869 	3615
f 3612 	3615 	869
f 2200 	2199 	3507
f 3615 	3617 	862
f 3615 	862 	870
f 3618 	3636 	3507
f 3615 	3510 	3617
f 2004 	1054 	2059
f 3616 	3590 	3619
f 3618 	2288 	3620
f 3617 	3557 	862
f 856 	862 	3557
f 3590 	3598 	3619
f 986 	983 	3625
f 986 	3625 	3622
f 3619 	3626 	3616
f 3528 	3619 	3598
f 3338 	3417 	3623
f 3417 	3414 	3623
f 3528 	3505 	3619
f 3621 	3630 	3613
f 864 	863 	3628
f 3623 	3628 	863
f 3629 	3622 	3625
f 3629 	3625 	3631
f 3629 	3631 	3632
f 3629 	3632 	3633
f 3629 	3633 	3634
f 3629 	3634 	3635
f 3629 	3635 	3636
f 3629 	3636 	3637
f 3629 	3637 	3639
f 3630 	3611 	3613
f 3628 	3638 	864
f 3614 	3641 	3624
f 3619 	3505 	3626
f 3384 	3611 	3630
f 3638 	3642 	866
f 3443 	3440 	3447
f 3608 	3624 	3641
f 866 	3440 	867
f 3543 	3622 	3640
f 3642 	3440 	866
f 3506 	3609 	1794
f 3614 	3837 	3641
f 3621 	3597 	3606
f 3621 	3606 	3630
f 3640 	3622 	3629
f 3606 	3391 	3630
f 3601 	3455 	3624
f 3506 	3643 	3625
f 3626 	2952 	3616
f 3626 	2951 	2952
f 536 	3551 	1796
f 3643 	3644 	3632
f 3492 	1051 	3647
f 3626 	2628 	2951
f 3624 	3608 	3601
f 3494 	2628 	3626
f 3459 	3269 	3458
f 3644 	3645 	3632
f 3480 	3269 	3646
f 2235 	2219 	3648
f 3646 	3269 	3650
f 3650 	3269 	553
f 567 	550 	3269
f 553 	3269 	550
f 3647 	3673 	3658
f 3585 	3608 	3649
f 3646 	2119 	3480
f 3608 	3585 	3549
f 3507 	3636 	3635
f 3646 	3650 	2119
f 2121 	2119 	3650
f 3548 	3807 	3651
f 544 	542 	567
f 3639 	3627 	3629
f 1623 	3546 	1624
f 3625 	3643 	3631
f 511 	510 	3555
f 498 	494 	3555
f 1803 	3555 	1474
f 674 	670 	2252
f 583 	683 	1871
f 3487 	3485 	3541
f 3486 	3541 	3485
f 2151 	3652 	492
f 3645 	3648 	3633
f 593 	589 	503
f 3680 	3655 	2961
f 3634 	3648 	3635
f 586 	583 	1871
f 601 	593 	503
f 492 	494 	2151
f 3586 	986 	3622
f 775 	773 	2291
f 3653 	3656 	3654
f 3680 	3693 	3655
f 2701 	3655 	3693
f 3620 	3637 	3618
f 2657 	3655 	2701
f 3639 	3637 	3627
f 3620 	3627 	3637
f 3659 	3541 	3548
f 3655 	2657 	2927
f 3640 	3629 	3627
f 3654 	3656 	3660
f 3657 	3397 	3658
f 3656 	3661 	3660
f 2927 	2922 	3655
f 2292 	2287 	3177
f 3656 	3663 	3661
f 3643 	3632 	3631
f 2249 	2250 	646
f 3574 	3661 	3663
f 3634 	3633 	3648
f 3665 	3659 	3548
f 3507 	3635 	3648
f 575 	3003 	3398
f 3009 	3017 	3398
f 643 	2249 	646
f 3665 	3532 	3659
f 2076 	2069 	3398
f 3177 	3657 	3355
f 3548 	3662 	3665
f 663 	2250 	665
f 649 	2250 	663
f 3664 	3665 	3662
f 3670 	3301 	3300
f 2957 	2945 	3671
f 3300 	3667 	3670
f 3654 	3026 	3011
f 3583 	3667 	3582
f 3670 	3667 	3583
f 683 	677 	1871
f 2252 	1871 	677
f 677 	674 	2252
f 503 	506 	601
f 3660 	3026 	3654
f 3670 	3613 	3301
f 499 	603 	506
f 2965 	3680 	2960
f 2961 	2960 	3680
f 3583 	3621 	3670
f 506 	1994 	696
f 692 	499 	506
f 1215 	3676 	1216
f 3656 	3666 	3672
f 696 	692 	506
f 3670 	3621 	3613
f 699 	696 	1994
f 701 	1994 	706
f 3679 	3673 	3647
f 1715 	1713 	725
f 731 	725 	1713
f 1715 	723 	709
f 709 	706 	1715
f 3672 	3675 	3656
f 3675 	3663 	3656
f 3658 	3681 	3657
f 3675 	3596 	3663
f 1215 	1214 	3676
f 3658 	3673 	3681
f 723 	1715 	725
f 3668 	3715 	3674
f 3692 	3678 	2945
f 3651 	3662 	3548
f 734 	731 	1713
f 737 	734 	1713
f 3671 	2945 	3678
f 3662 	3677 	3674
f 1241 	1108 	1248
f 3678 	3680 	3671
f 3677 	3668 	3674
f 1108 	1216 	3676
f 2932 	2961 	3655
f 2994 	2993 	3680
f 2994 	3680 	2965
f 3660 	3661 	3026
f 3651 	3677 	3662
f 3668 	3677 	3651
f 3692 	3680 	3678
f 3574 	3031 	3661
f 3656 	3653 	3666
f 2322 	1752 	1750
f 1752 	2322 	2320
f 1752 	2320 	1755
f 1381 	1933 	3679
f 2316 	1684 	2320
f 2320 	1684 	1755
f 2241 	2245 	1660
f 2241 	1660 	2236
f 3647 	1359 	3679
f 2347 	1771 	3996
f 1187 	3676 	3682
f 1251 	1250 	2186
f 1381 	3679 	1359
f 1251 	2186 	1252
f 2184 	1252 	2186
f 966 	978 	754
f 1252 	2184 	2183
f 2182 	1255 	2183
f 754 	752 	966
f 3487 	3659 	3532
f 3676 	1187 	1108
f 1718 	1201 	1200
f 1255 	2182 	2181
f 972 	973 	758
f 1326 	1325 	3687
f 2198 	1264 	2197
f 974 	979 	758
f 979 	938 	758
f 1264 	2198 	2199
f 938 	935 	758
f 2200 	1268 	2199
f 760 	758 	935
f 762 	760 	935
f 1532 	2288 	1259
f 2288 	2197 	1259
f 2284 	1531 	1524
f 767 	762 	1899
f 1759 	2343 	1761
f 770 	767 	1899
f 3200 	1888 	3683
f 773 	770 	2291
f 1899 	2291 	770
f 3240 	3687 	3203
f 2342 	1762 	1761
f 2342 	1761 	2343
f 3688 	3441 	3685
f 2342 	2346 	1762
f 1763 	1762 	2346
f 2945 	3690 	3691
f 3691 	3692 	2945
f 2346 	2331 	1756
f 3441 	3688 	3442
f 1323 	1076 	3203
f 2346 	1756 	1763
f 3684 	3442 	3688
f 794 	828 	551
f 3686 	3275 	3683
f 3686 	3689 	3275
f 551 	541 	794
f 3275 	3689 	3300
f 1756 	2331 	1753
f 2329 	1753 	2331
f 796 	794 	541
f 2327 	1751 	1753
f 798 	796 	541
f 3821 	3300 	3689
f 541 	537 	800
f 3441 	3437 	3685
f 3240 	3937 	3694
f 3695 	548 	3352
f 3698 	3697 	3699
f 3687 	3240 	3694
f 3352 	548 	555
f 3713 	3350 	1400
f 3690 	3700 	3691
f 3697 	3669 	3775
f 3692 	3700 	3680
f 3687 	3742 	1360
f 3775 	3699 	3697
f 3691 	3700 	3692
f 1383 	1382 	3742
f 3758 	3693 	3700
f 894 	3792 	3696
f 3680 	3700 	3693
f 1873 	3701 	3702
f 821 	817 	557
f 1888 	1873 	3702
f 823 	821 	557
f 557 	551 	823
f 3251 	2023 	3255
f 1343 	1344 	3687
f 3704 	1410 	1089
f 825 	823 	551
f 828 	825 	551
f 3696 	917 	894
f 2701 	3703 	3095
f 3701 	1864 	3761
f 3698 	3705 	614
f 3693 	3703 	2701
f 830 	529 	808
f 817 	815 	557
f 812 	562 	815
f 810 	562 	812
f 3701 	1872 	1864
f 3761 	3706 	3701
f 808 	562 	810
f 3702 	3701 	3706
f 740 	1990 	744
f 3705 	3688 	614
f 744 	1990 	746
f 737 	1990 	740
f 834 	746 	529
f 3702 	3706 	3707
f 3698 	3699 	3705
f 3684 	3688 	3705
f 529 	746 	1990
f 3705 	3699 	3684
f 3711 	3741 	3714
f 3715 	3668 	3669
f 557 	815 	562
f 562 	808 	529
f 3713 	1352 	3704
f 3715 	3669 	3717
f 3713 	1400 	1352
f 3702 	3707 	3683
f 529 	830 	833
f 834 	529 	833
f 3697 	3717 	3669
f 3733 	3714 	3709
f 3707 	3686 	3683
f 3720 	3489 	3718
f 3225 	3718 	3489
f 3302 	3718 	3225
f 3697 	3698 	3717
f 3702 	3683 	1888
f 973 	974 	758
f 978 	972 	754
f 758 	754 	972
f 3718 	3302 	3720
f 3717 	3698 	3719
f 982 	940 	3721
f 3720 	3722 	3489
f 3708 	3489 	3722
f 3723 	3686 	3707
f 3721 	3712 	3710
f 3712 	3716 	3710
f 3350 	3713 	3399
f 913 	901 	3674
f 752 	750 	966
f 803 	800 	537
f 800 	798 	541
f 806 	803 	537
f 750 	806 	537
f 537 	966 	750
f 3689 	3686 	3723
f 3722 	3302 	3708
f 3722 	3720 	3302
f 3724 	1219 	1218
f 3674 	3715 	913
f 478 	2249 	643
f 635 	789 	2249
f 3708 	3733 	3709
f 940 	944 	3721
f 913 	3715 	3717
f 2252 	665 	2250
f 3721 	944 	3712
f 3726 	3725 	3779
f 3696 	3712 	944
f 3704 	1089 	3728
f 944 	917 	3696
f 1097 	3728 	1089
f 3727 	3112 	3737
f 3714 	3733 	3711
f 3727 	3737 	3748
f 3727 	3748 	3732
f 1152 	3727 	3732
f 3726 	3779 	594
f 906 	594 	3779
f 3703 	3302 	3095
f 2771 	2399 	3732
f 3758 	3733 	3703
f 2399 	1160 	3732
f 3358 	3357 	3735
f 3302 	3703 	3733
f 3704 	3730 	3713
f 3731 	3710 	3729
f 3733 	3708 	3302
f 3707 	3706 	3734
f 3735 	3112 	3358
f 3723 	3707 	3734
f 3737 	3112 	3735
f 3704 	3728 	3730
f 3399 	3713 	3730
f 3734 	3738 	3740
f 3721 	3731 	982
f 3739 	3737 	3736
f 3709 	3741 	3708
f 3741 	3489 	3708
f 3721 	3710 	3731
f 3734 	3740 	3723
f 3740 	3689 	3723
f 3887 	1102 	1077
f 1175 	1383 	3746
f 3461 	3741 	3745
f 3461 	3489 	3741
f 3748 	3737 	3739
f 3748 	3739 	3744
f 3736 	3737 	3735
f 3741 	3798 	3745
f 3890 	3743 	3731
f 3747 	3926 	3725
f 982 	3731 	3743
f 2771 	3744 	3271
f 3725 	3726 	3747
f 594 	3747 	3726
f 3745 	3822 	3837
f 3890 	3731 	3729
f 3744 	2771 	3748
f 3614 	3745 	3837
f 3732 	3748 	2771
f 1077 	1090 	3743
f 1346 	1326 	3687
f 3714 	3741 	3709
f 1090 	982 	3743
f 3750 	3730 	3728
f 3312 	3271 	3744
f 3711 	3765 	3741
f 3736 	3357 	3751
f 3751 	3752 	3753
f 3724 	3750 	3728
f 3774 	3948 	3749
f 3750 	1218 	3436
f 3295 	3753 	3752
f 3724 	1218 	3750
f 3734 	3749 	3948
f 3752 	3751 	3754
f 3763 	876 	1407
f 3730 	3750 	3399
f 1407 	1547 	3763
f 3736 	3753 	3739
f 3690 	2945 	3756
f 3402 	3750 	3444
f 934 	3793 	3757
f 3755 	1534 	2060
f 3700 	3690 	3758
f 3750 	3436 	3444
f 3751 	3753 	3736
f 2060 	3759 	3755
f 3753 	3295 	3296
f 3402 	3399 	3750
f 3756 	3781 	3758
f 3296 	3739 	3753
f 3744 	3739 	3296
f 3756 	3758 	3690
f 1220 	3436 	1218
f 2060 	3435 	3759
f 2460 	3757 	3760
f 3770 	3295 	3752
f 3296 	3312 	3744
f 3693 	3758 	3703
f 1864 	2460 	3760
f 3437 	3436 	1220
f 3751 	3446 	3754
f 3760 	3761 	1864
f 3357 	3446 	3751
f 3761 	3760 	3762
f 3736 	3735 	3357
f 3754 	3446 	3442
f 3442 	3684 	3754
f 3762 	3764 	3761
f 3755 	1547 	1534
f 3761 	3764 	3706
f 3694 	3742 	3687
f 3711 	3733 	3765
f 3763 	1547 	3755
f 3764 	3734 	3706
f 3694 	3766 	3742
f 3749 	3734 	3764
f 3766 	3746 	3742
f 3763 	3792 	876
f 3746 	3766 	3771
f 3752 	3768 	3770
f 3764 	3762 	3749
f 3754 	3768 	3752
f 3676 	3746 	3771
f 3676 	3771 	3682
f 3793 	3762 	3760
f 3772 	3773 	3472
f 3770 	3337 	3295
f 3769 	3767 	3783
f 3767 	3765 	3783
f 3754 	3684 	3768
f 3773 	3483 	3472
f 3771 	3766 	3991
f 3762 	3774 	3749
f 3777 	3778 	3776
f 3759 	3435 	3773
f 2945 	3780 	3788
f 3756 	2945 	3781
f 3783 	3758 	3781
f 3771 	3784 	3682
f 3775 	3777 	3776
f 3991 	3784 	3771
f 3772 	3782 	3785
f 3669 	3796 	3777
f 3779 	3787 	906
f 3779 	3786 	3787
f 3775 	3669 	3777
f 3781 	2945 	3788
f 3778 	3777 	3789
f 3788 	3780 	3783
f 3778 	3789 	3790
f 1187 	3784 	1299
f 3781 	3788 	3783
f 3770 	3768 	3776
f 3782 	3792 	3785
f 3772 	3785 	3773
f 3733 	3758 	3783
f 3776 	3778 	3770
f 3785 	3755 	3759
f 3682 	3784 	1187
f 3763 	3755 	3785
f 3778 	3790 	3337
f 3785 	3759 	3773
f 3765 	3733 	3783
f 3973 	3774 	3791
f 3785 	3792 	3763
f 3337 	3770 	3778
f 3793 	934 	3787
f 3341 	3337 	3790
f 3808 	1353 	1330
f 3794 	3712 	3696
f 1445 	1353 	3808
f 3791 	3793 	3787
f 3341 	3790 	3368
f 3794 	3716 	3712
f 3668 	3651 	3795
f 3795 	3796 	3669
f 3786 	3791 	3787
f 3669 	3668 	3795
f 3780 	2945 	3809
f 2022 	3809 	2945
f 3798 	3741 	3765
f 3795 	3797 	3796
f 3807 	3797 	3795
f 3947 	3774 	3973
f 3798 	3765 	3767
f 3991 	3800 	3784
f 3947 	3948 	3774
f 3797 	3799 	3796
f 3787 	934 	907
f 3796 	3799 	3789
f 3792 	3782 	3794
f 3767 	3769 	3798
f 3796 	3789 	3777
f 3696 	3792 	3794
f 3035 	3797 	3034
f 3800 	3991 	3801
f 3760 	3757 	3793
f 3793 	3791 	3774
f 3799 	3797 	3035
f 3137 	3789 	3799
f 3802 	3798 	3803
f 3793 	3774 	3762
f 3769 	3803 	3798
f 3784 	3800 	1299
f 3035 	3137 	3799
f 1299 	3800 	3808
f 3804 	3817 	3818
f 3809 	2022 	3820
f 3572 	3805 	1900
f 3544 	3067 	3807
f 3572 	1900 	1317
f 3807 	3795 	3651
f 1299 	3808 	1330
f 3807 	3067 	3034
f 3410 	3427 	3806
f 3805 	3582 	3810
f 3807 	3034 	3797
f 3582 	3667 	3810
f 3809 	3820 	3802
f 3776 	3699 	3775
f 3805 	3572 	3582
f 3820 	3822 	3802
f 3768 	3699 	3776
f 3699 	3768 	3684
f 3806 	3772 	3410
f 1716 	2309 	1170
f 1923 	1935 	1170
f 1900 	3805 	3811
f 3810 	3854 	3805
f 3802 	3803 	3780
f 3780 	3809 	3802
f 3803 	3783 	3780
f 3858 	1905 	3811
f 3816 	1587 	3815
f 3814 	1587 	3816
f 3769 	3783 	3803
f 1905 	1900 	3811
f 3818 	3806 	3804
f 3820 	2022 	3819
f 3819 	2022 	3847
f 3772 	3806 	3818
f 3841 	3821 	3689
f 3818 	3782 	3772
f 3824 	3814 	3823
f 3822 	3745 	3798
f 3816 	3823 	3814
f 3870 	3812 	3813
f 3835 	3823 	3832
f 3823 	3816 	3832
f 3841 	3854 	3821
f 3823 	3835 	3824
f 3820 	3819 	3822
f 3810 	3821 	3854
f 3812 	3838 	3813
f 3810 	3667 	3821
f 3817 	3729 	3710
f 3826 	3825 	3814
f 3710 	3716 	3817
f 1619 	1587 	3814
f 3716 	3818 	3817
f 3814 	3824 	3830
f 3870 	1377 	3827
f 3870 	3827 	3828
f 1279 	1270 	3832
f 3815 	3832 	3816
f 3716 	3782 	3818
f 3831 	3829 	3934
f 3814 	3830 	3826
f 3716 	3794 	3782
f 3798 	3802 	3822
f 3815 	1279 	3832
f 3833 	3804 	3427
f 3870 	1401 	1379
f 3673 	3831 	3681
f 3804 	3806 	3427
f 3826 	3830 	3835
f 3830 	3824 	3835
f 3673 	3829 	3831
f 1445 	3838 	1377
f 3822 	3847 	3837
f 3829 	3679 	1933
f 3679 	3829 	3673
f 1301 	3839 	3832
f 3819 	3847 	3822
f 3828 	3812 	3870
f 3681 	3831 	3834
f 3825 	3826 	3835
f 1401 	3870 	1469
f 3355 	3834 	3695
f 3681 	3834 	3355
f 3833 	3836 	3804
f 2050 	3860 	3837
f 3838 	3812 	3828
f 3827 	3838 	3828
f 3836 	3817 	3804
f 3839 	3840 	3832
f 3891 	3840 	3839
f 3832 	3840 	3835
f 3740 	3738 	3841
f 3817 	3836 	3729
f 3840 	3886 	3835
f 3837 	3860 	3641
f 1445 	3808 	3838
f 3842 	3843 	1639
f 3740 	3841 	3689
f 3827 	1377 	3838
f 3842 	1639 	3814
f 3845 	3842 	3825
f 926 	927 	1457
f 3814 	3825 	3842
f 3844 	3841 	3738
f 3846 	926 	1457
f 3837 	3847 	2050
f 3845 	3849 	3842
f 3863 	2210 	3862
f 3851 	3862 	2210
f 900 	3852 	3850
f 3848 	3596 	3675
f 3841 	3844 	3853
f 3853 	3854 	3841
f 2050 	2045 	3860
f 3849 	3857 	3842
f 3855 	3843 	3857
f 3842 	3857 	3843
f 3848 	3598 	3596
f 3858 	3811 	3854
f 3857 	3875 	3855
f 3871 	3864 	2045
f 3853 	3858 	3854
f 3861 	3862 	3851
f 2210 	3863 	2272
f 3864 	3860 	2045
f 3850 	3884 	3896
f 3900 	3896 	3884
f 3862 	2307 	3863
f 3860 	3864 	3641
f 3971 	3858 	3853
f 3811 	3805 	3854
f 3843 	3866 	3867
f 3865 	3851 	3867
f 3861 	3851 	3865
f 3843 	3867 	3851
f 3855 	3868 	3843
f 3910 	3918 	3850
f 839 	3850 	3912
f 3859 	3833 	3528
f 3849 	3875 	3857
f 3849 	3845 	3835
f 3649 	3871 	2045
f 3843 	3868 	3866
f 3873 	3862 	3861
f 3865 	3873 	3861
f 3869 	3836 	3859
f 3870 	1379 	1377
f 3864 	3871 	3641
f 3608 	3641 	3871
f 3649 	3608 	3871
f 3866 	3868 	3875
f 3868 	3855 	3875
f 3845 	3825 	3835
f 1976 	2114 	3872
f 2022 	2945 	2023
f 3255 	2023 	2945
f 3813 	3856 	3870
f 715 	1112 	3251
f 3859 	3836 	3833
f 3862 	3873 	2307
f 2272 	3863 	2307
f 3251 	1112 	2023
f 3875 	3849 	3835
f 3878 	984 	3877
f 3879 	984 	3878
f 3880 	984 	3879
f 3625 	984 	3880
f 3876 	3877 	984
f 3876 	984 	3881
f 3835 	3886 	3875
f 3886 	3873 	3875
f 3859 	3848 	3874
f 3870 	3856 	1469
f 3872 	3976 	3882
f 3867 	3875 	3873
f 3865 	3867 	3873
f 3867 	3866 	3875
f 3889 	3882 	3976
f 1469 	3856 	3846
f 3859 	3874 	3869
f 2351 	2307 	3873
f 3869 	3729 	3836
f 3884 	3856 	3885
f 3813 	3885 	3856
f 3886 	3917 	3883
f 3599 	3602 	3877
f 3813 	3838 	3885
f 3886 	3883 	3873
f 3930 	3887 	3874
f 3873 	3883 	2351
f 3884 	3852 	3856
f 3840 	3891 	3892
f 3890 	3887 	3743
f 3924 	3885 	3838
f 3886 	3840 	3892
f 3884 	3850 	3852
f 3599 	3877 	3876
f 3886 	3892 	3922
f 3878 	3877 	3602
f 1077 	3743 	3887
f 3602 	3879 	3878
f 3852 	926 	3846
f 3605 	3880 	3879
f 3872 	2114 	3976
f 3869 	3874 	3887
f 3846 	3856 	3852
f 1345 	1444 	3893
f 3885 	3895 	3884
f 3887 	3890 	3869
f 1819 	1808 	1723
f 1734 	1733 	1819
f 3906 	3894 	1444
f 3903 	3888 	3976
f 3889 	3976 	3888
f 3729 	3869 	3890
f 3894 	3906 	3898
f 3897 	3850 	3896
f 1811 	3265 	2038
f 2045 	2038 	3265
f 3899 	3898 	3906
f 3909 	1411 	1419
f 3893 	3901 	1345
f 3893 	3894 	3901
f 3898 	3901 	3894
f 3900 	3884 	3895
f 3010 	2045 	3007
f 3578 	3587 	2045
f 2764 	2879 	3265
f 3921 	1419 	1428
f 3901 	3891 	1327
f 1327 	1385 	3901
f 3891 	3901 	3892
f 3930 	1428 	1100
f 3892 	3901 	3905
f 3903 	3975 	3902
f 3850 	3897 	3910
f 3898 	3905 	3901
f 3904 	3902 	3975
f 3896 	3924 	3897
f 3898 	3899 	3905
f 3900 	3924 	3896
f 2175 	2655 	2174
f 3906 	1444 	1442
f 2174 	2655 	2177
f 2176 	2177 	2655
f 3924 	3900 	3895
f 3895 	3885 	3924
f 3975 	3903 	3976
f 3965 	3906 	3957
f 3672 	3908 	3909
f 2655 	2237 	2176
f 3672 	3666 	3908
f 3909 	3675 	3672
f 3911 	3957 	3906
f 1442 	3911 	3906
f 1442 	3908 	3911
f 3904 	3975 	3914
f 3883 	3917 	2351
f 3917 	2547 	2351
f 3915 	3850 	3918
f 3916 	3914 	3975
f 3975 	3978 	3916
f 3909 	1419 	3921
f 3919 	3916 	3978
f 3912 	3850 	3915
f 3907 	839 	3913
f 3917 	3886 	3922
f 3909 	3923 	3675
f 900 	926 	3852
f 3902 	3934 	3903
f 3892 	3905 	3922
f 1976 	3872 	3935
f 2030 	1983 	3935
f 3888 	3934 	3889
f 3882 	3889 	3935
f 3922 	3949 	3917
f 3923 	3848 	3675
f 3934 	3904 	3942
f 3914 	3942 	3904
f 3922 	3952 	3949
f 3838 	3800 	3924
f 3921 	3923 	3909
f 2869 	2870 	2095
f 3916 	3942 	3914
f 3919 	3942 	3916
f 3920 	3942 	3919
f 3848 	3923 	3874
f 3725 	3926 	3779
f 2869 	2095 	2865
f 3923 	3921 	3874
f 3927 	3899 	3906
f 3928 	3927 	3906
f 1428 	3930 	3921
f 3838 	3808 	3800
f 3931 	3965 	3925
f 2870 	2874 	2095
f 607 	3932 	3801
f 3874 	3921 	3930
f 2874 	2728 	2095
f 3912 	3932 	3913
f 3915 	3932 	3912
f 2520 	2095 	2728
f 3801 	3932 	3800
f 3931 	3905 	3928
f 3925 	3905 	3931
f 1100 	1102 	3930
f 3800 	3932 	3924
f 2030 	3935 	1933
f 3930 	1102 	3887
f 3918 	3932 	3915
f 3918 	3910 	3932
f 3924 	3932 	3910
f 3910 	3897 	3924
f 3925 	3965 	3933
f 1735 	1707 	2326
f 2247 	3419 	2244
f 3829 	1933 	3935
f 957 	2244 	3419
f 3913 	3932 	607
f 3907 	607 	659
f 3913 	607 	3907
f 1707 	1928 	2326
f 3829 	3935 	3934
f 2289 	2285 	3419
f 3888 	3903 	3934
f 3905 	3899 	3927
f 2285 	2670 	3419
f 3936 	3938 	2829
f 2665 	3936 	2829
f 1741 	1735 	2326
f 3938 	3959 	2829
f 3943 	3959 	3938
f 3889 	3934 	3935
f 2703 	2821 	2665
f 1741 	2326 	2325
f 3831 	3934 	3834
f 3941 	3963 	3940
f 3942 	3834 	3934
f 3240 	3473 	3937
f 3902 	3904 	3934
f 3938 	3936 	3949
f 3938 	3949 	3943
f 959 	2080 	958
f 3473 	3946 	3937
f 3943 	3944 	3959
f 3939 	3959 	3944
f 2080 	3419 	2668
f 3949 	3939 	3944
f 3834 	3942 	3695
f 3920 	3929 	3942
f 1741 	2325 	1748
f 2080 	960 	962
f 3933 	3963 	3945
f 3936 	2665 	2821
f 3747 	3695 	3942
f 2821 	3949 	3936
f 2325 	2324 	1748
f 3940 	3939 	3949
f 3942 	3929 	3747
f 3929 	3926 	3747
f 607 	3937 	3946
f 3945 	3952 	3933
f 3949 	3952 	3940
f 3941 	3940 	3952
f 3928 	3906 	3965
f 2821 	2547 	3917
f 2821 	3917 	3949
f 959 	981 	2080
f 3944 	3943 	3949
f 2323 	1750 	2324
f 1748 	2324 	1750
f 3948 	3738 	3734
f 3958 	3961 	3946
f 3952 	3922 	3905
f 3950 	3948 	3947
f 2095 	962 	975
f 3933 	3952 	3925
f 1578 	1581 	3316
f 1564 	3374 	1553
f 1566 	3371 	1564
f 1581 	1536 	3316
f 3316 	1536 	3317
f 3927 	3928 	3905
f 3947 	3951 	3950
f 2095 	975 	2865
f 1553 	3374 	1549
f 1540 	3317 	1536
f 1549 	3317 	1540
f 1589 	3030 	1568
f 2668 	958 	2080
f 960 	2080 	981
f 3344 	3347 	3030
f 3905 	3925 	3952
f 2670 	2668 	3419
f 3945 	3941 	3952
f 3948 	3950 	3844
f 2283 	2289 	3419
f 2247 	2283 	3419
f 3239 	3244 	3250
f 1153 	1271 	1432
f 3853 	3844 	3950
f 3011 	2858 	3954
f 3948 	3844 	3738
f 3214 	3215 	3262
f 1271 	1433 	1432
f 3262 	3344 	3030
f 3950 	3966 	3853
f 3260 	3223 	3257
f 3227 	3235 	3257
f 3250 	3257 	3235
f 3227 	3257 	3223
f 3216 	3223 	3260
f 3215 	3216 	3260
f 3260 	3262 	3215
f 3030 	3214 	3262
f 3958 	3956 	3961
f 3963 	3959 	3939
f 3954 	2858 	3959
f 3954 	3959 	3953
f 2057 	3962 	2049
f 3250 	3235 	3239
f 3248 	3250 	3244
f 3248 	3244 	3245
f 3248 	3245 	1085
f 3953 	3959 	3963
f 1575 	3332 	1085
f 1083 	1575 	1085
f 3953 	3963 	3957
f 3957 	3963 	3965
f 3964 	3966 	3951
f 3966 	3950 	3951
f 3365 	1568 	3361
f 3654 	3954 	3653
f 3011 	3954 	3654
f 3939 	3940 	3963
f 3941 	3945 	3963
f 3958 	3969 	3956
f 3960 	3961 	3956
f 3954 	3953 	3653
f 3336 	1085 	3334
f 3666 	3653 	3953
f 3968 	2120 	2048
f 3953 	3957 	3666
f 3317 	1549 	3374
f 3908 	3666 	3957
f 2048 	3964 	3968
f 3911 	3908 	3957
f 3347 	3361 	3030
f 3969 	3967 	3956
f 3963 	3933 	3965
f 3931 	3928 	3965
f 3964 	2048 	3962
f 1170 	1935 	1807
f 3969 	3946 	3967
f 1807 	1935 	1934
f 3371 	1568 	3367
f 1751 	2327 	1930
f 2057 	2061 	3962
f 3966 	3964 	3962
f 654 	846 	3960
f 3374 	1564 	3371
f 3962 	3971 	3966
f 3971 	3853 	3966
f 3361 	1568 	3030
f 3367 	1568 	3365
f 3956 	654 	3960
f 3971 	3962 	2061
f 847 	1406 	3972
f 3316 	3319 	1578
f 1576 	1578 	3319
f 3328 	1575 	3319
f 1575 	1576 	3319
f 3330 	1575 	3328
f 1568 	3371 	1566
f 885 	930 	3972
f 2061 	3858 	3971
f 3970 	885 	3972
f 3332 	1575 	3330
f 3248 	1085 	3336
f 3334 	1085 	3332
f 3956 	901 	654
f 3786 	3973 	3791
f 1266 	1498 	3974
f 3424 	1747 	1654
f 1316 	885 	3970
f 1747 	3429 	3430
f 1749 	1747 	3430
f 3958 	3946 	3969
f 3955 	3967 	3946
f 1772 	1749 	3432
f 3430 	3432 	1749
f 3432 	3433 	1772
f 3979 	3980 	3974
f 2395 	1773 	1794
f 1297 	1295 	3980
f 3979 	1498 	3988
f 901 	3956 	3674
f 1475 	3983 	1471
f 1329 	1333 	3983
f 3961 	3960 	607
f 3960 	846 	607
f 1274 	1433 	1271
f 3976 	2114 	2120
f 607 	3946 	3961
f 1433 	1274 	1498
f 3920 	3919 	3978
f 3980 	3981 	1340
f 3092 	3091 	2685
f 3664 	3662 	3977
f 1341 	3981 	1337
f 3977 	3532 	3664
f 1274 	1273 	1498
f 3982 	3976 	2120
f 3979 	3974 	1498
f 3532 	3977 	3955
f 3968 	3982 	2120
f 1341 	1340 	3981
f 3975 	3984 	3978
f 2673 	1816 	1785
f 3985 	3984 	3975
f 3662 	3967 	3955
f 3955 	3977 	3662
f 1340 	1339 	3980
f 3779 	3926 	3978
f 3662 	3956 	3967
f 3980 	3979 	3988
f 3929 	3978 	3926
f 3980 	484 	3981
f 3929 	3920 	3978
f 490 	3980 	3988
f 3980 	490 	484
f 3985 	3976 	3982
f 480 	3983 	3981
f 3662 	3674 	3956
f 480 	3981 	484
f 3094 	2685 	3079
f 3779 	3978 	3984
f 1226 	3983 	1301
f 3984 	3786 	3779
f 3946 	3532 	3955
f 1301 	3983 	1315
f 1315 	3983 	480
f 2683 	1816 	2673
f 3985 	3975 	3976
f 1510 	479 	1661
f 1816 	2683 	2685
f 3968 	3985 	3982
f 3685 	3437 	1220
f 569 	3986 	1498
f 3987 	1498 	3986
f 3988 	1498 	3987
f 1924 	3424 	1654
f 3987 	3986 	490
f 569 	572 	3986
f 479 	614 	1661
f 1861 	3424 	1924
f 614 	3685 	1661
f 673 	471 	672
f 680 	3990 	676
f 694 	714 	690
f 3786 	3984 	3973
f 680 	681 	3990
f 1661 	3685 	1220
f 3988 	3987 	490
f 1054 	1055 	681
f 3985 	3973 	3984
f 681 	1035 	1054
f 614 	3688 	3685
f 3985 	3968 	3989
f 682 	1498 	748
f 582 	480 	484
f 3990 	681 	1055
f 3990 	472 	676
f 472 	471 	676
f 673 	676 	471
f 474 	672 	471
f 3985 	3989 	3973
f 3947 	3989 	3951
f 3992 	3694 	3937
f 3989 	3964 	3951
f 695 	1498 	682
f 1273 	748 	1498
f 713 	694 	711
f 3947 	3973 	3989
f 3989 	3968 	3964
f 3992 	3766 	3694
f 711 	694 	698
f 3766 	3992 	3991
f 3997 	3995 	698
f 2063 	2652 	2080
f 3419 	2080 	2652
f 2412 	2411 	3993
f 672 	474 	714
f 714 	694 	713
f 690 	714 	474
f 3991 	3992 	3801
f 1538 	3183 	1546
f 1535 	3183 	1538
f 1580 	3182 	1535
f 3183 	3206 	1546
f 1577 	3182 	1580
f 1550 	1546 	3206
f 1292 	3990 	845
f 2446 	2442 	3993
f 3990 	1292 	472
f 3189 	3187 	1573
f 3992 	607 	3801
f 2446 	3994 	2447
f 1563 	1550 	3206
f 1082 	1086 	1573
f 1565 	1563 	3205
f 3994 	2446 	3993
f 607 	3992 	3937
f 3352 	3994 	3993
f 517 	3994 	3352
f 477 	1457 	927
f 1937 	1865 	1924
f 2462 	2447 	3994
f 1457 	477 	1335
f 2101 	3994 	517
f 1861 	1924 	1865
f 711 	698 	3995
f 1937 	1180 	1865
f 698 	1881 	3997
f 1941 	3996 	3997
f 1807 	1934 	3995
f 3995 	1934 	711
f 2427 	1987 	2428
f 1986 	1848 	2428
f 2427 	2426 	1814
f 1987 	2427 	1814
f 1986 	2428 	1987
f 2635 	1894 	1506
f 1143 	1695 	1145
f 1807 	3995 	3996
f 3998 	1145 	1695
f 1751 	3999 	1707
f 1700 	1707 	3999
f 1735 	1753 	1707
f 3998 	1695 	3999
f 1695 	1700 	3999
f 1807 	3996 	1170
f 3997 	3996 	3995
f 1730 	1170 	1771
f 1771 	1170 	3996
f 2635 	1892 	1894
f 3999 	1930 	3998
f 1922 	1911 	3998
f 1145 	3998 	1911
f 1930 	3999 	1751
f 703 	4000 	4001
f 2425 	4000 	708
f 4001 	4002 	703
f 771 	703 	4002
f 4000 	2425 	4001
f 827 	771 	4003
f 4002 	4003 	771
f 3160 	827 	4003
f 4001 	2425 	4002
f 2132 	628 	4004
f 2132 	4004 	504
f 504 	2150 	2132
f 4004 	628 	495
f 4004 	495 	504
f 504 	518 	2148
f 515 	2148 	518
f 2150 	504 	2148
f 1974 	495 	637
f 495 	1974 	1995
# 7086 faces

 #end of obj_1

o obj_2
v 19.1001 		82.93 		65.5376
v 19.1001 		82.63 		65.5376
v 19.1001 		82.93 		21.2307
v 19.1001 		82.63 		21.2307
v 30.9001 		82.63 		65.5376
v 30.9001 		82.93 		65.5376
v 30.9001 		82.63 		21.2307
v 30.9001 		82.93 		21.2307
# 8 vertices

g group_2_16089887

usemtl color_16089887
s 0

f 4005 	4007 	4006
f 4007 	4008 	4006
f 4009 	4011 	4010
f 4011 	4012 	4010
f 4009 	4010 	4006
f 4010 	4005 	4006
f 4012 	4011 	4007
f 4011 	4008 	4007
f 4010 	4012 	4005
f 4012 	4007 	4005
f 4006 	4008 	4009
f 4008 	4011 	4009
# 12 faces

 #end of obj_2

o obj_3
v 44.2762 		71.3993 		43.8229
v 44.2762 		60.3993 		43.8229
v 44.2762 		71.3993 		41.8229
v 44.2762 		60.3993 		41.8229
v 44.5762 		60.3993 		43.8229
v 44.5762 		71.3993 		43.8229
v 44.5762 		60.3993 		41.8229
v 44.5762 		71.3993 		41.8229
# 8 vertices

g group_3_16089887

usemtl color_16089887
s 0

f 4013 	4015 	4014
f 4015 	4016 	4014
f 4017 	4019 	4018
f 4019 	4020 	4018
f 4017 	4018 	4014
f 4018 	4013 	4014
f 4020 	4019 	4015
f 4019 	4016 	4015
f 4018 	4020 	4013
f 4020 	4015 	4013
f 4014 	4016 	4017
f 4016 	4019 	4017
# 12 faces

 #end of obj_3

o obj_4
v -17.9112 		77.1566 		10.7
v -17.193 		77.7162 		10.7
v -18.5537 		76.5554 		10.7
v -19.1166 		75.917 		10.7
v -19.5961 		75.245 		10.7
v -18.7679 		75.1994 		10.7
v -18.7796 		75.1759 		10.7
v -17.7536 		74.5628 		10.7
v -17.8537 		74.3736 		10.7
v -17.5982 		75.1038 		10.7
v -15.1669 		73.5246 		10.7
v -15.2656 		73.9101 		10.7
v -15.3254 		74.3035 		10.7
v -15.3464 		74.7011 		10.7
v -15.3283 		75.0981 		10.7
v -15.2719 		75.4913 		10.7
v -15.1767 		75.8779 		10.7
v -15.0451 		76.2525 		10.7
v -18.7679 		75.1994 		5.703
v -18.7796 		75.1759 		5.703
v -17.7536 		74.5628 		5.703
v -17.8537 		74.3736 		5.703
v -17.5982 		75.1038 		5.703
v -15.1669 		73.5246 		5.703
v -15.2656 		73.9101 		5.703
v -15.3254 		74.3035 		5.703
v -15.3464 		74.7011 		5.703
v -15.3283 		75.0981 		5.703
v -15.2719 		75.4913 		5.703
v -15.1767 		75.8779 		5.703
v -15.0451 		76.2525 		5.703
v -17.193 		77.7162 		5.703
v -17.9112 		77.1566 		5.703
v -18.5537 		76.5554 		5.703
v -19.1166 		75.917 		5.703
v -19.5961 		75.245 		5.703
v -18.2092 		73.5356 		5.703
v -18.2092 		73.5356 		10.7
v -18.4796 		72.6977 		5.703
v -18.4796 		72.6977 		10.7
v -18.6627 		71.8667 		5.703
v -18.6627 		71.8667 		10.7
v -18.7565 		71.0473 		5.703
v -18.7565 		71.0473 		10.7
v -18.008 		71.4094 		5.703
v -18.008 		71.4094 		10.7
v -18.0057 		71.3718 		5.703
v -18.0057 		71.3718 		10.7
v -16.8018 		71.3189 		10.7
v -16.8018 		71.3189 		5.703
v -16.7915 		71.1318 		5.703
v -16.7915 		71.1318 		10.7
v -16.9463 		71.8998 		5.703
v -16.9463 		71.8998 		10.7
v -15.0077 		69.107 		5.703
v -15.0077 		69.107 		10.7
v -14.7798 		69.4513 		5.703
v -14.4665 		69.1266 		5.703
v -14.4665 		69.1266 		10.7
v -14.7798 		69.4513 		10.7
v -14.5581 		80.2597 		10.7
v -14.8969 		80.2413 		10.7
v -15.7984 		80.1149 		10.7
v -16.6548 		79.9154 		10.7
v -14.1121 		80.3707 		10.7
v -17.5405 		78.8626 		10.7
v -17.5479 		78.8577 		10.7
v -16.7995 		77.9738 		10.7
v -16.5606 		78.2042 		10.7
v -14.876 		76.6131 		10.7
v -14.6735 		76.9552 		10.7
v -14.4377 		77.2752 		10.7
v -14.1719 		77.5717 		10.7
v -13.8785 		77.8392 		10.7
v -13.5598 		78.078 		10.7
v -13.2199 		78.2835 		10.7
v -12.8616 		78.4553 		10.7
v -12.4873 		78.5913 		10.7
v -12.1018 		78.6899 		10.7
v -11.7085 		78.7498 		10.7
v -14.5581 		80.2597 		5.703
v -14.8969 		80.2413 		5.703
v -14.1121 		80.3707 		5.703
v -13.5598 		78.078 		5.703
v -13.2199 		78.2835 		5.703
v -12.8616 		78.4553 		5.703
v -12.4873 		78.5913 		5.703
v -12.1018 		78.6899 		5.703
v -11.7085 		78.7498 		5.703
v -16.7995 		77.9738 		5.703
v -16.5606 		78.2042 		5.703
v -14.876 		76.6131 		5.703
v -14.6735 		76.9552 		5.703
v -14.4377 		77.2752 		5.703
v -14.1719 		77.5717 		5.703
v -13.8785 		77.8392 		5.703
v -15.7984 		80.1149 		5.703
v -16.6548 		79.9154 		5.703
v -17.5405 		78.8626 		5.703
v -17.5479 		78.8577 		5.703
v -8.0958 		69.1601 		5.703
v -8.4754 		69.0657 		5.703
v -8.4157 		71.8646 		5.703
v -8.7091 		71.5971 		5.703
v -9.0278 		71.3584 		5.703
v -9.3677 		71.1528 		5.703
v -8.4157 		71.8646 		10.7
v -8.7091 		71.5971 		10.7
v -9.0278 		71.3584 		10.7
v -9.3677 		71.1528 		10.7
v -8.4754 		69.0657 		10.7
v -9.726 		70.9811 		5.703
v -10.1002 		70.845 		5.703
v -10.4857 		70.7464 		5.703
v -10.8791 		70.6866 		5.703
v -11.2767 		70.6656 		5.703
v -11.6737 		70.6837 		5.703
v -9.726 		70.9811 		10.7
v -10.1002 		70.845 		10.7
v -10.4857 		70.7464 		10.7
v -10.8791 		70.6866 		10.7
v -11.2767 		70.6656 		10.7
v -11.6737 		70.6837 		10.7
v -13.8508 		71.5742 		10.7
v -13.5308 		71.3384 		10.7
v -14.1473 		71.8401 		10.7
v -14.4148 		72.1334 		10.7
v -14.6536 		72.4522 		10.7
v -14.8591 		72.7921 		10.7
v -15.0309 		73.1504 		10.7
v -12.0669 		70.74 		10.7
v -12.4535 		70.8353 		10.7
v -12.8281 		70.9669 		10.7
v -13.1887 		71.136 		10.7
v -13.8508 		71.5742 		5.703
v -13.5308 		71.3384 		5.703
v -14.1473 		71.8401 		5.703
v -14.4148 		72.1334 		5.703
v -14.6536 		72.4522 		5.703
v -14.8591 		72.7921 		5.703
v -15.0309 		73.1504 		5.703
v -12.0669 		70.74 		5.703
v -12.4535 		70.8353 		5.703
v -12.8281 		70.9669 		5.703
v -13.1887 		71.136 		5.703
v -9.2109 		67.4562 		5.703
v -9.2109 		67.4562 		10.7
v -13.7158 		68.0767 		5.703
v -13.7158 		68.0767 		10.7
v -13.1253 		67.4233 		5.703
v -13.1253 		67.4233 		10.7
v -12.4969 		66.849 		5.703
v -12.4969 		66.849 		10.7
v -11.8341 		66.3575 		5.703
v -11.8341 		66.3575 		10.7
v -11.7693 		67.2412 		5.703
v -11.7693 		67.2412 		10.7
v -11.7515 		67.2323 		5.703
v -11.7515 		67.2323 		10.7
v -11.3166 		68.3096 		5.703
v -10.8868 		68.0822 		5.703
v -10.8868 		68.0822 		10.7
v -11.3166 		68.3096 		10.7
v -10.0489 		67.7267 		5.703
v -10.0489 		67.7267 		10.7
v -11.6795 		68.4138 		5.703
v -11.6795 		68.4138 		10.7
v -16.6651 		70.2303 		5.703
v -16.6651 		70.2303 		10.7
v -16.4656 		69.3739 		5.703
v -16.4656 		69.3739 		10.7
v -14.2635 		68.8038 		5.703
v -14.2635 		68.8038 		10.7
v -10.9139 		78.7527 		5.703
v -10.5207 		78.6963 		5.703
v -10.134 		78.6011 		5.703
v -9.7594 		78.4694 		5.703
v -8.1801 		80.3709 		5.703
v -9.4556 		82.1118 		10.7
v -10.0639 		82.7075 		10.7
v -10.7082 		83.2215 		10.7
v -9.4556 		82.1118 		5.703
v -10.0639 		82.7075 		5.703
v -10.7082 		83.2215 		5.703
v -10.8198 		82.196 		10.7
v -10.8198 		82.196 		5.703
v -7.661 		69.1837 		5.703
v -6.7594 		69.3102 		5.703
v -6.7594 		69.3102 		10.7
v -7.661 		69.1837 		10.7
v -5.9023 		69.5091 		5.703
v -5.9023 		69.5091 		10.7
v -10.836 		82.204 		10.7
v -10.836 		82.204 		5.703
v -11.2708 		81.1267 		10.7
v -11.2708 		81.1267 		5.703
v -11.7005 		81.3635 		5.703
v -11.7005 		81.3635 		10.7
v -12.5321 		81.7341 		5.703
v -12.5321 		81.7341 		10.7
v -13.3643 		82.0187 		5.703
v -13.3643 		82.0187 		10.7
v -14.1926 		82.2167 		5.703
v -14.1926 		82.2167 		10.7
v -6.5823 		69.6883 		5.703
v -6.3334 		69.798 		5.703
v -15.0106 		82.3252 		5.703
v -15.0106 		82.3252 		10.7
v -6.5823 		69.6883 		5.7
v -6.3334 		69.798 		5.7
v -5.6703 		70.1602 		5.703
v -5.6703 		70.1602 		5.7
v -10.8578 		81.8472 		10.7
v -10.8953 		81.5024 		10.7
v -10.8793 		81.4942 		10.7
v -10.8578 		81.8472 		5.703
v -10.8953 		81.5024 		5.703
v -10.8793 		81.4942 		5.703
v -10.9081 		81.0225 		5.703
v -10.9081 		81.0225 		10.7
v -7.9475 		68.0063 		5.703
v -7.9475 		68.0063 		10.7
v -7.9596 		68.0055 		5.703
v -4.9276 		74.5477 		10.7
v -4.9894 		74.3325 		10.7
v -7.5567 		76.2859 		10.7
v -14.5977 		81.4327 		5.703
v -14.5977 		81.4327 		10.7
v -7.4206 		75.9117 		10.7
v -14.6401 		81.4301 		5.703
v -14.6401 		81.4301 		10.7
v -7.322 		75.5262 		10.7
v -5.0408 		70.5779 		5.703
v -5.0408 		70.5779 		10.7
v -5.0396 		70.5786 		5.7
v -5.0396 		70.5786 		10.7
v -5.3463 		71.735 		10.7
v -5.841 		71.4116 		10.7
v -4.6282 		72.2946 		10.7
v -3.9865 		72.8964 		10.7
v -3.4222 		73.535 		10.7
v -4.6282 		72.2946 		5.703
v -3.9865 		72.8964 		5.703
v -3.4222 		73.535 		5.703
v -5.841 		71.4116 		5.703
v -5.3463 		71.735 		5.703
v -6.027 		71.2321 		10.7
v -6.027 		71.2321 		5.703
v -5.7026 		71.0174 		5.703
v -5.7026 		71.0174 		5.7
v -8.3791 		67.2726 		5.703
v -8.3791 		67.2726 		10.7
v -7.5597 		67.1788 		5.703
v -7.5597 		67.1788 		10.7
v -7.9596 		68.0055 		10.7
v -17.4626 		79.6443 		10.7
v -18.2128 		79.3026 		10.7
v -17.4626 		79.6443 		5.703
v -18.2128 		79.3026 		5.703
v -15.8527 		67.8158 		10.7
v -16.1944 		68.5661 		10.7
v -16.1944 		68.5661 		5.703
v -15.8527 		67.8158 		5.703
v -4.345 		70.1225 		10.7
v -5.0952 		69.7808 		10.7
v -4.345 		70.1225 		5.703
v -5.0952 		69.7808 		5.703
v -6.6255 		81.7567 		10.7
v -6.2971 		81.0009 		10.7
v -6.2971 		81.0009 		5.703
v -6.6255 		81.7567 		5.703
v -2.9432 		74.2061 		10.7
v -3.8109 		74.2544 		10.7
v -3.8079 		74.2604 		10.7
v -5.7231 		77.8653 		10.7
v -5.7441 		78.4248 		10.7
v -5.855 		79.328 		10.7
v -7.7284 		76.6443 		10.7
v -5.6413 		77.5365 		10.7
v -4.0463 		76.7938 		10.7
v -3.8785 		77.6289 		10.7
v -3.7985 		78.449 		10.7
v -4.6442 		75.1077 		10.7
v -4.3028 		75.9514 		10.7
v -4.5812 		78.0536 		10.7
v -4.5819 		78.0645 		10.7
v -6.0395 		80.1889 		10.7
v -8.1801 		80.3709 		10.7
v -8.3665 		80.6918 		10.7
v -8.8884 		81.4378 		10.7
v -7.5974 		80.3263 		10.7
v -7.5894 		80.3149 		10.7
v -10.9139 		78.7527 		10.7
v -10.5207 		78.6963 		10.7
v -10.134 		78.6011 		10.7
v -9.7594 		78.4694 		10.7
v -9.3989 		78.3003 		10.7
v -9.0568 		78.0979 		10.7
v -7.8077 		79.985 		10.7
v -8.7368 		77.8621 		10.7
v -8.4402 		77.5963 		10.7
v -8.1727 		77.3029 		10.7
v -7.934 		76.9842 		10.7
v -7.2622 		75.1329 		10.7
v -7.2412 		74.7352 		10.7
v -7.2593 		74.3383 		10.7
v -7.3157 		73.9451 		10.7
v -7.4109 		73.5584 		10.7
v -7.5425 		73.1838 		10.7
v -7.7116 		72.8233 		10.7
v -7.9149 		72.4817 		10.7
v -8.1498 		72.1612 		10.7
v -11.3108 		78.7708 		10.7
v -8.0958 		69.1601 		10.7
v -3.8109 		74.2544 		5.703
v -3.8079 		74.2604 		5.703
v -5.7231 		77.8653 		5.703
v -5.7441 		78.4248 		5.703
v -5.855 		79.328 		5.703
v -5.6413 		77.5365 		5.703
v -7.7284 		76.6443 		5.703
v -4.5819 		78.0645 		5.703
v -4.6442 		75.1077 		5.703
v -4.3028 		75.9514 		5.703
v -4.0463 		76.7938 		5.703
v -3.8785 		77.6289 		5.703
v -3.7985 		78.449 		5.703
v -4.5812 		78.0536 		5.703
v -6.0395 		80.1889 		5.703
v -7.5974 		80.3263 		5.703
v -7.5894 		80.3149 		5.703
v -7.8077 		79.985 		5.703
v -9.3989 		78.3003 		5.703
v -9.0568 		78.0979 		5.703
v -8.7368 		77.8621 		5.703
v -8.4402 		77.5963 		5.703
v -8.1727 		77.3029 		5.703
v -7.934 		76.9842 		5.703
v -8.3665 		80.6918 		5.703
v -8.8884 		81.4378 		5.703
v -4.9276 		74.5477 		5.703
v -4.9894 		74.3325 		5.703
v -7.5567 		76.2859 		5.703
v -7.4206 		75.9117 		5.703
v -7.322 		75.5262 		5.703
v -7.2622 		75.1329 		5.703
v -7.2412 		74.7352 		5.703
v -7.2593 		74.3383 		5.703
v -7.3157 		73.9451 		5.703
v -7.4109 		73.5584 		5.703
v -7.5425 		73.1838 		5.703
v -7.7116 		72.8233 		5.703
v -7.9149 		72.4817 		5.703
v -8.1498 		72.1612 		5.703
v -11.3108 		78.7708 		5.703
v -2.9432 		74.2061 		5.703
# 356 vertices

g group_4_16089887

usemtl color_16089887
s 0

f 4024 	4055 	4025
f 4027 	4026 	4039
f 4041 	4029 	4028
f 4028 	4030 	4041
f 4043 	4041 	4030
f 4045 	4032 	4031
f 4032 	4045 	4033
f 4027 	4043 	4030
f 4049 	4036 	4035
f 4036 	4049 	4037
f 4050 	4037 	4049
f 4051 	4038 	4037
f 4051 	4037 	4050
f 4039 	4040 	4027
f 4041 	4042 	4029
f 4160 	4159 	4073
f 4044 	4057 	4045
f 4046 	4045 	4041
f 4047 	4046 	4041
f 4041 	4043 	4047
f 4073 	4057 	4044
f 4041 	4045 	4042
f 4150 	4044 	4031
f 4031 	4044 	4045
f 4046 	4033 	4045
f 4033 	4046 	4034
f 4047 	4034 	4046
f 4040 	4043 	4027
f 4048 	4047 	4043
f 4049 	4048 	4043
f 4050 	4049 	4053
f 4043 	4053 	4049
f 4052 	4110 	4051
f 4040 	4039 	4043
f 4039 	4054 	4043
f 4112 	4051 	4110
f 4034 	4047 	4035
f 4048 	4035 	4047
f 4049 	4035 	4048
f 4021 	4022 	4053
f 4052 	4053 	4022
f 4053 	4054 	4023
f 4053 	4023 	4021
f 4024 	4023 	4055
f 4054 	4055 	4023
f 4056 	4025 	4055
f 4053 	4043 	4054
f 4052 	4050 	4053
f 4110 	4111 	4112
f 4055 	4054 	4039
f 4039 	4026 	4056
f 4026 	4025 	4056
f 4039 	4056 	4055
f 4029 	4042 	4058
f 4057 	4058 	4042
f 4057 	4059 	4060
f 4057 	4060 	4058
f 4059 	4061 	4062
f 4059 	4062 	4060
f 4061 	4063 	4064
f 4061 	4064 	4062
f 4042 	4045 	4057
f 4057 	4073 	4059
f 4061 	4059 	4065
f 4063 	4061 	4065
f 4066 	4064 	4065
f 4063 	4065 	4064
f 4066 	4065 	4067
f 4066 	4067 	4068
f 4069 	4070 	4071
f 4069 	4071 	4072
f 4073 	4070 	4069
f 4073 	4069 	4074
f 4044 	4161 	4073
f 4161 	4160 	4073
f 4073 	4074 	4068
f 4067 	4073 	4068
f 4065 	4059 	4073
f 4067 	4065 	4073
f 4077 	4078 	4079
f 4077 	4079 	4080
f 4080 	4076 	4077
f 4075 	4077 	4076
f 4282 	4190 	4075
f 4115 	4094 	4093
f 4102 	4082 	4101
f 4081 	4101 	4082
f 4081 	4085 	4101
f 4103 	4101 	4085
f 4111 	4110 	4089
f 4115 	4093 	4092
f 4107 	4098 	4097
f 4098 	4107 	4099
f 4109 	4100 	4099
f 4109 	4375 	4100
f 4104 	4116 	4101
f 4105 	4104 	4103
f 4102 	4101 	4116
f 4094 	4116 	4095
f 4104 	4095 	4116
f 4095 	4104 	4096
f 4105 	4096 	4104
f 4101 	4103 	4104
f 4107 	4106 	4103
f 4106 	4105 	4103
f 4221 	4219 	4103
f 4107 	4103 	4219
f 4105 	4106 	4096
f 4097 	4096 	4106
f 4107 	4097 	4106
f 4108 	4099 	4107
f 4109 	4099 	4108
f 4088 	4110 	4052
f 4088 	4089 	4110
f 4051 	4050 	4052
f 4113 	4112 	4111
f 4038 	4051 	4090
f 4112 	4090 	4051
f 4090 	4112 	4113
f 4090 	4113 	4091
f 4113 	4111 	4114
f 4115 	4114 	4117
f 4116 	4115 	4117
f 4111 	4117 	4114
f 4118 	4117 	4111
f 4114 	4092 	4091
f 4114 	4091 	4113
f 4115 	4092 	4114
f 4116 	4094 	4115
f 4083 	4082 	4117
f 4102 	4117 	4082
f 4084 	4083 	4118
f 4117 	4118 	4083
f 4120 	4087 	4119
f 4086 	4119 	4087
f 4120 	4111 	4087
f 4089 	4087 	4111
f 4117 	4102 	4116
f 4119 	4118 	4111
f 4120 	4119 	4111
f 4088 	4052 	4022
f 4124 	4128 	4123
f 4127 	4123 	4128
f 4128 	4124 	4125
f 4128 	4125 	4129
f 4126 	4130 	4125
f 4129 	4125 	4130
f 4133 	4132 	4122
f 4122 	4184 	4133
f 4184 	4181 	4134
f 4134 	4133 	4184
f 4136 	4186 	4137
f 4135 	4180 	4136
f 4130 	4126 	4138
f 4132 	4138 	4126
f 4133 	4138 	4132
f 4134 	4140 	4133
f 4140 	4134 	4135
f 4136 	4142 	4135
f 4142 	4136 	4143
f 4137 	4143 	4136
f 4133 	4139 	4138
f 4139 	4133 	4140
f 4140 	4135 	4141
f 4141 	4135 	4142
f 4145 	4156 	4144
f 4155 	4144 	4156
f 4144 	4155 	4146
f 4158 	4147 	4146
f 4158 	4148 	4147
f 4160 	4149 	4148
f 4149 	4160 	4150
f 4143 	4137 	4151
f 4163 	4152 	4151
f 4152 	4163 	4153
f 4154 	4156 	4145
f 4077 	4188 	4155
f 4157 	4155 	4188
f 4158 	4157 	4188
f 4188 	4071 	4158
f 4071 	4070 	4158
f 4070 	4073 	4159
f 4137 	4186 	4162
f 4163 	4192 	4164
f 4186 	4168 	4162
f 4165 	4164 	4078
f 4075 	4190 	4077
f 4155 	4156 	4077
f 4156 	4165 	4077
f 4078 	4077 	4165
f 4157 	4146 	4155
f 4158 	4146 	4157
f 4159 	4148 	4158
f 4160 	4148 	4159
f 4161 	4150 	4160
f 4150 	4161 	4044
f 4137 	4162 	4151
f 4151 	4162 	4163
f 4163 	4164 	4153
f 4153 	4164 	4165
f 4153 	4165 	4154
f 4154 	4165 	4156
f 4166 	4167 	4185
f 4272 	4167 	4166
f 4168 	4170 	4171
f 4168 	4171 	4169
f 4170 	4172 	4173
f 4170 	4173 	4171
f 4172 	4174 	4175
f 4172 	4175 	4173
f 4192 	4163 	4168
f 4163 	4162 	4168
f 4177 	4175 	4176
f 4174 	4176 	4175
f 4170 	4176 	4172
f 4174 	4172 	4176
f 4176 	4178 	4179
f 4176 	4179 	4177
f 4180 	4181 	4182
f 4180 	4182 	4183
f 4181 	4184 	4185
f 4181 	4185 	4182
f 4185 	4184 	4166
f 4180 	4135 	4181
f 4186 	4180 	4183
f 4186 	4183 	4187
f 4186 	4136 	4180
f 4178 	4186 	4187
f 4178 	4187 	4179
f 4178 	4176 	4186
f 4176 	4170 	4186
f 4170 	4168 	4186
f 4189 	4072 	4188
f 4071 	4188 	4072
f 4188 	4190 	4191
f 4188 	4191 	4189
f 4188 	4077 	4190
f 4159 	4158 	4070
f 4078 	4192 	4193
f 4078 	4193 	4079
f 4192 	4168 	4193
f 4169 	4193 	4168
f 4078 	4164 	4192
f 4194 	4375 	4239
f 4239 	4360 	4195
f 4196 	4195 	4360
f 4315 	4314 	4196
f 4197 	4316 	4196
f 4199 	4203 	4200
f 4200 	4203 	4201
f 4204 	4201 	4203
f 4202 	4203 	4199
f 4202 	4206 	4203
f 4205 	4201 	4206
f 4206 	4201 	4204
f 4207 	4208 	4209
f 4207 	4209 	4210
f 4208 	4211 	4212
f 4208 	4212 	4209
f 4214 	4213 	4206
f 4205 	4206 	4213
f 4215 	4216 	4217
f 4215 	4217 	4218
f 4207 	4124 	4208
f 4217 	4219 	4220
f 4217 	4220 	4218
f 4211 	4208 	4225
f 4219 	4221 	4222
f 4219 	4222 	4220
f 4221 	4223 	4224
f 4221 	4224 	4222
f 4225 	4226 	4211
f 4226 	4231 	4211
f 4223 	4227 	4228
f 4223 	4228 	4224
f 4225 	4229 	4230
f 4225 	4230 	4226
f 4253 	4287 	4231
f 4230 	4232 	4231
f 4230 	4231 	4226
f 4108 	4107 	4219
f 4219 	4217 	4108
f 4237 	4234 	4236
f 4233 	4236 	4234
f 4229 	4270 	4230
f 4238 	4235 	4234
f 4238 	4234 	4237
f 4208 	4124 	4225
f 4236 	4238 	4237
f 4239 	4216 	4215
f 4239 	4215 	4240
f 4122 	4131 	4241
f 4242 	4241 	4131
f 4227 	4248 	4228
f 4243 	4166 	4122
f 4241 	4243 	4122
f 4223 	4221 	4247
f 4227 	4247 	4248
f 4227 	4223 	4247
f 4248 	4247 	4250
f 4248 	4250 	4251
f 4250 	4103 	4251
f 4085 	4251 	4103
f 4250 	4247 	4103
f 4247 	4221 	4103
f 4109 	4108 	4217
f 4216 	4109 	4217
f 4195 	4194 	4239
f 4235 	4239 	4240
f 4214 	4236 	4233
f 4214 	4233 	4213
f 4238 	4239 	4235
f 4204 	4203 	4206
f 4238 	4236 	4202
f 4206 	4202 	4236
f 4214 	4206 	4236
f 4254 	4286 	4253
f 4254 	4253 	4256
f 4255 	4256 	4253
f 4232 	4255 	4253
f 4232 	4253 	4231
f 4266 	4257 	4258
f 4259 	4257 	4266
f 4264 	4261 	4260
f 4376 	4261 	4264
f 4262 	4259 	4266
f 4262 	4263 	4260
f 4262 	4260 	4259
f 4263 	4264 	4260
f 4265 	4266 	4258
f 4266 	4265 	4371
f 4258 	4267 	4265
f 4268 	4265 	4267
f 4374 	4373 	4268
f 4268 	4267 	4269
f 4269 	4267 	4256
f 4269 	4256 	4255
f 4255 	4270 	4269
f 4232 	4230 	4270
f 4232 	4270 	4255
f 4225 	4374 	4268
f 4269 	4225 	4268
f 4269 	4270 	4225
f 4229 	4225 	4270
f 4166 	4271 	4272
f 4271 	4273 	4274
f 4271 	4274 	4272
f 4166 	4243 	4271
f 4273 	4271 	4243
f 4274 	4273 	4243
f 4274 	4243 	4275
f 4243 	4241 	4242
f 4243 	4242 	4275
f 4276 	4277 	4086
f 4118 	4278 	4276
f 4084 	4118 	4276
f 4278 	4279 	4277
f 4278 	4277 	4276
f 4086 	4277 	4119
f 4279 	4119 	4277
f 4118 	4119 	4278
f 4279 	4278 	4119
f 4190 	4282 	4281
f 4190 	4281 	4191
f 4282 	4283 	4280
f 4282 	4280 	4281
f 4283 	4075 	4076
f 4283 	4076 	4280
f 4283 	4282 	4075
f 4284 	4254 	4285
f 4286 	4284 	4285
f 4284 	4286 	4254
f 4285 	4212 	4287
f 4211 	4287 	4212
f 4285 	4287 	4286
f 4286 	4287 	4253
f 4211 	4231 	4287
f 4289 	4291 	4288
f 4290 	4291 	4289
f 4311 	4288 	4350
f 4259 	4260 	4245
f 4294 	4245 	4293
f 4312 	4319 	4297
f 4300 	4299 	4304
f 4301 	4305 	4300
f 4301 	4302 	4305
f 4328 	4259 	4327
f 4306 	4299 	4305
f 4295 	4323 	4299
f 4299 	4249 	4304
f 4299 	4300 	4305
f 4252 	4324 	4303
f 4288 	4311 	4289
f 4312 	4289 	4311
f 4318 	4319 	4317
f 4309 	4310 	4315
f 4315 	4316 	4309
f 4240 	4314 	4310
f 4314 	4315 	4310
f 4319 	4308 	4317
f 4316 	4317 	4308
f 4321 	4322 	4296
f 4289 	4312 	4307
f 4321 	4297 	4320
f 4318 	4320 	4319
f 4295 	4296 	4322
f 4323 	4295 	4322
f 4307 	4312 	4297
f 4298 	4299 	4323
f 4296 	4297 	4321
f 4319 	4320 	4297
f 4199 	4235 	4310
f 4199 	4200 	4205
f 4201 	4205 	4200
f 4233 	4234 	4235
f 4248 	4224 	4228
f 4224 	4248 	4222
f 4220 	4222 	4085
f 4085 	4222 	4248
f 4251 	4085 	4248
f 4314 	4240 	4313
f 4215 	4333 	4240
f 4308 	4309 	4316
f 4235 	4199 	4233
f 4213 	4233 	4205
f 4205 	4233 	4199
f 4240 	4310 	4235
f 4292 	4293 	4261
f 4260 	4261 	4293
f 4293 	4245 	4260
f 4259 	4328 	4257
f 4257 	4329 	4258
f 4258 	4330 	4267
f 4127 	4209 	4332
f 4267 	4332 	4209
f 4256 	4267 	4254
f 4274 	4275 	4272
f 4285 	4254 	4212
f 4212 	4267 	4209
f 4254 	4267 	4212
f 4242 	4131 	4275
f 4249 	4299 	4246
f 4252 	4304 	4249
f 4246 	4299 	4298
f 4244 	4303 	4324
f 4325 	4244 	4324
f 4244 	4325 	4245
f 4303 	4304 	4252
f 4326 	4245 	4325
f 4327 	4245 	4326
f 4329 	4257 	4328
f 4330 	4258 	4329
f 4331 	4267 	4330
f 4127 	4128 	4209
f 4245 	4327 	4259
f 4332 	4267 	4331
f 4336 	4362 	4245
f 4370 	4328 	4327
f 4328 	4370 	4329
f 4343 	4303 	4244
f 4244 	4245 	4362
f 4365 	4252 	4249
f 4365 	4324 	4252
f 4313 	4240 	4333
f 4367 	4326 	4325
f 4335 	4336 	4294
f 4335 	4294 	4293
f 4336 	4245 	4294
f 4336 	4335 	4362
f 4337 	4338 	4296
f 4337 	4296 	4295
f 4338 	4339 	4297
f 4338 	4297 	4296
f 4340 	4337 	4295
f 4340 	4295 	4299
f 4129 	4130 	4131
f 4337 	4340 	4358
f 4358 	4357 	4337
f 4341 	4358 	4340
f 4340 	4299 	4342
f 4306 	4342 	4299
f 4343 	4344 	4304
f 4343 	4304 	4303
f 4344 	4345 	4300
f 4344 	4300 	4304
f 4345 	4346 	4301
f 4345 	4301 	4300
f 4346 	4347 	4302
f 4346 	4302 	4301
f 4345 	4348 	4346
f 4302 	4347 	4348
f 4344 	4340 	4345
f 4302 	4348 	4305
f 4306 	4305 	4348
f 4306 	4348 	4342
f 4344 	4364 	4340
f 4341 	4340 	4363
f 4342 	4348 	4340
f 4348 	4345 	4340
f 4347 	4346 	4348
f 4298 	4341 	4363
f 4339 	4307 	4297
f 4290 	4289 	4307
f 4308 	4198 	4309
f 4291 	4350 	4288
f 4317 	4354 	4318
f 4354 	4320 	4318
f 4358 	4341 	4323
f 4341 	4298 	4323
f 4198 	4359 	4309
f 4359 	4360 	4310
f 4359 	4310 	4309
f 4360 	4202 	4310
f 4350 	4312 	4311
f 4198 	4308 	4319
f 4313 	4194 	4314
f 4195 	4314 	4194
f 4195 	4196 	4314
f 4196 	4316 	4315
f 4322 	4357 	4323
f 4307 	4339 	4349
f 4349 	4290 	4307
f 4352 	4351 	4339
f 4357 	4356 	4338
f 4291 	4290 	4350
f 4351 	4312 	4350
f 4352 	4198 	4319
f 4196 	4359 	4197
f 4197 	4198 	4353
f 4352 	4353 	4198
f 4354 	4353 	4352
f 4353 	4317 	4316
f 4353 	4316 	4197
f 4317 	4353 	4354
f 4352 	4319 	4351
f 4312 	4351 	4319
f 4354 	4352 	4355
f 4339 	4338 	4356
f 4338 	4337 	4357
f 4356 	4355 	4339
f 4352 	4339 	4355
f 4349 	4339 	4351
f 4351 	4350 	4290
f 4290 	4349 	4351
f 4355 	4320 	4354
f 4356 	4321 	4320
f 4356 	4320 	4355
f 4356 	4357 	4321
f 4322 	4321 	4357
f 4358 	4323 	4357
f 4199 	4310 	4202
f 4238 	4360 	4239
f 4359 	4196 	4360
f 4198 	4197 	4359
f 4360 	4238 	4202
f 4373 	4331 	4330
f 4331 	4373 	4332
f 4374 	4332 	4373
f 4127 	4332 	4374
f 4244 	4361 	4343
f 4362 	4361 	4244
f 4343 	4365 	4344
f 4363 	4340 	4364
f 4364 	4344 	4365
f 4361 	4366 	4343
f 4365 	4343 	4366
f 4361 	4362 	4367
f 4298 	4363 	4246
f 4364 	4249 	4246
f 4364 	4246 	4363
f 4365 	4249 	4364
f 4365 	4366 	4324
f 4367 	4325 	4366
f 4324 	4366 	4325
f 4367 	4366 	4361
f 4362 	4262 	4369
f 4368 	4367 	4362
f 4262 	4266 	4370
f 4263 	4262 	4362
f 4368 	4326 	4367
f 4326 	4368 	4327
f 4369 	4327 	4368
f 4373 	4372 	4268
f 4369 	4368 	4362
f 4370 	4369 	4262
f 4372 	4371 	4265
f 4265 	4268 	4372
f 4371 	4370 	4266
f 4327 	4369 	4370
f 4329 	4370 	4371
f 4372 	4330 	4329
f 4372 	4329 	4371
f 4373 	4330 	4372
f 4123 	4127 	4374
f 4313 	4333 	4375
f 4333 	4100 	4375
f 4194 	4313 	4375
f 4375 	4109 	4216
f 4216 	4239 	4375
f 4135 	4134 	4181
f 4122 	4166 	4184
f 4121 	4207 	4334
f 4210 	4334 	4207
f 4122 	4121 	4334
f 4122 	4334 	4131
f 4374 	4225 	4123
f 4123 	4225 	4124
f 4125 	4124 	4121
f 4207 	4121 	4124
f 4121 	4122 	4125
f 4126 	4125 	4122
f 4132 	4126 	4122
f 4128 	4129 	4334
f 4131 	4334 	4129
f 4138 	4139 	4131
f 4334 	4210 	4128
f 4210 	4209 	4128
f 4138 	4131 	4130
f 4141 	4142 	4183
f 4187 	4183 	4142
f 4143 	4187 	4142
f 4182 	4185 	4140
f 4131 	4167 	4275
f 4146 	4189 	4144
f 4148 	4069 	4147
f 4150 	4074 	4149
f 4143 	4151 	4187
f 4152 	4169 	4151
f 4079 	4193 	4153
f 4154 	4079 	4153
f 4145 	4080 	4154
f 4144 	4080 	4145
f 4072 	4189 	4147
f 4152 	4153 	4193
f 4272 	4275 	4167
f 4175 	4177 	4173
f 4171 	4173 	4177
f 4140 	4141 	4182
f 4131 	4185 	4167
f 4131 	4139 	4185
f 4139 	4140 	4185
f 4183 	4182 	4141
f 4177 	4187 	4171
f 4179 	4187 	4177
f 4169 	4171 	4187
f 4076 	4281 	4280
f 4193 	4169 	4152
f 4187 	4151 	4169
f 4146 	4147 	4189
f 4079 	4154 	4080
f 4281 	4076 	4191
f 4191 	4080 	4189
f 4080 	4191 	4076
f 4276 	4086 	4084
f 4091 	4089 	4090
f 4022 	4038 	4088
f 4089 	4088 	4090
f 4093 	4083 	4092
f 4091 	4092 	4089
f 4094 	4083 	4093
f 4089 	4092 	4083
f 4096 	4085 	4095
f 4095 	4081 	4094
f 4081 	4095 	4085
f 4082 	4094 	4081
f 4083 	4094 	4082
f 4084 	4089 	4083
f 4086 	4089 	4084
f 4087 	4089 	4086
f 4097 	4085 	4096
f 4098 	4099 	4220
f 4218 	4220 	4099
f 4100 	4218 	4099
f 4097 	4098 	4085
f 4085 	4098 	4220
f 4333 	4215 	4100
f 4218 	4100 	4215
f 4023 	4030 	4021
f 4025 	4026 	4024
f 4023 	4024 	4026
f 4060 	4074 	4058
f 4058 	4032 	4029
f 4032 	4058 	4031
f 4033 	4028 	4032
f 4031 	4058 	4074
f 4150 	4031 	4074
f 4148 	4149 	4074
f 4029 	4032 	4028
f 4035 	4030 	4034
f 4036 	4030 	4035
f 4037 	4021 	4036
f 4038 	4022 	4037
f 4034 	4028 	4033
f 4090 	4088 	4038
f 4030 	4036 	4021
f 4030 	4023 	4026
f 4027 	4030 	4026
f 4022 	4021 	4037
f 4028 	4034 	4030
f 4060 	4062 	4066
f 4064 	4066 	4062
f 4080 	4144 	4189
f 4072 	4147 	4069
f 4074 	4069 	4148
f 4066 	4074 	4060
f 4068 	4074 	4066
f 4261 	4376 	4292
f 4376 	4335 	4293
f 4376 	4293 	4292
f 4376 	4264 	4335
f 4362 	4335 	4263
f 4263 	4335 	4264
# 712 faces

 #end of obj_4

o obj_5
v -13.0415 		82.2615 		60.2
v -13.0865 		82.2425 		60.2
v -13.1335 		82.2285 		60.2
v -13.1815 		82.2185 		60.2
v -13.2305 		82.2145 		60.2
v -12.7595 		82.6395 		60.2
v -12.7695 		82.5915 		60.2
v -12.7835 		82.5445 		60.2
v -12.8025 		82.4995 		60.2
v -12.8255 		82.4555 		60.2
v -12.8535 		82.4155 		60.2
v -12.8845 		82.3775 		60.2
v -12.9185 		82.3425 		60.2
v -12.9565 		82.3115 		60.2
v -12.9975 		82.2845 		60.2
v -12.7595 		82.7865 		60.2
v -12.7695 		82.8345 		60.2
v -12.7545 		82.7375 		60.2
v -12.7545 		82.6885 		60.2
v -13.1069 		84.1876 		60.2
v -13.7395 		82.5925 		60.2
v -14.0727 		83.9287 		60.2
v -13.2795 		82.2145 		60.2
v -3.6093 		77.0032 		70.198
v -4.0955 		78.8165 		70.198
v -3.3988 		76.2182 		70.198
v -2.9875 		74.6845 		70.198
v -13.5712 		82.3278 		70.198
v -12.7862 		82.5383 		70.198
v -11.2525 		82.9495 		70.198
v -3.5945 		76.3505 		70.198
v -3.6255 		76.3885 		70.198
v -3.6525 		76.4295 		70.198
v -3.6755 		76.4735 		70.198
v -3.6945 		76.5185 		70.198
v -3.7085 		76.5655 		70.198
v -3.7185 		76.6135 		70.198
v -3.7225 		76.6625 		70.198
v -3.7225 		76.7115 		70.198
v -3.7185 		76.7605 		70.198
v -3.7085 		76.8085 		70.198
v -3.6945 		76.8555 		70.198
v -3.6755 		76.9005 		70.198
v -3.6525 		76.9435 		70.198
v -3.6245 		76.9845 		70.198
v -14.7975 		76.3265 		70.198
v -9.1925 		82.1835 		70.198
v -9.2405 		82.1945 		70.198
v -9.2865 		82.2095 		70.198
v -9.3315 		82.2285 		70.198
v -9.3745 		82.2525 		70.198
v -9.4155 		82.2805 		70.198
v -9.4525 		82.3125 		70.198
v -9.4865 		82.3475 		70.198
v -9.5175 		82.3865 		70.198
v -9.5435 		82.4275 		70.198
v -9.5665 		82.4705 		70.198
v -9.5783 		82.5006 		70.198
v -8.795 		82.2905 		70.198
v -8.8195 		82.2705 		70.198
v -8.8605 		82.2445 		70.198
v -8.9045 		82.2215 		70.198
v -8.9505 		82.2035 		70.198
v -8.9975 		82.1905 		70.198
v -9.0455 		82.1815 		70.198
v -9.0945 		82.1775 		70.198
v -9.1435 		82.1785 		70.198
v -13.2795 		82.2145 		70.198
v -13.3285 		82.2185 		70.198
v -13.3765 		82.2285 		70.198
v -13.4235 		82.2425 		70.198
v -13.4685 		82.2615 		70.198
v -13.5115 		82.2845 		70.198
v -13.5525 		82.3125 		70.198
v -13.0415 		82.2615 		70.198
v -13.0865 		82.2425 		70.198
v -13.1335 		82.2285 		70.198
v -13.1815 		82.2185 		70.198
v -13.2305 		82.2145 		70.198
v -12.8025 		82.4995 		70.198
v -12.8255 		82.4555 		70.198
v -12.8535 		82.4155 		70.198
v -12.8845 		82.3775 		70.198
v -12.9185 		82.3425 		70.198
v -12.9565 		82.3115 		70.198
v -12.9975 		82.2845 		70.198
v -5.5925 		80.0735 		70.198
v -5.6375 		80.0945 		70.198
v -5.6795 		80.1195 		70.198
v -5.7185 		80.1495 		70.198
v -5.7545 		80.1825 		70.198
v -5.7875 		80.2185 		70.198
v -5.8175 		80.2575 		70.198
v -5.8425 		80.2995 		70.198
v -5.8635 		80.3445 		70.198
v -5.0475 		80.1825 		69.9707
v -5.7545 		80.8895 		69.9707
v -3.4355 		72.0745 		70.0091
v -3.3895 		72.0595 		69.9715
v -3.4805 		72.0945 		70.0468
v -3.5235 		72.1185 		70.0839
v -3.5645 		72.1465 		70.1203
v -3.6015 		72.1775 		70.1543
v -3.6355 		72.2135 		70.187
v -3.6665 		72.2515 		70.198
v -3.6465 		72.227 		70.198
v -3.6925 		72.2925 		70.198
v -3.7155 		72.3365 		70.198
v -3.7335 		72.3825 		70.198
v -3.7465 		72.4295 		70.198
v -2.0521 		71.7012 		68.896
v -3.7555 		72.4775 		70.198
v -3.7595 		72.5265 		70.198
v -3.7585 		72.5755 		70.198
v -3.7535 		72.6245 		70.198
v -3.7425 		72.6725 		70.198
v -3.7275 		72.7185 		70.198
v -3.7085 		72.7635 		70.198
v -3.6845 		72.8065 		70.198
v -3.6565 		72.8475 		70.198
v -3.6245 		72.8845 		70.198
v -3.5895 		72.9185 		70.198
v -3.5505 		72.9495 		70.198
v -3.5095 		72.9755 		70.198
v -3.4665 		72.9985 		70.198
v -3.4205 		73.0165 		70.1873
v -3.4365 		73.0103 		70.198
v -3.3735 		73.0295 		70.1547
v -3.3245 		73.0385 		70.1197
v -3.2765 		73.0425 		70.0845
v -3.2265 		73.0415 		70.0468
v -3.1785 		73.0365 		70.0098
v -3.1305 		73.0255 		69.9716
v -5.8795 		80.3905 		70.198
v -5.8915 		80.4385 		70.198
v -5.8985 		80.4865 		70.198
v -5.9015 		80.5355 		70.198
v -5.8985 		80.5845 		70.198
v -5.8942 		80.6152 		70.198
v -5.3219 		80.0429 		70.198
v -5.3525 		80.0385 		70.198
v -5.4015 		80.0355 		70.198
v -5.4505 		80.0385 		70.198
v -5.4985 		80.0455 		70.198
v -5.5465 		80.0575 		70.198
v -7.1205 		81.8415 		70.198
v -2.8505 		72.9505 		69.7465
v -3.5595 		76.3165 		70.198
v -3.4375 		76.2345 		70.198
v -3.4815 		76.2575 		70.198
v -3.5215 		76.2855 		70.198
v -2.767 		71.8927 		69.471
v -14.2359 		65.4841 		60.2
v -14.2359 		65.4841 		68.896
v -13.2699 		65.2252 		68.896
v -13.2699 		65.2252 		60.2
v -11.2525 		64.6845 		60.2
v -11.2525 		64.6845 		68.896
v -9.3982 		65.1815 		60.2
v -9.3982 		65.1815 		68.896
v -8.4324 		65.4403 		68.896
v -8.4324 		65.4403 		60.2
v -6.2525 		66.0245 		60.2
v -6.2525 		66.0245 		68.896
v -2.5925 		69.6845 		60.2
v -2.5925 		69.6845 		68.896
v -4.069 		68.208 		68.896
v -4.069 		68.208 		60.2
v -4.776 		67.501 		60.2
v -4.776 		67.501 		68.896
v -11.2525 		66.4195 		70.198
v -14.0443 		66.199 		69.471
v -12.9866 		66.2826 		69.7465
v -13.8775 		66.8215 		69.9715
v -13.8625 		66.8675 		70.0091
v -13.8425 		66.9125 		70.0468
v -13.8185 		66.9555 		70.0839
v -13.7905 		66.9965 		70.1203
v -13.7595 		67.0335 		70.1543
v -13.7235 		67.0675 		70.187
v -13.7101 		67.0785 		70.198
v -12.8985 		66.7565 		70.1197
v -12.8945 		66.7085 		70.0845
v -12.8955 		66.6585 		70.0468
v -12.9005 		66.6105 		70.0098
v -12.9115 		66.5625 		69.9716
v -12.9268 		66.8685 		70.198
v -12.9205 		66.8525 		70.1873
v -12.9075 		66.8055 		70.1547
v -9.7455 		66.5825 		60.2
v -9.7505 		66.6315 		60.2
v -9.7455 		66.7295 		60.2
v -9.7505 		66.6805 		60.2
v -9.7355 		66.7775 		60.2
v -9.7215 		66.8245 		60.2
v -9.7025 		66.8695 		60.2
v -9.6795 		66.9135 		60.2
v -9.6515 		66.9535 		60.2
v -9.6205 		66.9915 		60.2
v -9.5865 		67.0265 		60.2
v -9.5485 		67.0575 		60.2
v -9.5075 		67.0845 		60.2
v -9.4635 		67.1075 		60.2
v -9.4185 		67.1265 		60.2
v -9.3715 		67.1405 		60.2
v -9.3235 		67.1505 		60.2
v -18.8525 		72.4255 		60.2
v -18.8805 		72.3845 		60.2
v -18.9115 		72.3465 		60.2
v -18.9465 		72.3115 		60.2
v -18.9845 		72.2805 		60.2
v -19.0245 		72.2535 		60.2
v -19.0685 		72.2305 		60.2
v -19.1135 		72.2115 		60.2
v -19.1605 		72.1975 		60.2
v -18.8295 		72.8955 		60.2
v -18.8105 		72.8505 		60.2
v -18.7965 		72.8035 		60.2
v -18.7865 		72.7555 		60.2
v -18.7825 		72.7065 		60.2
v -18.7865 		72.6085 		60.2
v -18.7825 		72.6575 		60.2
v -18.7965 		72.5605 		60.2
v -18.8105 		72.5135 		60.2
v -18.8295 		72.4685 		60.2
v -19.3545 		73.1775 		60.2
v -19.4025 		73.1675 		60.2
v -19.3055 		73.1825 		60.2
v -19.2075 		73.1775 		60.2
v -19.2565 		73.1825 		60.2
v -19.1595 		73.1675 		60.2
v -19.1125 		73.1535 		60.2
v -19.0675 		73.1345 		60.2
v -19.0235 		73.1115 		60.2
v -9.7455 		66.5825 		70.0171
v -9.7505 		66.6315 		70.0548
v -9.7505 		66.6805 		70.0916
v -9.7455 		66.7295 		70.1274
v -9.7355 		66.7775 		70.1614
v -9.7215 		66.8245 		70.1938
v -9.7189 		66.8308 		70.198
v -8.9339 		67.0413 		70.198
v -8.9145 		67.0255 		70.1823
v -8.8795 		66.9905 		70.149
v -8.8485 		66.9525 		70.1142
v -8.8215 		66.9125 		70.0788
v -5.5925 		80.0735 		60.2
v -8.7985 		66.8685 		70.0411
v -8.7795 		66.8235 		70.0035
v -5.6375 		80.0945 		60.2
v -8.7655 		66.7765 		69.9654
v -5.6795 		80.1195 		60.2
v -5.7185 		80.1495 		60.2
v -7.1205 		67.5275 		70.198
v -5.7545 		80.1825 		60.2
v -9.7355 		66.5345 		69.979
v -5.7875 		80.2185 		60.2
v -5.8175 		80.2575 		60.2
v -9.564 		65.8464 		69.4281
v -5.8425 		80.2995 		60.2
v -8.6845 		66.4515 		69.7052
v -5.8635 		80.3445 		60.2
v -5.8795 		80.3905 		60.2
v -5.8915 		80.4385 		60.2
v -5.8985 		80.4865 		60.2
v -5.9015 		80.5355 		60.2
v -5.8985 		80.5845 		60.2
v -5.8915 		80.6335 		60.2
v -5.8795 		80.6805 		60.2
v -5.8635 		80.7275 		60.2
v -5.8425 		80.7715 		60.2
v -5.8175 		80.8135 		60.2
v -5.7875 		80.8525 		60.2
v -5.7545 		80.8895 		60.2
v -18.9835 		73.0835 		60.2
v -5.0845 		80.1495 		60.2
v -5.0475 		80.1825 		60.2
v -5.1235 		80.1195 		60.2
v -5.1655 		80.0945 		60.2
v -5.2095 		80.0735 		60.2
v -5.2565 		80.0575 		60.2
v -5.3035 		80.0455 		60.2
v -5.3525 		80.0385 		60.2
v -5.7545 		68.4795 		69.9707
v -5.7875 		68.5165 		70.0091
v -5.4015 		80.0355 		60.2
v -5.8175 		68.5555 		70.047
v -5.4505 		80.0385 		60.2
v -5.4985 		80.0455 		60.2
v -5.5465 		80.0575 		60.2
v -5.8425 		68.5975 		70.0838
v -5.8635 		68.6415 		70.1195
v -5.8795 		68.6885 		70.1541
v -5.8915 		68.7355 		70.1865
v -5.8942 		68.7539 		70.198
v -4.069 		81.161 		60.2
v -5.3219 		69.3262 		70.198
v -5.3035 		69.3235 		70.1865
v -5.2565 		69.3115 		70.1541
v -4.776 		81.868 		60.2
v -5.2095 		69.2955 		70.1195
v -1.7932 		72.6672 		68.896
v -5.1655 		69.2745 		70.0838
v -5.1235 		69.2495 		70.047
v -4.0955 		70.5525 		70.198
v -5.0845 		69.2195 		70.0091
v -1.2525 		74.6845 		68.896
v -5.0475 		69.1865 		69.9707
v -1.7495 		76.5389 		68.896
v -2.0083 		77.5047 		68.896
v -2.5925 		79.6845 		68.896
v -13.8625 		66.8675 		60.2
v -13.8775 		66.8215 		60.2
v -13.8425 		66.9125 		60.2
v -13.8185 		66.9555 		60.2
v -9.2745 		67.1545 		60.2
v -13.7905 		66.9965 		60.2
v -9.1765 		67.1505 		60.2
v -9.2255 		67.1545 		60.2
v -13.7595 		67.0335 		60.2
v -13.7235 		67.0675 		60.2
v -13.6855 		67.0985 		60.2
v -9.1285 		67.1405 		60.2
v -13.6445 		67.1245 		60.2
v -13.6005 		67.1475 		60.2
v -6.2525 		83.3445 		68.896
v -13.5545 		67.1655 		60.2
v -13.5075 		67.1785 		60.2
v -4.069 		81.161 		68.896
v -4.776 		81.868 		68.896
v -8.2692 		83.885 		68.896
v -9.2352 		84.1439 		68.896
v -11.2525 		84.6845 		68.896
v -13.1069 		84.1876 		68.896
v -14.0727 		83.9287 		68.896
v -13.6855 		67.0985 		70.198
v -13.6445 		67.1245 		70.198
v -13.6005 		67.1475 		70.198
v -13.5545 		67.1655 		70.198
v -13.5075 		67.1785 		70.198
v -13.4595 		67.1875 		70.198
v -13.4105 		67.1915 		70.198
v -13.3615 		67.1905 		70.198
v -13.3125 		67.1855 		70.198
v -13.2645 		67.1745 		70.198
v -13.2185 		67.1595 		70.198
v -13.1735 		67.1405 		70.198
v -13.1305 		67.1165 		70.198
v -13.0895 		67.0885 		70.198
v -13.0525 		67.0565 		70.198
v -13.0185 		67.0215 		70.198
v -12.9875 		66.9825 		70.198
v -12.9615 		66.9415 		70.198
v -12.9385 		66.8985 		70.198
v -9.7025 		66.8695 		70.198
v -9.6795 		66.9135 		70.198
v -9.0815 		67.1265 		60.2
v -9.0365 		67.1075 		60.2
v -8.9935 		67.0845 		60.2
v -8.9525 		67.0565 		60.2
v -8.9145 		67.0255 		60.2
v -8.8795 		66.9905 		60.2
v -8.8485 		66.9525 		60.2
v -8.8215 		66.9125 		60.2
v -8.7985 		66.8685 		60.2
v -8.7795 		66.8235 		60.2
v -8.7655 		66.7765 		60.2
v -13.4595 		67.1875 		60.2
v -13.4105 		67.1915 		60.2
v -13.3615 		67.1905 		60.2
v -13.3125 		67.1855 		60.2
v -13.2645 		67.1745 		60.2
v -9.2745 		67.1545 		70.198
v -9.2255 		67.1545 		70.198
v -12.8985 		66.7565 		60.2
v -12.8945 		66.7085 		60.2
v -12.8955 		66.6585 		60.2
v -12.9005 		66.6105 		60.2
v -12.9115 		66.5625 		60.2
v -13.2185 		67.1595 		60.2
v -13.1735 		67.1405 		60.2
v -13.1305 		67.1165 		60.2
v -13.0895 		67.0885 		60.2
v -13.0525 		67.0565 		60.2
v -13.0185 		67.0215 		60.2
v -12.9875 		66.9825 		60.2
v -12.9615 		66.9415 		60.2
v -12.9385 		66.8985 		60.2
v -12.9205 		66.8525 		60.2
v -12.9075 		66.8055 		60.2
v -3.5935 		77.0225 		70.1823
v -9.6515 		66.9535 		70.198
v -3.5585 		77.0575 		70.149
v -3.5205 		77.0885 		70.1142
v -3.4805 		77.1155 		70.0788
v -3.4365 		77.1385 		70.0411
v -3.3915 		77.1575 		70.0035
v -3.3445 		77.1715 		69.9654
v -2.4144 		76.3731 		69.4281
v -3.0195 		77.2526 		69.7052
v -3.1025 		76.2015 		69.979
v -3.1505 		76.1915 		70.0171
v -3.1995 		76.1865 		70.0548
v -3.2485 		76.1865 		70.0916
v -3.2975 		76.1915 		70.1274
v -3.3455 		76.2015 		70.1614
v -3.3925 		76.2155 		70.1938
v -9.6205 		66.9915 		70.198
v -9.5865 		67.0265 		70.198
v -9.5485 		67.0575 		70.198
v -9.5075 		67.0845 		70.198
v -9.4635 		67.1075 		70.198
v -9.4185 		67.1265 		70.198
v -9.3715 		67.1405 		70.198
v -9.3235 		67.1505 		70.198
v -9.1765 		67.1505 		70.198
v -9.1285 		67.1405 		70.198
v -9.0815 		67.1265 		70.198
v -9.0365 		67.1075 		70.198
v -8.9935 		67.0845 		70.198
v -8.9525 		67.0565 		70.198
v -5.7875 		68.5165 		60.2
v -5.7545 		68.4795 		60.2
v -5.8175 		68.5555 		60.2
v -5.8425 		68.5975 		60.2
v -5.8635 		68.6415 		60.2
v -5.8795 		68.6885 		60.2
v -5.8915 		68.7355 		60.2
v -5.8985 		68.7845 		60.2
v -5.9015 		68.8335 		60.2
v -5.8985 		68.8825 		60.2
v -5.8915 		68.9305 		60.2
v -5.8795 		68.9785 		60.2
v -5.8635 		69.0245 		60.2
v -5.8425 		69.0695 		60.2
v -5.8175 		69.1115 		60.2
v -5.7875 		69.1505 		60.2
v -5.7545 		69.1865 		60.2
v -5.7185 		69.2195 		60.2
v -5.6795 		69.2495 		60.2
v -5.6375 		69.2745 		60.2
v -5.5925 		69.2955 		60.2
v -5.5465 		69.3115 		60.2
v -5.4985 		69.3235 		60.2
v -5.4505 		69.3305 		60.2
v -5.4015 		69.3335 		60.2
v -5.3525 		69.3305 		60.2
v -5.3035 		69.3235 		60.2
v -5.2565 		69.3115 		60.2
v -5.2095 		69.2955 		60.2
v -5.1655 		69.2745 		60.2
v -5.1235 		69.2495 		60.2
v -5.0845 		69.2195 		60.2
v -5.0475 		69.1865 		60.2
v -5.8985 		68.7845 		70.198
v -5.9015 		68.8335 		70.198
v -5.8985 		68.8825 		70.198
v -5.8915 		68.9305 		70.198
v -9.7355 		66.5345 		60.2
v -5.8795 		68.9785 		70.198
v -5.8635 		69.0245 		70.198
v -5.8425 		69.0695 		70.198
v -5.8175 		69.1115 		70.198
v -5.7875 		69.1505 		70.198
v -5.8915 		80.6335 		70.1865
v -5.7545 		69.1865 		70.198
v -5.8795 		80.6805 		70.1541
v -5.7185 		69.2195 		70.198
v -5.8635 		80.7275 		70.1195
v -5.6795 		69.2495 		70.198
v -5.8425 		80.7715 		70.0838
v -5.8175 		80.8135 		70.047
v -5.7875 		80.8525 		70.0091
v -5.0845 		80.1495 		70.0091
v -5.1235 		80.1195 		70.047
v -5.1655 		80.0945 		70.0838
v -5.6375 		69.2745 		70.198
v -5.5925 		69.2955 		70.198
v -5.5465 		69.3115 		70.198
v -5.2095 		80.0735 		70.1195
v -5.2565 		80.0575 		70.1541
v -5.3035 		80.0455 		70.1865
v -8.4607 		83.1701 		69.471
v -9.5185 		83.0865 		69.7465
v -9.5845 		82.5165 		70.1873
v -5.4985 		69.3235 		70.198
v -9.5975 		82.5635 		70.1547
v -5.4505 		69.3305 		70.198
v -9.6065 		82.6125 		70.1197
v -5.4015 		69.3335 		70.198
v -9.6105 		82.6605 		70.0845
v -5.3525 		69.3305 		70.198
v -13.8775 		68.4795 		70.198
v -18.8958 		72.3659 		70.198
v -18.9455 		73.0525 		60.2
v -18.9105 		73.0185 		60.2
v -18.8795 		72.9805 		60.2
v -18.8525 		72.9395 		60.2
v -18.7825 		72.7065 		70.198
v -18.7825 		72.6575 		70.198
v -9.6095 		82.7105 		70.0468
v -9.6045 		82.7585 		70.0098
v -9.5935 		82.8065 		69.9716
v -8.6625 		82.4565 		70.0468
v -8.6865 		82.4135 		70.0839
v -8.7145 		82.3725 		70.1203
v -8.7455 		82.3355 		70.1543
v -8.7815 		82.3015 		70.187
v -8.6275 		82.5475 		69.9715
v -8.6425 		82.5015 		70.0091
v -20.0907 		72.996 		69.4281
v -20.7556 		72.8302 		68.896
v -20.7556 		72.8302 		60.2
v -19.4856 		72.1165 		69.7052
v -19.9125 		69.6845 		60.2
v -19.9125 		69.6845 		68.896
v -17.729 		67.501 		68.896
v -17.729 		67.501 		60.2
v -18.436 		68.208 		60.2
v -18.436 		68.208 		68.896
v -16.2525 		66.0245 		60.2
v -16.2525 		66.0245 		68.896
v -17.4575 		69.1865 		69.9707
v -17.4205 		69.2195 		70.0091
v -17.3815 		69.2495 		70.047
v -17.3395 		69.2745 		70.0838
v -17.2955 		69.2955 		70.1195
v -17.2485 		69.3115 		70.1541
v -17.2015 		69.3235 		70.1865
v -17.1832 		69.3262 		70.198
v -16.6109 		68.7539 		70.198
v -16.6135 		68.7355 		70.1865
v -16.6255 		68.6885 		70.1541
v -16.6415 		68.6415 		70.1195
v -16.6625 		68.5975 		70.0838
v -16.6875 		68.5555 		70.047
v -16.7175 		68.5165 		70.0091
v -16.7505 		68.4795 		69.9707
v -15.3845 		67.5275 		70.198
v -17.4205 		69.2195 		60.2
v -17.4575 		69.1865 		60.2
v -17.3815 		69.2495 		60.2
v -17.3395 		69.2745 		60.2
v -17.2955 		69.2955 		60.2
v -17.2485 		69.3115 		60.2
v -17.2015 		69.3235 		60.2
v -17.1525 		69.3305 		60.2
v -17.1035 		69.3335 		60.2
v -17.0545 		69.3305 		60.2
v -17.0065 		69.3235 		60.2
v -16.9585 		69.3115 		60.2
v -16.9125 		69.2955 		60.2
v -16.8675 		69.2745 		60.2
v -16.6035 		68.8335 		60.2
v -16.6065 		68.7845 		60.2
v -16.6135 		68.7355 		60.2
v -16.6255 		68.6885 		60.2
v -16.6415 		68.6415 		60.2
v -16.6625 		68.5975 		60.2
v -16.6875 		68.5555 		60.2
v -16.7175 		68.5165 		60.2
v -16.7505 		68.4795 		60.2
v -16.8255 		69.2495 		60.2
v -16.7865 		69.2195 		60.2
v -16.7505 		69.1865 		60.2
v -16.7175 		69.1505 		60.2
v -16.6875 		69.1115 		60.2
v -16.6625 		69.0695 		60.2
v -16.6415 		69.0245 		60.2
v -16.6255 		68.9785 		60.2
v -13.5905 		82.3435 		70.1823
v -13.6255 		82.3785 		70.149
v -13.6565 		82.4165 		70.1142
v -13.6835 		82.4565 		70.0788
v -13.7065 		82.5005 		70.0411
v -13.7255 		82.5455 		70.0035
v -13.7395 		82.5925 		69.9654
v -12.7595 		82.6395 		70.1274
v -12.7695 		82.5915 		70.1614
v -12.7835 		82.5445 		70.1938
v -12.7695 		82.8345 		69.979
v -12.7595 		82.7865 		70.0171
v -12.7545 		82.7375 		70.0548
v -12.7545 		82.6885 		70.0916
v -12.9411 		83.5227 		69.4281
v -13.8206 		82.9176 		69.7052
v -7.4455 		73.4475 		69.203
v -8.0145 		72.3315 		69.203
v -8.8995 		71.4465 		69.203
v -10.0155 		70.8775 		69.203
v -11.2525 		70.6815 		69.203
v -12.4895 		70.8775 		69.203
v -13.6055 		71.4465 		69.203
v -14.4905 		72.3315 		69.203
v -14.4905 		77.0375 		69.203
v -13.6055 		77.9225 		69.203
v -12.4895 		78.4915 		69.203
v -10.0155 		78.4915 		69.203
v -8.8995 		77.9225 		69.203
v -8.0145 		77.0375 		69.203
v -7.4455 		75.9215 		69.203
v -7.2495 		74.6845 		69.203
v -11.2525 		78.6865 		69.203
v -19.1063 		73.1509 		70.198
v -19.5175 		74.6845 		70.198
v -18.4095 		70.5525 		70.198
v -15.3845 		81.8415 		70.198
v -18.8485 		76.5215 		70.198
v -18.8805 		76.4845 		70.198
v -18.9155 		76.4505 		70.198
v -18.9545 		76.4195 		70.198
v -18.9955 		76.3935 		70.198
v -19.0385 		76.3705 		70.198
v -19.0686 		76.3588 		70.198
v -18.7895 		77.0325 		70.198
v -18.7715 		76.9865 		70.198
v -18.7585 		76.9395 		70.198
v -18.7495 		76.8915 		70.198
v -18.7455 		76.8425 		70.198
v -18.7465 		76.7935 		70.198
v -18.7515 		76.7445 		70.198
v -18.7625 		76.6965 		70.198
v -18.7775 		76.6505 		70.198
v -18.7965 		76.6055 		70.198
v -18.8205 		76.5625 		70.198
v -18.8585 		77.1421 		70.198
v -18.8385 		77.1175 		70.198
v -18.8125 		77.0765 		70.198
v -16.8675 		80.0945 		70.198
v -16.9125 		80.0735 		70.198
v -16.9585 		80.0575 		70.198
v -17.0065 		80.0455 		70.198
v -17.0545 		80.0385 		70.198
v -17.1035 		80.0355 		70.198
v -17.1525 		80.0385 		70.198
v -17.1832 		80.0429 		70.198
v -16.6109 		80.6152 		70.198
v -16.6065 		80.5845 		70.198
v -16.6035 		80.5355 		70.198
v -16.6065 		80.4865 		70.198
v -16.6135 		80.4385 		70.198
v -16.6255 		80.3905 		70.198
v -16.6415 		80.3445 		70.198
v -16.6625 		80.2995 		70.198
v -16.6875 		80.2575 		70.198
v -16.7175 		80.2185 		70.198
v -16.6135 		68.9305 		60.2
v -16.7505 		80.1825 		70.198
v -16.6065 		68.8825 		60.2
v -16.7865 		80.1495 		70.198
v -16.8255 		80.1195 		70.198
v -18.4095 		78.8165 		70.198
v -18.8525 		72.4255 		70.198
v -18.8805 		72.3845 		70.198
v -17.1525 		69.3305 		70.198
v -18.8295 		72.8955 		70.198
v -17.1035 		69.3335 		70.198
v -18.8105 		72.8505 		70.198
v -18.7965 		72.8035 		70.198
v -17.0545 		69.3305 		70.198
v -18.7865 		72.7555 		70.198
v -17.0065 		69.3235 		70.198
v -18.7865 		72.6085 		70.198
v -16.9585 		69.3115 		70.198
v -18.7965 		72.5605 		70.198
v -16.9125 		69.2955 		70.198
v -18.8105 		72.5135 		70.198
v -16.8675 		69.2745 		70.198
v -18.8295 		72.4685 		70.198
v -19.0675 		73.1345 		70.198
v -16.6035 		68.8335 		70.198
v -19.0235 		73.1115 		70.198
v -16.6065 		68.7845 		70.198
v -18.9835 		73.0835 		70.198
v -18.9455 		73.0525 		70.198
v -18.9105 		73.0185 		70.198
v -18.8795 		72.9805 		70.198
v -18.8525 		72.9395 		70.198
v -16.8255 		69.2495 		70.198
v -16.7865 		69.2195 		70.198
v -16.7505 		69.1865 		70.198
v -16.7175 		69.1505 		70.198
v -16.6875 		69.1115 		70.198
v -16.6625 		69.0695 		70.198
v -16.6415 		69.0245 		70.198
v -16.6255 		68.9785 		70.198
v -16.6135 		68.9305 		70.198
v -16.6065 		68.8825 		70.198
v -1.7932 		72.6672 		60.2
v -1.2525 		74.6845 		60.2
v -2.0521 		71.7012 		60.2
v -1.7495 		76.5389 		60.2
v -2.0083 		77.5047 		60.2
v -2.5925 		79.6845 		60.2
v -6.2525 		83.3445 		60.2
v -8.2692 		83.885 		60.2
v -9.2352 		84.1439 		60.2
v -11.2525 		84.6845 		60.2
v -7.4455 		73.4475 		60.2
v -8.0145 		72.3315 		60.2
v -8.8995 		71.4465 		60.2
v -10.0155 		70.8775 		60.2
v -11.2525 		70.6815 		60.2
v -12.4895 		70.8775 		60.2
v -13.6055 		71.4465 		60.2
v -14.4905 		72.3315 		60.2
v -14.4905 		77.0375 		60.2
v -13.6055 		77.9225 		60.2
v -12.4895 		78.4915 		60.2
v -10.0155 		78.4915 		60.2
v -8.8995 		77.9225 		60.2
v -8.0145 		77.0375 		60.2
v -7.4455 		75.9215 		60.2
v -7.2495 		74.6845 		60.2
v -11.2525 		78.6865 		60.2
v -3.5945 		76.3505 		60.2
v -3.6255 		76.3885 		60.2
v -3.6525 		76.4295 		60.2
v -3.6755 		76.4735 		60.2
v -3.6945 		76.5185 		60.2
v -3.7085 		76.5655 		60.2
v -3.7185 		76.6135 		60.2
v -3.7225 		76.6625 		60.2
v -3.7185 		76.7605 		60.2
v -3.7225 		76.7115 		60.2
v -3.7085 		76.8085 		60.2
v -3.6945 		76.8555 		60.2
v -3.6755 		76.9005 		60.2
v -3.6525 		76.9435 		60.2
v -3.6245 		76.9845 		60.2
v -3.5935 		77.0225 		60.2
v -3.5585 		77.0575 		60.2
v -3.5205 		77.0885 		60.2
v -3.4805 		77.1155 		60.2
v -3.4365 		77.1385 		60.2
v -3.3915 		77.1575 		60.2
v -3.3445 		77.1715 		60.2
v -3.4355 		72.0745 		60.2
v -3.3895 		72.0595 		60.2
v -3.4805 		72.0945 		60.2
v -3.5235 		72.1185 		60.2
v -3.5645 		72.1465 		60.2
v -3.6015 		72.1775 		60.2
v -3.6355 		72.2135 		60.2
v -3.6665 		72.2515 		60.2
v -3.6925 		72.2925 		60.2
v -3.7155 		72.3365 		60.2
v -3.7335 		72.3825 		60.2
v -3.7465 		72.4295 		60.2
v -3.7555 		72.4775 		60.2
v -3.7595 		72.5265 		60.2
v -3.7585 		72.5755 		60.2
v -3.7535 		72.6245 		60.2
v -3.7425 		72.6725 		60.2
v -3.7275 		72.7185 		60.2
v -3.7085 		72.7635 		60.2
v -3.6845 		72.8065 		60.2
v -3.6565 		72.8475 		60.2
v -3.6245 		72.8845 		60.2
v -3.5895 		72.9185 		60.2
v -3.5505 		72.9495 		60.2
v -3.5095 		72.9755 		60.2
v -3.4665 		72.9985 		60.2
v -3.4205 		73.0165 		60.2
v -3.3735 		73.0295 		60.2
v -3.3245 		73.0385 		60.2
v -3.2765 		73.0425 		60.2
v -3.2265 		73.0415 		60.2
v -3.1785 		73.0365 		60.2
v -3.1305 		73.0255 		60.2
v -3.5595 		76.3165 		60.2
v -3.1505 		76.1915 		60.2
v -3.1025 		76.2015 		60.2
v -3.1995 		76.1865 		60.2
v -3.2975 		76.1915 		60.2
v -3.2485 		76.1865 		60.2
v -3.3455 		76.2015 		60.2
v -3.3925 		76.2155 		60.2
v -3.4375 		76.2345 		60.2
v -3.4815 		76.2575 		60.2
v -3.5215 		76.2855 		60.2
v -9.1925 		82.1835 		60.2
v -9.2405 		82.1945 		60.2
v -9.2865 		82.2095 		60.2
v -9.3315 		82.2285 		60.2
v -9.3745 		82.2525 		60.2
v -9.4155 		82.2805 		60.2
v -9.4525 		82.3125 		60.2
v -9.4865 		82.3475 		60.2
v -9.5175 		82.3865 		60.2
v -9.5435 		82.4275 		60.2
v -9.5665 		82.4705 		60.2
v -9.5845 		82.5165 		60.2
v -9.5975 		82.5635 		60.2
v -18.8485 		76.5215 		60.2
v -18.8805 		76.4845 		60.2
v -18.9155 		76.4505 		60.2
v -18.9545 		76.4195 		60.2
v -18.9955 		76.3935 		60.2
v -19.0385 		76.3705 		60.2
v -19.0845 		76.3525 		60.2
v -19.1315 		76.3395 		60.2
v -19.1805 		76.3305 		60.2
v -19.2285 		76.3265 		60.2
v -19.2785 		76.3275 		60.2
v -19.3265 		76.3325 		60.2
v -19.3745 		76.3435 		60.2
v -18.7895 		77.0325 		60.2
v -18.7715 		76.9865 		60.2
v -18.7585 		76.9395 		60.2
v -18.7495 		76.8915 		60.2
v -18.7455 		76.8425 		60.2
v -18.7465 		76.7935 		60.2
v -18.7515 		76.7445 		60.2
v -18.7625 		76.6965 		60.2
v -18.7775 		76.6505 		60.2
v -18.7965 		76.6055 		60.2
v -18.8205 		76.5625 		60.2
v -19.0695 		77.2945 		60.2
v -19.1155 		77.3095 		60.2
v -19.0245 		77.2745 		60.2
v -18.9815 		77.2505 		60.2
v -18.9405 		77.2225 		60.2
v -18.9035 		77.1915 		60.2
v -18.8695 		77.1555 		60.2
v -18.8385 		77.1175 		60.2
v -18.8125 		77.0765 		60.2
v -19.1155 		77.3095 		69.9715
v -18.436 		81.161 		60.2
v -18.436 		81.161 		68.896
v -17.2015 		80.0455 		70.1865
v -17.2485 		80.0575 		70.1541
v -17.2955 		80.0735 		70.1195
v -17.3395 		80.0945 		70.0838
v -17.3815 		80.1195 		70.047
v -17.4205 		80.1495 		70.0091
v -17.4575 		80.1825 		69.9707
v -16.7175 		80.8525 		70.0091
v -16.7505 		80.8895 		69.9707
v -16.6875 		80.8135 		70.047
v -16.6625 		80.7715 		70.0838
v -16.6415 		80.7275 		70.1195
v -16.6255 		80.6805 		70.1541
v -16.6135 		80.6335 		70.1865
v -9.6065 		82.6125 		60.2
v -9.6105 		82.6605 		60.2
v -9.6095 		82.7105 		60.2
v -9.6045 		82.7585 		60.2
v -9.5935 		82.8065 		60.2
v -8.6625 		82.4565 		60.2
v -8.6865 		82.4135 		60.2
v -8.7145 		82.3725 		60.2
v -8.7455 		82.3355 		60.2
v -8.7815 		82.3015 		60.2
v -8.8195 		82.2705 		60.2
v -8.8605 		82.2445 		60.2
v -8.9045 		82.2215 		60.2
v -8.9505 		82.2035 		60.2
v -8.9975 		82.1905 		60.2
v -9.0455 		82.1815 		60.2
v -9.0945 		82.1775 		60.2
v -9.1435 		82.1785 		60.2
v -8.6425 		82.5015 		60.2
v -8.6275 		82.5475 		60.2
v -13.3285 		82.2185 		60.2
v -13.3765 		82.2285 		60.2
v -13.4235 		82.2425 		60.2
v -13.4685 		82.2615 		60.2
v -13.5115 		82.2845 		60.2
v -13.5525 		82.3125 		60.2
v -13.5905 		82.3435 		60.2
v -13.6255 		82.3785 		60.2
v -13.6565 		82.4165 		60.2
v -13.6835 		82.4565 		60.2
v -13.7065 		82.5005 		60.2
v -13.7255 		82.5455 		60.2
v -20.4967 		71.8644 		68.896
v -20.4967 		71.8644 		60.2
v -21.2525 		74.6845 		60.2
v -21.2525 		74.6845 		68.896
v -16.2525 		83.3445 		60.2
v -16.2525 		83.3445 		68.896
v -17.729 		81.868 		60.2
v -17.729 		81.868 		68.896
v -19.9125 		79.6845 		60.2
v -19.9125 		79.6845 		68.896
v -20.453 		77.6679 		60.2
v -20.453 		77.6679 		68.896
v -20.7119 		76.7019 		68.896
v -20.7119 		76.7019 		60.2
v -18.9115 		72.3465 		70.1823
v -18.9465 		72.3115 		70.149
v -18.9845 		72.2805 		70.1142
v -19.0245 		72.2535 		70.0788
v -19.0685 		72.2305 		70.0411
v -19.1135 		72.2115 		70.0035
v -19.1605 		72.1975 		69.9654
v -19.4025 		73.1675 		69.979
v -19.3545 		73.1775 		70.0171
v -19.3055 		73.1825 		70.0548
v -19.2565 		73.1825 		70.0916
v -19.2075 		73.1775 		70.1274
v -19.1595 		73.1675 		70.1614
v -19.1125 		73.1535 		70.1938
v -19.7381 		77.4764 		69.471
v -19.6545 		76.4186 		69.7465
v -19.0845 		76.3525 		70.1873
v -19.1315 		76.3395 		70.1547
v -19.1805 		76.3305 		70.1197
v -19.2285 		76.3265 		70.0845
v -19.2785 		76.3275 		70.0468
v -19.3265 		76.3325 		70.0098
v -19.3745 		76.3435 		69.9716
v -19.0695 		77.2945 		70.0091
v -19.0245 		77.2745 		70.0468
v -18.9815 		77.2505 		70.0839
v -18.9405 		77.2225 		70.1203
v -18.9035 		77.1915 		70.1543
v -18.8695 		77.1555 		70.187
v -15.0595 		75.9215 		60.2
v -15.2545 		74.6845 		60.2
v -15.0595 		73.4475 		60.2
v -17.3815 		80.1195 		60.2
v -17.4205 		80.1495 		60.2
v -17.4575 		80.1825 		60.2
v -16.8675 		80.0945 		60.2
v -16.9125 		80.0735 		60.2
v -16.9585 		80.0575 		60.2
v -17.0065 		80.0455 		60.2
v -17.0545 		80.0385 		60.2
v -17.1035 		80.0355 		60.2
v -17.1525 		80.0385 		60.2
v -17.2015 		80.0455 		60.2
v -17.2485 		80.0575 		60.2
v -17.2955 		80.0735 		60.2
v -17.3395 		80.0945 		60.2
v -16.6065 		80.5845 		60.2
v -16.6035 		80.5355 		60.2
v -16.6065 		80.4865 		60.2
v -16.6135 		80.4385 		60.2
v -16.6255 		80.3905 		60.2
v -16.6415 		80.3445 		60.2
v -16.6625 		80.2995 		60.2
v -16.6875 		80.2575 		60.2
v -16.7175 		80.2185 		60.2
v -16.7505 		80.1825 		60.2
v -16.7865 		80.1495 		60.2
v -16.8255 		80.1195 		60.2
v -16.7175 		80.8525 		60.2
v -16.7505 		80.8895 		60.2
v -16.6875 		80.8135 		60.2
v -16.6625 		80.7715 		60.2
v -16.6415 		80.7275 		60.2
v -16.6255 		80.6805 		60.2
v -16.6135 		80.6335 		60.2
v -15.0595 		75.9215 		69.203
v -15.2545 		74.6845 		69.203
v -15.0595 		73.4475 		69.203
# 958 vertices

g group_5_16089887

usemtl color_16089887
s 0

f 4984 	5171 	5172
f 4991 	5203 	5184
f 4991 	5184 	4992
f 5053 	4873 	4874
f 4593 	4594 	5034
f 5267 	4584 	4585
f 5267 	4585 	5268
f 4600 	5045 	5043
f 4588 	5271 	5270
f 5039 	4597 	5041
f 4583 	5029 	5045
f 4587 	5269 	4586
f 5270 	4587 	4588
f 5034 	4592 	4593
f 4596 	4875 	4595
f 5043 	5041 	4600
f 4591 	5273 	4590
f 4601 	4583 	5045
f 5275 	5274 	4602
f 5051 	4651 	4871
f 5051 	4871 	4872
f 4602 	4604 	5275
f 4609 	4610 	5046
f 5048 	4610 	4651
f 5271 	4589 	5272
f 4408 	4422 	4407
f 4410 	4422 	4409
f 4409 	4422 	4408
f 4413 	4422 	4412
f 4414 	4422 	4413
f 4420 	4421 	4422
f 4421 	4400 	4401
f 4401 	4422 	4421
f 4412 	4422 	4411
f 4410 	4411 	4422
f 4422 	4414 	4415
f 4422 	4415 	4416
f 4417 	4422 	4416
f 4418 	4422 	4417
f 4419 	4422 	4418
f 4419 	4420 	4422
f 4426 	4422 	4425
f 4427 	4422 	4426
f 4428 	4422 	4427
f 4429 	4422 	4428
f 4424 	4425 	4422
f 4430 	4422 	4429
f 4431 	4422 	4430
f 4433 	4422 	4432
f 4431 	4432 	4422
f 4406 	4422 	4434
f 4433 	4434 	4422
f 4437 	4522 	4436
f 4435 	4436 	4522
f 4438 	4522 	4437
f 4439 	4511 	4438
f 4440 	4511 	4439
f 4441 	4511 	4440
f 4449 	4983 	4448
f 4450 	4983 	4449
f 4404 	4983 	4450
f 4983 	5016 	4448
f 4446 	4447 	4422
f 5019 	4422 	5018
f 5018 	4422 	4447
f 5017 	5018 	4447
f 4457 	4406 	4456
f 4456 	4406 	4405
f 4461 	4422 	4460
f 4459 	4406 	4458
f 4451 	4422 	4462
f 4462 	4422 	4461
f 4458 	4406 	4457
f 4460 	4422 	4459
f 5016 	5017 	4447
f 4447 	4448 	5016
f 5015 	5016 	4983
f 5013 	5014 	4983
f 5014 	5015 	4983
f 4463 	4464 	4422
f 4466 	4422 	4465
f 4464 	4465 	4422
f 4467 	4422 	4466
f 4469 	4422 	4468
f 4470 	4422 	4469
f 4471 	4422 	4470
f 4468 	4422 	4467
f 4528 	4487 	5115
f 5035 	4594 	4595
f 4510 	4422 	4471
f 4999 	5192 	5000
f 4511 	4422 	4510
f 4512 	4438 	4511
f 4513 	4522 	4512
f 4438 	4512 	4522
f 4516 	4517 	4401
f 4518 	4401 	4517
f 4514 	4522 	4513
f 4515 	4522 	4514
f 4442 	4422 	4441
f 4422 	4511 	4441
f 4442 	4443 	4422
f 4423 	4422 	4443
f 4424 	4422 	4423
f 4518 	4519 	4401
f 4519 	4520 	4401
f 4521 	4422 	4520
f 4463 	4422 	4521
f 4401 	4520 	4422
f 4422 	4681 	4483
f 4482 	4481 	4681
f 4484 	4422 	4483
f 4485 	4422 	4484
f 4999 	4998 	5192
f 4486 	4422 	4485
f 4489 	4422 	4488
f 4488 	4422 	4486
f 5067 	5115 	4487
f 4491 	4422 	4490
f 4531 	4532 	4533
f 4531 	4533 	4534
f 4533 	4535 	4536
f 4533 	4536 	4534
f 4537 	4538 	4539
f 4537 	4539 	4540
f 4494 	4495 	4422
f 4545 	4546 	4539
f 4496 	4422 	4495
f 4497 	4422 	4496
f 4498 	4422 	4497
f 4542 	4543 	4541
f 4544 	4541 	4543
f 4546 	4540 	4539
f 4499 	4500 	4422
f 4498 	4499 	4422
f 4422 	4500 	4403
f 4501 	4403 	4500
f 4501 	4503 	4403
f 4531 	4534 	4549
f 4549 	4534 	4547
f 4407 	4422 	4524
f 4553 	4915 	4552
f 4915 	4554 	4555
f 4524 	4422 	4527
f 4403 	4526 	4527
f 4526 	4403 	4525
f 4557 	4915 	4556
f 4555 	4556 	4915
f 4402 	4525 	4403
f 4481 	4483 	4681
f 4489 	4490 	4422
f 4493 	4422 	4492
f 4493 	4494 	4422
f 4403 	4527 	4422
f 4559 	4547 	4558
f 4562 	4547 	4561
f 5198 	5292 	5291
f 4565 	4547 	4564
f 4558 	4547 	4565
f 4563 	4564 	4547
f 5178 	5284 	5177
f 5180 	5287 	5286
f 5183 	5289 	5182
f 5192 	5193 	5000
f 4600 	4601 	5045
f 4749 	4791 	4692
f 5035 	5034 	4594
f 5039 	4598 	4597
f 5279 	5278 	4607
f 5280 	5279 	4608
f 5046 	4980 	4609
f 5268 	4585 	4586
f 4607 	4608 	5279
f 4608 	4609 	5280
f 5048 	5046 	4610
f 5053 	4872 	4873
f 4589 	5271 	4588
f 4590 	5272 	4589
f 4599 	5041 	4597
f 5041 	4599 	4600
f 4560 	4547 	4559
f 4560 	4561 	4547
f 5276 	5275 	4604
f 4552 	4915 	4551
f 4553 	4554 	4915
f 4562 	4549 	4547
f 5171 	4984 	5001
f 4617 	4547 	4616
f 4616 	4547 	4615
f 4620 	4630 	4619
f 4618 	4619 	4630
f 4621 	4630 	4620
f 4622 	4630 	4621
f 4624 	4630 	4622
f 4625 	4630 	4624
f 4627 	4637 	4630
f 4625 	4627 	4630
f 4614 	4547 	4613
f 4614 	4615 	4547
f 4612 	4613 	4547
f 4612 	4547 	4611
f 4632 	4611 	4547
f 4635 	4547 	4534
f 4632 	4547 	4635
f 5175 	4988 	4987
f 4536 	4635 	4534
f 4992 	5185 	5186
f 4540 	4637 	4537
f 4540 	4630 	4637
f 4998 	5191 	5192
f 4667 	4630 	4663
f 4668 	4630 	4667
f 4669 	4630 	4668
f 4661 	4663 	4630
f 4630 	4670 	4671
f 4670 	4630 	4669
f 4675 	4677 	4681
f 4673 	4674 	4681
f 4491 	4492 	4422
f 4680 	4682 	4681
f 4682 	4684 	4681
f 4679 	4680 	4681
f 4542 	4681 	4684
f 4684 	4543 	4542
f 4487 	4542 	5067
f 4677 	4679 	4681
f 4674 	4675 	4681
f 4546 	4660 	4540
f 4540 	4660 	4630
f 4661 	4630 	4660
f 4688 	4689 	4938
f 4688 	4936 	4690
f 4690 	4936 	4691
f 4691 	4935 	4693
f 4696 	4693 	4934
f 4676 	5071 	4706
f 4934 	4933 	4696
f 4698 	4697 	4932
f 4933 	4932 	4696
f 4396 	4710 	4709
f 4713 	4869 	4712
f 4714 	4869 	4713
f 4712 	4869 	4557
f 4678 	4683 	4523
f 4715 	4869 	4714
f 4717 	4869 	4716
f 4403 	4523 	4683
f 4718 	4719 	4869
f 4542 	4487 	4528
f 4482 	4681 	4480
f 4479 	4480 	4681
f 4727 	4547 	4726
f 4477 	4478 	4681
f 4478 	4479 	4681
f 4869 	4725 	4547
f 4563 	4547 	4730
f 4504 	4403 	4502
f 4505 	4403 	4504
f 4503 	4502 	4403
f 4506 	4403 	4505
f 4731 	4869 	4617
f 4509 	4403 	4508
f 4403 	4509 	4523
f 4506 	4507 	4403
f 4507 	4508 	4403
f 4528 	4475 	4681
f 4528 	4681 	4542
f 4794 	4793 	4733
f 4734 	4794 	4733
f 4932 	4931 	4698
f 4992 	5184 	5185
f 4931 	4930 	4698
f 4700 	4698 	4930
f 4637 	4627 	4743
f 4538 	4537 	4743
f 4747 	4746 	5080
f 5080 	5079 	4756
f 4704 	4703 	5080
f 4757 	4756 	5079
f 4760 	4759 	5079
f 4681 	4475 	4474
f 4681 	4474 	4476
f 4477 	4681 	4476
f 4768 	4869 	4732
f 4732 	4869 	4731
f 4761 	5079 	4762
f 4400 	4767 	4401
f 5195 	5197 	5290
f 4765 	4764 	4571
f 4572 	4571 	4764
f 4770 	4401 	4769
f 4769 	4401 	4767
f 4771 	4401 	4770
f 4772 	4401 	4771
f 4773 	4401 	4772
f 4753 	4752 	4567
f 4569 	4567 	4752
f 4774 	4401 	4773
f 4752 	4751 	4569
f 4776 	4401 	4774
f 4779 	4403 	4778
f 4766 	4765 	4570
f 4572 	4764 	4573
f 4783 	4402 	4403
f 4573 	4763 	5079
f 4777 	4403 	4775
f 4778 	4403 	4777
f 4574 	4573 	5079
f 4780 	4403 	4779
f 4781 	4403 	4780
f 4783 	4403 	4782
f 4781 	4782 	4403
f 4775 	4403 	4683
f 4575 	4574 	5079
f 4785 	4869 	4784
f 4576 	4575 	5079
f 4786 	4869 	4785
f 4577 	4576 	5079
f 4578 	4577 	5079
f 4787 	4869 	4786
f 4784 	4869 	4768
f 4579 	4578 	5079
f 4789 	4869 	4788
f 4580 	4579 	5079
f 5079 	5078 	4580
f 4790 	4869 	4789
f 4692 	4582 	5078
f 4791 	4869 	4790
f 4788 	4869 	4787
f 4694 	4695 	5078
f 4834 	4836 	4794
f 4699 	5078 	4733
f 4733 	5078 	4734
f 4630 	4833 	4795
f 4735 	4806 	4736
f 4832 	4833 	4630
f 4736 	4804 	4737
f 4738 	4802 	4739
f 4737 	4804 	4738
f 4796 	4630 	4795
f 4739 	4802 	4740
f 4630 	4797 	4618
f 4741 	4740 	4800
f 4801 	4800 	4740
f 4742 	4741 	4800
f 4801 	4740 	4802
f 4734 	4806 	4735
f 4582 	4581 	5078
f 4695 	4692 	5078
f 4581 	4580 	5078
f 4695 	4750 	4749
f 4570 	4568 	4766
f 4754 	4753 	4567
f 4568 	4569 	4751
f 4751 	4766 	4568
f 4571 	4570 	4765
f 5177 	5283 	5176
f 4743 	4742 	4799
f 4798 	4799 	4742
f 4802 	4738 	4803
f 4800 	4798 	4742
f 4803 	4738 	4804
f 4804 	4736 	4805
f 4749 	4692 	4695
f 4805 	4736 	4806
f 4810 	4809 	5077
f 4812 	4811 	5077
f 4814 	4813 	5077
f 4567 	4569 	4612
f 4613 	4612 	4569
f 5077 	5076 	4814
f 4815 	4814 	5076
f 4817 	4816 	5076
f 4816 	4815 	5076
f 4823 	5121 	4824
f 4824 	5119 	4825
f 4825 	5119 	4826
f 5290 	5204 	5195
f 4826 	5118 	4827
f 4827 	5117 	4828
f 5116 	5114 	4828
f 5117 	5116 	4828
f 4541 	4544 	4830
f 4813 	4812 	5077
f 4811 	4810 	5077
f 5078 	5077 	4809
f 4807 	4806 	5078
f 5078 	4806 	4734
f 4699 	4694 	5078
f 4822 	5121 	4823
f 4819 	4818 	5076
f 4818 	4817 	5076
f 4545 	4539 	4799
f 5295 	5202 	5002
f 4686 	4687 	4776
f 4763 	4573 	4764
f 4762 	5079 	4763
f 4761 	4760 	5079
f 4759 	4758 	5079
f 4758 	4757 	5079
f 4756 	4748 	5080
f 4703 	4701 	5080
f 4930 	5080 	4701
f 4701 	4700 	4930
f 4744 	4704 	5080
f 4539 	4743 	4799
f 4697 	4696 	4932
f 4897 	4938 	4689
f 4547 	4617 	4869
f 4833 	4834 	4794
f 4794 	4795 	4833
f 4831 	4832 	4630
f 4630 	4796 	4797
f 4401 	4776 	4687
f 4729 	4547 	4728
f 4671 	4831 	4630
f 4532 	4755 	4533
f 4683 	4685 	4775
f 4750 	4792 	4836
f 4538 	4743 	4539
f 4566 	4835 	4754
f 4754 	4567 	4566
f 4755 	4835 	4533
f 4535 	4533 	4835
f 4755 	4754 	4835
f 4842 	4422 	4840
f 4844 	4422 	4842
f 4843 	4522 	4841
f 4846 	4422 	4844
f 4847 	4522 	4845
f 4849 	4522 	4848
f 5182 	5288 	5181
f 4994 	5186 	5187
f 4960 	4959 	4395
f 4856 	4401 	4852
f 4858 	4401 	4857
f 4401 	4856 	4857
f 4401 	4858 	4516
f 4850 	4401 	4472
f 4401 	4850 	4851
f 4851 	4852 	4401
f 4845 	4522 	4843
f 4515 	4841 	4522
f 4522 	4473 	4702
f 4706 	4702 	4473
f 4473 	4522 	4849
f 4957 	4961 	4393
f 4710 	4396 	4393
f 5193 	5001 	5000
f 4847 	4848 	4522
f 4401 	4687 	4472
f 4705 	4472 	4687
f 4398 	4711 	4397
f 4707 	4859 	4702
f 4406 	4860 	4709
f 4839 	4840 	4422
f 4708 	4709 	4860
f 4853 	4422 	4846
f 4862 	4864 	4422
f 4863 	4406 	4861
f 4864 	4866 	4422
f 4865 	4406 	4863
f 4681 	4422 	4866
f 4867 	4406 	4865
f 4434 	4861 	4406
f 4749 	4750 	4836
f 4791 	4749 	4836
f 4838 	4422 	4837
f 4839 	4422 	4838
f 4836 	4837 	4422
f 4869 	4791 	4836
f 4793 	4794 	4836
f 4854 	4855 	4422
f 4855 	4862 	4422
f 4868 	4681 	4866
f 4673 	4681 	4868
f 4715 	4716 	4869
f 4717 	4718 	4869
f 4719 	4720 	4869
f 4721 	4869 	4720
f 4721 	4722 	4869
f 4722 	4723 	4869
f 4723 	4724 	4869
f 4725 	4869 	4724
f 4726 	4547 	4725
f 4728 	4547 	4727
f 4730 	4547 	4729
f 4792 	4793 	4836
f 4915 	4557 	4869
f 4853 	4854 	4422
f 4598 	4876 	4875
f 4875 	4596 	4598
f 4884 	4522 	4883
f 4881 	4522 	4880
f 4435 	4522 	4884
f 4444 	4381 	4399
f 4882 	4522 	4881
f 4702 	4859 	4522
f 4882 	4883 	4522
f 4886 	4522 	4885
f 4880 	4522 	4886
f 4885 	4522 	4859
f 4406 	4879 	4860
f 4867 	4877 	4406
f 4877 	4878 	4406
f 4879 	4406 	4878
f 4606 	5277 	5276
f 5276 	4604 	4606
f 5274 	4887 	4603
f 4887 	4888 	4603
f 4888 	4889 	4603
f 5273 	4591 	4890
f 5254 	5253 	4591
f 4893 	4894 	4898
f 4891 	4895 	4896
f 4891 	4896 	4892
f 4898 	4894 	4897
f 4530 	4898 	4897
f 4530 	4897 	4529
f 4902 	4982 	4901
f 4900 	4901 	4982
f 4903 	4982 	4902
f 4904 	4982 	4903
f 4905 	4982 	4904
f 4982 	4905 	4906
f 4909 	4915 	4908
f 4911 	4915 	4910
f 4914 	4915 	4913
f 4912 	4913 	4915
f 4910 	4915 	4909
f 4911 	4912 	4915
f 4907 	4908 	4915
f 4899 	4892 	4896
f 4892 	4899 	4982
f 4900 	4982 	4899
f 4915 	4914 	4898
f 4893 	4898 	4914
f 4530 	4548 	4898
f 4551 	4915 	4550
f 4898 	4548 	4915
f 4550 	4915 	4548
f 4919 	4588 	4920
f 4918 	4588 	4919
f 4920 	4586 	4921
f 4922 	4584 	4923
f 4921 	4586 	4922
f 4601 	5298 	4924
f 4926 	5298 	4927
f 4927 	5082 	4928
f 4748 	4747 	5080
f 4745 	4744 	5080
f 4936 	4688 	4937
f 4937 	4688 	4938
f 4939 	5082 	4940
f 4929 	5082 	4939
f 5082 	5081 	4941
f 4948 	4983 	4947
f 4949 	4983 	4948
f 4404 	4947 	4983
f 4950 	4983 	4949
f 4951 	4983 	4950
f 4952 	4983 	4951
f 5003 	5202 	5203
f 4953 	4983 	4952
f 4959 	4406 	4958
f 4957 	4958 	4406
f 4406 	4959 	4960
f 4406 	4960 	4954
f 4406 	4954 	4955
f 4406 	4955 	4956
f 4406 	4956 	4405
f 4961 	4406 	4709
f 4957 	4406 	4961
f 4983 	4953 	4962
f 5286 	5179 	5180
f 5181 	5287 	5180
f 5287 	5181 	5288
f 4998 	5190 	5191
f 4709 	4710 	4961
f 4711 	5258 	4962
f 5087 	4975 	4974
f 5087 	5088 	4975
f 4986 	4987 	4422
f 4986 	4422 	4985
f 4836 	4422 	4987
f 4984 	4985 	4422
f 4988 	4836 	4987
f 4992 	4422 	4991
f 4993 	4422 	4992
f 4995 	4422 	4994
f 5001 	4422 	5000
f 4984 	4422 	5001
f 4991 	4422 	5004
f 4994 	4422 	4993
f 5028 	5002 	5003
f 5003 	5004 	4422
f 4422 	4995 	4996
f 4422 	4996 	4997
f 4422 	4997 	4998
f 4422 	4998 	4999
f 4999 	5000 	4422
f 4990 	4981 	4989
f 4989 	4836 	4988
f 5007 	4422 	5006
f 5006 	4422 	5005
f 5010 	5011 	4422
f 5012 	5028 	5011
f 4445 	4446 	4422
f 5020 	4422 	5019
f 4455 	4444 	4422
f 4943 	4942 	5081
f 4453 	4454 	4422
f 4452 	4453 	4422
f 4454 	4455 	4422
f 4945 	5081 	4946
f 5023 	5080 	5025
f 5027 	4422 	5026
f 4935 	4691 	4936
f 4934 	4693 	4935
f 4809 	4808 	5078
f 4746 	4745 	5080
f 5080 	4930 	5025
f 5005 	4422 	5027
f 5008 	5009 	4422
f 5023 	4946 	5080
f 4944 	4943 	5081
f 4942 	4941 	5081
f 4940 	5082 	4941
f 4928 	5082 	4929
f 4945 	4944 	5081
f 4925 	5298 	4926
f 4923 	4584 	4924
f 5080 	4946 	5081
f 4917 	4895 	4891
f 5021 	4422 	5020
f 4444 	4445 	4422
f 5022 	4422 	5021
f 5024 	4422 	5022
f 5026 	4422 	5024
f 4891 	4591 	4917
f 4406 	4459 	4422
f 4689 	4529 	4897
f 4808 	4807 	5078
f 5007 	5008 	4422
f 5009 	5010 	4422
f 5028 	4422 	5011
f 4451 	4452 	4422
f 5003 	4422 	5028
f 4894 	4938 	4897
f 5045 	5029 	4836
f 5030 	4870 	4836
f 4982 	4836 	4870
f 5034 	4836 	5032
f 5035 	4836 	5034
f 5041 	4836 	5039
f 5045 	4836 	5043
f 5029 	5030 	4836
f 5041 	5043 	4836
f 5050 	4981 	5048
f 5048 	4981 	5046
f 5052 	4836 	5051
f 5053 	4836 	5052
f 5032 	4836 	5054
f 5054 	4836 	5053
f 5037 	4836 	5035
f 5051 	4981 	5050
f 4875 	4836 	5037
f 4876 	4836 	4875
f 4876 	5039 	4836
f 4981 	5051 	4836
f 4836 	4989 	4981
f 5046 	4981 	4980
f 5031 	5033 	4982
f 5033 	5036 	4982
f 5042 	4982 	5040
f 4982 	5042 	4836
f 4907 	4869 	5049
f 5056 	4869 	5055
f 5059 	4869 	5058
f 5060 	4869 	5059
f 5061 	4869 	5060
f 5062 	4869 	5061
f 5063 	4869 	5062
f 5064 	4869 	5063
f 5047 	4869 	5064
f 5058 	4869 	5057
f 5049 	4869 	5047
f 4915 	4869 	4907
f 4836 	5055 	4869
f 4906 	5031 	4982
f 5036 	5038 	4982
f 4982 	5038 	5040
f 5057 	4869 	5056
f 5044 	5055 	4836
f 5044 	4836 	5042
f 5066 	4683 	5065
f 4678 	5065 	4683
f 5067 	4542 	4541
f 4687 	4686 	5069
f 5066 	5068 	4685
f 5066 	4685 	4683
f 5070 	4687 	5069
f 4702 	4706 	5071
f 4705 	4687 	4672
f 5070 	4672 	4687
f 4707 	4702 	5072
f 5071 	5072 	4702
f 5074 	4709 	5073
f 4708 	5073 	4709
f 5074 	4396 	4709
f 5076 	5122 	4821
f 4821 	4820 	5076
f 4820 	4819 	5076
f 5093 	5092 	5090
f 5094 	5093 	5090
f 5094 	5090 	5095
f 5090 	5096 	5095
f 5090 	5089 	5096
f 5097 	5096 	5089
f 5103 	5102 	5088
f 5100 	5088 	5102
f 5104 	5103 	5088
f 5088 	4664 	5105
f 5105 	5104 	5088
f 4664 	4662 	5105
f 5106 	5105 	4662
f 4662 	4659 	5106
f 5107 	5106 	4658
f 4657 	4656 	5108
f 4659 	4658 	5106
f 5089 	5088 	5101
f 5101 	5099 	5089
f 5099 	5098 	5089
f 5098 	5097 	5089
f 5100 	5101 	5088
f 5109 	5108 	4656
f 4830 	4829 	5114
f 5114 	5115 	4830
f 4829 	4828 	5114
f 5118 	4826 	5119
f 5119 	4824 	5120
f 5120 	4824 	5121
f 5123 	5122 	5076
f 5125 	5076 	5126
f 5128 	5127 	5075
f 5129 	5128 	5075
f 5130 	5129 	5075
f 5075 	5090 	5131
f 5132 	5131 	5090
f 5135 	5134 	5090
f 5133 	5132 	5090
f 5136 	5090 	5137
f 5155 	5139 	5156
f 5137 	5090 	5138
f 5138 	5156 	5139
f 5155 	5154 	5139
f 5154 	5153 	5140
f 5140 	5139 	5154
f 5141 	5140 	5153
f 5065 	5146 	5066
f 5151 	5152 	5142
f 5142 	5141 	5151
f 5153 	5151 	5141
f 5092 	5147 	5090
f 5144 	5143 	5150
f 5152 	5150 	5143
f 5157 	5090 	5147
f 5066 	5146 	5149
f 5143 	5142 	5152
f 5145 	5144 	5150
f 5150 	5148 	5145
f 5148 	5149 	5145
f 5146 	5145 	5149
f 5149 	5068 	5066
f 5090 	5157 	5156
f 5131 	5130 	5075
f 5134 	5133 	5090
f 5076 	5075 	5127
f 5127 	5126 	5076
f 5124 	5123 	5076
f 5136 	5135 	5090
f 5156 	5138 	5090
f 5115 	5067 	4541
f 5125 	5124 	5076
f 4822 	4821 	5122
f 5122 	5121 	4822
f 5117 	4827 	5118
f 4541 	4830 	5115
f 5158 	5086 	5159
f 5159 	5086 	5160
f 5160 	5091 	5161
f 5161 	5091 	5162
f 5162 	5091 	5163
f 5163 	5091 	5164
f 5164 	5091 	5165
f 5165 	5091 	5166
f 5167 	5085 	5168
f 4987 	5174 	5175
f 5291 	5197 	5198
f 5003 	5002 	5202
f 4643 	4514 	4513
f 5291 	5290 	5197
f 4629 	4631 	4466
f 5194 	5001 	5193
f 5001 	5194 	5171
f 4987 	5173 	5174
f 4658 	4659 	4858
f 4994 	5187 	5188
f 5295 	5294 	5201
f 5202 	5295 	5201
f 5204 	5281 	5196
f 5281 	5264 	5196
f 4858 	4857 	4658
f 4465 	4628 	4466
f 4467 	4466 	4631
f 4644 	4841 	4643
f 4517 	4659 	4662
f 4697 	4698 	4556
f 4703 	4716 	4715
f 4730 	4764 	4563
f 4745 	4719 	4718
f 4721 	4720 	4748
f 4721 	4748 	4722
f 4838 	4837 	4810
f 4691 	4693 	4553
f 4703 	4715 	4714
f 4744 	4745 	4717
f 4758 	4724 	4723
f 4837 	4836 	4810
f 4724 	4758 	4725
f 4693 	4696 	4554
f 4697 	4556 	4555
f 4712 	4557 	4698
f 4698 	4713 	4712
f 4670 	4805 	4671
f 4808 	4809 	4834
f 4868 	4823 	4673
f 4644 	4843 	4841
f 4843 	4645 	4845
f 4857 	4856 	4657
f 4521 	4666 	4623
f 4512 	4511 	4641
f 4513 	4512 	4641
f 4517 	4516 	4659
f 4521 	4520 	4666
f 4513 	4642 	4643
f 4645 	4843 	4644
f 4646 	4845 	4645
f 4647 	4847 	4646
f 4519 	4664 	4520
f 4465 	4626 	4628
f 4629 	4466 	4628
f 4665 	4666 	4520
f 4808 	4834 	4833
f 4836 	4809 	4810
f 4812 	4840 	4839
f 4468 	4631 	4633
f 4468 	4633 	4634
f 4818 	4854 	4853
f 4510 	4638 	4639
f 4854 	4818 	4855
f 4510 	4639 	4640
f 4513 	4641 	4642
f 4650 	4473 	4649
f 4805 	4832 	4831
f 4561 	4754 	4562
f 4723 	4757 	4758
f 4553 	4552 	4691
f 4554 	4553 	4693
f 4718 	4717 	4745
f 4720 	4747 	4748
f 4755 	4562 	4754
f 4761 	4727 	4726
f 4727 	4761 	4728
f 4564 	4765 	4565
f 4557 	4556 	4698
f 4744 	4717 	4716
f 4558 	4751 	4559
f 4388 	4387 	5168
f 5085 	4388 	5168
f 4387 	4386 	5168
f 5227 	4647 	5228
f 5229 	5228 	4646
f 4646 	4645 	5229
f 4645 	4644 	5229
f 5230 	5229 	4644
f 5231 	5230 	4644
f 4644 	4643 	5231
f 4643 	4642 	5231
f 5232 	5231 	4642
f 5235 	5086 	5236
f 5238 	5086 	5158
f 5071 	4650 	5240
f 5240 	4650 	5239
f 5226 	4648 	5227
f 5239 	4648 	5226
f 5072 	5071 	5240
f 5073 	5225 	5074
f 4399 	5085 	5241
f 5242 	5085 	5243
f 5243 	5085 	5244
f 5085 	5314 	5244
f 5245 	5244 	5314
f 5314 	5313 	5246
f 5247 	5246 	5331
f 5330 	5329 	5248
f 4379 	4378 	5085
f 4380 	4379 	5085
f 5224 	5223 	4394
f 4382 	4395 	5221
f 4384 	4383 	5169
f 5169 	5168 	4384
f 4389 	5085 	4390
f 4668 	4667 	4802
f 4559 	4752 	4560
f 4831 	4671 	4805
f 4729 	4728 	4763
f 4729 	4763 	4730
f 4812 	4839 	4838
f 4680 	4828 	4682
f 4829 	4684 	4682
f 4798 	4800 	4661
f 4763 	4764 	4730
f 4563 	4764 	4564
f 4766 	4558 	4565
f 4817 	4853 	4846
f 4818 	4853 	4817
f 4725 	4759 	4726
f 4765 	4564 	4764
f 4565 	4765 	4766
f 4689 	4688 	4550
f 4846 	4816 	4817
f 4820 	4862 	4819
f 4864 	4862 	4821
f 4866 	4864 	4821
f 4822 	4823 	4866
f 4674 	4673 	4823
f 4667 	4663 	4801
f 4552 	4690 	4691
f 4836 	4834 	4809
f 4703 	4714 	4701
f 4838 	4810 	4811
f 4838 	4811 	4812
f 4842 	4814 	4844
f 4720 	4719 	4747
f 4815 	4816 	4844
f 4560 	4753 	4561
f 4866 	4821 	4822
f 4798 	4661 	4660
f 4802 	4803 	4668
f 4670 	4669 	4804
f 4670 	4804 	4805
f 4697 	4555 	4696
f 4713 	4700 	4714
f 4716 	4704 	4744
f 4850 	4472 	4652
f 4851 	4850 	4654
f 4652 	4654 	4850
f 4654 	4655 	4851
f 4855 	4818 	4819
f 4519 	4662 	4664
f 4665 	4520 	4664
f 4705 	4672 	4653
f 4472 	4705 	4653
f 4801 	4802 	4667
f 4473 	4650 	4706
f 4676 	4706 	4650
f 4669 	4668 	4803
f 4975 	4972 	4973
f 4973 	4979 	4975
f 4974 	4975 	4979
f 4963 	4964 	4976
f 4965 	4976 	4964
f 4972 	4975 	4971
f 4976 	4977 	4978
f 4976 	4978 	4963
f 4807 	4833 	4832
f 4833 	4807 	4808
f 4965 	4966 	4976
f 4966 	4967 	4976
f 4967 	4968 	4976
f 4969 	4976 	4968
f 4969 	4970 	4976
f 4970 	5334 	4976
f 5334 	5333 	4976
f 5113 	4774 	5112
f 4971 	4975 	4976
f 4815 	4844 	4814
f 4846 	4844 	4816
f 4421 	5106 	4400
f 4767 	4400 	5106
f 4408 	4407 	5093
f 4679 	4827 	4680
f 4409 	4408 	5093
f 4829 	4682 	4828
f 5095 	4410 	4409
f 5095 	5096 	4410
f 5101 	4416 	4415
f 4417 	5102 	4418
f 4842 	4840 	4814
f 5331 	5313 	5220
f 4728 	4762 	4763
f 4555 	4554 	4696
f 4921 	4904 	4903
f 4716 	4703 	4704
f 5102 	4417 	4416
f 4937 	4914 	4913
f 4726 	4760 	4761
f 4378 	4377 	5085
f 4391 	5085 	4377
f 4390 	5085 	4391
f 5093 	4407 	5092
f 5225 	5224 	4393
f 5094 	4409 	5093
f 4409 	5094 	5095
f 4411 	4410 	5096
f 4389 	4388 	5085
f 5221 	5170 	4382
f 5222 	5221 	4395
f 4395 	4394 	5222
f 5223 	5222 	4394
f 4394 	4392 	5224
f 4392 	4393 	5224
f 4383 	4382 	5170
f 5170 	5169 	4383
f 4385 	4384 	5168
f 4386 	4385 	5168
f 5166 	5091 	5167
f 4396 	5074 	4393
f 5225 	4393 	5074
f 4398 	4397 	5257
f 5327 	5325 	5252
f 5098 	4413 	5097
f 5251 	5327 	5252
f 4921 	4922 	4904
f 4932 	4909 	4908
f 5097 	4412 	5096
f 4551 	4550 	4688
f 4552 	4551 	4690
f 4688 	4690 	4551
f 5058 	4942 	5059
f 4700 	4713 	4698
f 4701 	4714 	4700
f 5109 	4770 	5108
f 4917 	4916 	4899
f 4746 	4719 	4745
f 4747 	4719 	4746
f 4752 	4559 	4751
f 4560 	4752 	4753
f 4754 	4561 	4753
f 4722 	4748 	4756
f 5098 	5099 	4413
f 4756 	4757 	4722
f 4723 	4722 	4757
f 4725 	4758 	4759
f 4760 	4726 	4759
f 4728 	4761 	4762
f 5104 	4420 	4419
f 4751 	4558 	4766
f 4411 	5096 	4412
f 4412 	5097 	4413
f 4416 	5100 	5102
f 4418 	5103 	4419
f 4772 	5111 	4773
f 4797 	4736 	4618
f 5100 	4416 	5101
f 4767 	5107 	4769
f 5331 	5330 	5248
f 5313 	5331 	5246
f 5246 	5245 	5314
f 5242 	5241 	5085
f 4381 	5085 	4399
f 4381 	4380 	5085
f 4626 	5088 	4628
f 4623 	5088 	4626
f 4666 	5088 	4623
f 5091 	5160 	5086
f 4628 	5088 	4629
f 4629 	5088 	4631
f 4414 	5099 	4415
f 4631 	5087 	4633
f 4633 	5087 	4634
f 4634 	5087 	4636
f 4636 	5087 	4638
f 4638 	5087 	4639
f 4639 	5086 	4640
f 4640 	5086 	4641
f 5237 	5086 	5238
f 4776 	5113 	4686
f 4646 	5228 	4647
f 4647 	5227 	4648
f 4648 	5239 	4649
f 4653 	5070 	5113
f 5069 	5113 	5070
f 4652 	4653 	5112
f 5013 	5220 	5313
f 5307 	5011 	5010
f 4654 	4652 	5112
f 5112 	5111 	4654
f 5111 	5110 	4654
f 4655 	4654 	5110
f 5108 	5107 	4658
f 4664 	5088 	4665
f 5113 	5112 	4653
f 4672 	5070 	4653
f 5049 	4931 	4907
f 5063 	5025 	5064
f 5025 	5047 	5064
f 4927 	5040 	4926
f 4922 	4923 	4905
f 5038 	5036 	4926
f 4912 	4936 	4913
f 5058 	5057 	4942
f 5023 	5025 	5063
f 5038 	4926 	5040
f 4642 	5086 	5233
f 5236 	5086 	5237
f 4641 	5086 	4642
f 5234 	5233 	5086
f 4676 	4650 	5071
f 4649 	5239 	4650
f 5233 	5232 	4642
f 5235 	5234 	5086
f 5110 	5109 	4656
f 5085 	5167 	5091
f 5086 	4639 	5087
f 4665 	5088 	4666
f 4658 	4657 	5108
f 5087 	4631 	5088
f 4656 	4655 	5110
f 4978 	5090 	4963
f 5076 	4964 	4963
f 5076 	4963 	5075
f 4964 	5076 	4965
f 5077 	4965 	5076
f 5078 	4966 	4965
f 5078 	4965 	5077
f 4966 	5078 	4967
f 5079 	4967 	5078
f 5080 	4968 	4967
f 5080 	4967 	5079
f 4968 	5080 	4969
f 5081 	4969 	5080
f 4970 	4969 	5082
f 5082 	4969 	5081
f 5298 	4970 	5082
f 4972 	4971 	5083
f 5084 	4972 	5083
f 5085 	4973 	4972
f 5085 	4972 	5084
f 4979 	4973 	5085
f 4974 	5086 	5087
f 4976 	4975 	5088
f 5089 	4977 	5088
f 4977 	4976 	5088
f 5090 	4978 	5089
f 4977 	5089 	4978
f 5075 	4963 	5090
f 5085 	5091 	4979
f 5091 	5086 	4979
f 4974 	4979 	5086
f 4414 	4413 	5099
f 5106 	4421 	4420
f 5104 	4419 	5103
f 5106 	4420 	5105
f 4418 	5102 	5103
f 5105 	4420 	5104
f 5107 	4767 	5106
f 5108 	4769 	5107
f 4771 	5109 	5110
f 4771 	5110 	4772
f 5111 	4772 	5110
f 5112 	4773 	5111
f 4685 	5068 	5149
f 5101 	4415 	5099
f 5069 	4686 	5113
f 5209 	5311 	5210
f 4769 	5108 	4770
f 5109 	4771 	4770
f 4773 	5112 	4774
f 4774 	5113 	4776
f 5329 	5330 	5218
f 5220 	5219 	5331
f 5009 	5306 	5010
f 5210 	5312 	5211
f 5027 	5026 	5324
f 4501 	5139 	4503
f 5302 	5005 	5324
f 4505 	5142 	4506
f 5161 	4427 	4426
f 5165 	4430 	4429
f 5165 	4431 	4430
f 4867 	5222 	4877
f 4877 	5223 	4878
f 4439 	4438 	5234
f 5234 	4440 	4439
f 5114 	5116 	4474
f 5230 	5231 	4884
f 4490 	5128 	4491
f 4394 	4395 	4959
f 4710 	4393 	4961
f 4711 	4962 	4397
f 4953 	4397 	4962
f 4455 	4381 	4444
f 4463 	4521 	4623
f 4626 	4464 	4623
f 4903 	4920 	4921
f 5040 	4927 	5042
f 4935 	4912 	4911
f 5060 	5059 	4944
f 5060 	4944 	5061
f 5036 	5033 	4925
f 4926 	5036 	4925
f 4909 	4933 	4910
f 4935 	4911 	4934
f 5057 	4941 	4942
f 5021 	5320 	5022
f 5164 	5165 	4429
f 4492 	5130 	4493
f 5302 	5006 	5005
f 5307 	5010 	5306
f 5207 	5309 	5208
f 5144 	4507 	5143
f 4433 	5168 	4434
f 5315 	5016 	5015
f 5315 	5316 	5016
f 5017 	5016 	5316
f 5017 	5316 	5018
f 5021 	5020 	5320
f 5027 	5324 	5005
f 5128 	4490 	4489
f 5007 	5304 	5008
f 5009 	5008 	5306
f 4423 	5158 	4424
f 4677 	4826 	4679
f 5320 	5321 	5022
f 4828 	4680 	4827
f 5321 	5024 	5022
f 4489 	4488 	5127
f 4489 	5127 	5128
f 4803 	4804 	4669
f 5137 	4500 	4499
f 5114 	4474 	4475
f 4779 	4778 	5150
f 4524 	5147 	5092
f 4868 	4866 	4823
f 4919 	4902 	4901
f 4674 	4824 	4675
f 4801 	4663 	4800
f 4910 	4934 	4911
f 4832 	4806 	4807
f 4862 	4820 	4821
f 5327 	5328 	5216
f 4826 	4677 	4825
f 4798 	4660 	4799
f 4663 	4661 	4800
f 5012 	5308 	5207
f 4832 	4805 	4806
f 4813 	4840 	4812
f 4814 	4840 	4813
f 5316 	5317 	5018
f 5317 	5019 	5018
f 4855 	4819 	4862
f 4824 	4674 	4823
f 4825 	4675 	4824
f 4675 	4825 	4677
f 4827 	4679 	4826
f 4684 	4829 	4830
f 5328 	5329 	5217
f 4684 	4830 	4543
f 4544 	4543 	4830
f 5006 	5302 	5303
f 5303 	5304 	5006
f 4545 	4799 	4546
f 4660 	4546 	4799
f 5305 	5008 	5304
f 5123 	4485 	4484
f 5014 	5314 	5015
f 5314 	5315 	5015
f 5327 	5216 	5214
f 4480 	5121 	4482
f 5305 	5306 	5008
f 5312 	5210 	5311
f 5132 	5133 	4494
f 4495 	5133 	4496
f 5137 	4499 	4498
f 4506 	5143 	4507
f 4507 	5144 	4508
f 5007 	5006 	5304
f 5130 	4492 	4491
f 5132 	4494 	4493
f 4495 	4494 	5133
f 5143 	4506 	5142
f 5223 	4877 	5222
f 5226 	5227 	4880
f 5226 	4880 	4886
f 5158 	4423 	4443
f 4550 	4548 	4689
f 4530 	4689 	4548
f 4689 	4530 	4529
f 4531 	4549 	4755
f 4531 	4755 	4532
f 4562 	4755 	4549
f 4637 	4743 	4537
f 4536 	4535 	4835
f 4635 	4536 	4835
f 4632 	4635 	4835
f 5237 	4443 	4442
f 5253 	5254 	4891
f 5255 	4889 	4888
f 5255 	4888 	5256
f 5253 	4891 	4892
f 4711 	4398 	5258
f 4398 	5257 	5258
f 5206 	5205 	5261
f 5206 	5261 	5262
f 5259 	5258 	5257
f 5258 	5259 	5260
f 5261 	5263 	5264
f 5261 	5264 	5262
f 4438 	5233 	5234
f 4442 	4441 	5237
f 4742 	4625 	4741
f 4625 	4742 	4627
f 4835 	4566 	4632
f 5147 	4524 	5157
f 4775 	4685 	5149
f 5149 	4777 	4775
f 5150 	5152 	4779
f 4780 	4779 	5152
f 4475 	4528 	5115
f 4508 	5145 	4509
f 4475 	5115 	5114
f 4907 	4931 	4908
f 4484 	4483 	5123
f 4934 	4910 	4933
f 5124 	5125 	4485
f 5125 	5126 	4486
f 4488 	5126 	5127
f 5055 	4939 	5056
f 4945 	4946 	5061
f 4946 	5023 	5062
f 5255 	5256 	5266
f 5265 	5266 	5256
f 5268 	4982 	5267
f 5269 	4982 	5268
f 5270 	4982 	5269
f 4870 	5267 	4982
f 5271 	4982 	5270
f 4905 	4904 	4922
f 5272 	4982 	5271
f 5273 	4982 	5272
f 5031 	4906 	4923
f 5119 	5120 	4479
f 4981 	5275 	5276
f 4981 	5276 	5277
f 4981 	5277 	5278
f 4981 	5278 	5279
f 4981 	5279 	5280
f 4981 	5280 	4980
f 5120 	5121 	4480
f 5274 	4981 	4887
f 5275 	4981 	5274
f 5256 	4887 	4981
f 4982 	5273 	4890
f 4939 	5055 	4929
f 5265 	5256 	5282
f 4486 	4485 	5125
f 4488 	4486 	5126
f 5253 	4892 	4890
f 4888 	4887 	5256
f 4944 	4945 	5061
f 4890 	4892 	4982
f 5062 	5061 	4946
f 5063 	5062 	5023
f 4983 	4962 	5258
f 5145 	4508 	5144
f 5209 	5028 	5208
f 5208 	5028 	5207
f 4476 	4474 	5116
f 5211 	5212 	5028
f 5212 	5213 	5028
f 5209 	5210 	5028
f 5210 	5211 	5028
f 5118 	5119 	4478
f 4480 	4479 	5120
f 5044 	5042 	4929
f 4483 	5122 	5123
f 5219 	4983 	5218
f 5214 	4983 	5215
f 5124 	4485 	5123
f 5013 	4983 	5220
f 5214 	5216 	4983
f 4983 	5216 	5217
f 5220 	4983 	5219
f 5258 	5260 	5215
f 5258 	5215 	4983
f 5217 	5218 	4983
f 5206 	5262 	5213
f 5262 	5028 	5213
f 5012 	5207 	5028
f 5264 	5281 	5262
f 5044 	4929 	5055
f 4981 	5282 	5256
f 5284 	4981 	5283
f 4990 	5283 	4981
f 4496 	5133 	5134
f 5285 	4981 	5284
f 5059 	4943 	4944
f 5286 	4981 	5285
f 5212 	5300 	5213
f 4502 	4503 	5139
f 5141 	4504 	5140
f 4848 	4648 	4849
f 5116 	5117 	4476
f 4477 	4476 	5117
f 4649 	4473 	4849
f 5117 	5118 	4477
f 4478 	4477 	5118
f 4479 	4478 	5119
f 4656 	4856 	4852
f 4481 	4482 	5121
f 4656 	4657 	4856
f 5122 	4483 	5121
f 4481 	5121 	4483
f 4657 	4658 	4857
f 4858 	4659 	4516
f 5219 	5330 	5331
f 4517 	4662 	4518
f 4518 	4662 	4519
f 5301 	5213 	5300
f 4463 	4623 	4464
f 4491 	5128 	5129
f 4464 	4626 	4465
f 5129 	5130 	4491
f 4493 	5130 	5131
f 4493 	5131 	5132
f 4631 	4468 	4467
f 4634 	4469 	4468
f 4636 	4470 	4469
f 4636 	4469 	4634
f 5135 	4497 	5134
f 5134 	4497 	4496
f 5136 	4498 	5135
f 4497 	5135 	4498
f 4470 	4636 	4471
f 4638 	4471 	4636
f 4510 	4471 	4638
f 4498 	5136 	5137
f 5208 	5310 	5209
f 4640 	4511 	4510
f 4500 	5137 	5138
f 5138 	5139 	4500
f 4501 	4500 	5139
f 5140 	4502 	5139
f 4502 	5140 	4504
f 4504 	5141 	4505
f 5142 	4505 	5141
f 5146 	4509 	5145
f 5020 	5319 	5320
f 4509 	5146 	4523
f 4523 	5146 	4678
f 5065 	4678 	5146
f 5322 	5024 	5321
f 5322 	5323 	5024
f 5148 	5150 	4778
f 5288 	4981 	5287
f 4640 	4641 	4511
f 4841 	4515 	4643
f 4514 	4643 	4515
f 4845 	4646 	4847
f 4648 	4848 	4647
f 4847 	4647 	4848
f 5153 	5154 	4782
f 4649 	4849 	4648
f 4653 	4652 	4472
f 5295 	5028 	5294
f 5011 	5308 	5012
f 5002 	5028 	5295
f 5208 	5309 	5310
f 5262 	5281 	5028
f 5311 	5209 	5310
f 5204 	5028 	5281
f 5290 	5028 	5204
f 5291 	5028 	5290
f 5292 	5028 	5291
f 5293 	5028 	5292
f 5294 	5028 	5293
f 5151 	5153 	4781
f 5286 	5287 	4981
f 5288 	5289 	4981
f 5282 	4981 	5289
f 4903 	4902 	4920
f 4919 	4920 	4902
f 4783 	5155 	4402
f 5157 	4524 	4527
f 4743 	4627 	4742
f 5092 	4407 	4524
f 4781 	4780 	5151
f 4526 	5156 	4527
f 4778 	4777 	5148
f 5149 	5148 	4777
f 4578 	4787 	4786
f 4780 	5152 	5151
f 4790 	4581 	4791
f 4782 	4781 	5153
f 4582 	4692 	4791
f 4783 	4782 	5154
f 5154 	5155 	4783
f 4525 	4402 	5155
f 4526 	4525 	5156
f 5155 	5156 	4525
f 5157 	4527 	5156
f 4655 	4852 	4851
f 4655 	4656 	4852
f 5171 	5297 	5172
f 5172 	5297 	5173
f 4594 	4593 	5298
f 5297 	5298 	4593
f 4592 	4874 	5297
f 4593 	4592 	5297
f 4874 	4873 	5297
f 4873 	4872 	5297
f 5185 	5184 	5083
f 5184 	5203 	5083
f 5186 	5185 	5083
f 5187 	5186 	5083
f 5296 	5190 	5189
f 5191 	5190 	5296
f 5192 	5191 	5296
f 5296 	5297 	5192
f 5194 	5297 	5171
f 5193 	5297 	5194
f 5192 	5297 	5193
f 4731 	4572 	4732
f 4578 	4579 	4787
f 4737 	4620 	4619
f 4620 	4738 	4621
f 4611 	4632 	4566
f 4570 	4571 	4615
f 4739 	4621 	4738
f 4739 	4622 	4621
f 4883 	4882 	5229
f 4612 	4611 	4567
f 4614 	4613 	4568
f 4568 	4570 	4614
f 4616 	4572 	4617
f 4788 	4787 	4579
f 4788 	4579 	4789
f 4694 	4699 	4792
f 4699 	4733 	4793
f 4734 	4795 	4794
f 4734 	4735 	4795
f 4796 	4795 	4735
f 4736 	4797 	4735
f 4796 	4735 	4797
f 4737 	4619 	4736
f 4618 	4736 	4619
f 4738 	4620 	4737
f 4740 	4622 	4739
f 4741 	4624 	4740
f 4622 	4740 	4624
f 4624 	4741 	4625
f 4566 	4567 	4611
f 4569 	4568 	4613
f 4615 	4614 	4570
f 4616 	4615 	4571
f 4616 	4571 	4572
f 4731 	4617 	4572
f 4573 	4732 	4572
f 4768 	4732 	4574
f 4573 	4574 	4732
f 4768 	4574 	4784
f 4575 	4784 	4574
f 4785 	4784 	4576
f 4575 	4576 	4784
f 4386 	4387 	4457
f 4785 	4576 	4786
f 4577 	4786 	4576
f 4577 	4578 	4786
f 4580 	4789 	4579
f 4580 	4581 	4789
f 4790 	4789 	4581
f 4582 	4791 	4581
f 4750 	4695 	4792
f 4694 	4792 	4695
f 4793 	4792 	4699
f 4380 	4454 	4379
f 4454 	4380 	4381
f 5301 	5300 	5195
f 5195 	5196 	5301
f 5197 	5299 	5198
f 5198 	5312 	5199
f 5201 	5200 	5309
f 5199 	5311 	5200
f 5202 	5201 	5309
f 5189 	5188 	5296
f 5083 	5296 	5188
f 5188 	5187 	5083
f 5173 	5297 	5174
f 5205 	5301 	5261
f 5197 	5195 	5299
f 5304 	5303 	5083
f 5302 	5083 	5303
f 5305 	5304 	5083
f 5306 	5305 	5083
f 5309 	5308 	5202
f 5312 	5198 	5299
f 5311 	5199 	5312
f 5319 	5318 	5084
f 5321 	5320 	5084
f 5324 	5323 	5083
f 4453 	4378 	4379
f 4453 	4379 	4454
f 5328 	5327 	5250
f 5250 	5249 	5329
f 5329 	5328 	5250
f 5321 	5084 	5322
f 5320 	5319 	5084
f 5318 	5317 	5084
f 5316 	5085 	5317
f 5085 	5084 	5317
f 5085 	5316 	5315
f 5085 	5315 	5314
f 5249 	5248 	5329
f 5248 	5247 	5331
f 5259 	5257 	5326
f 5325 	5326 	5252
f 5251 	5250 	5327
f 5257 	4397 	5326
f 4397 	5252 	5326
f 5300 	5299 	5195
f 5261 	5301 	5196
f 5310 	5309 	5200
f 5311 	5310 	5200
f 5308 	5307 	5202
f 5203 	5202 	5307
f 5307 	5306 	5203
f 5083 	5203 	5306
f 5302 	5324 	5083
f 5323 	5322 	5083
f 5083 	5322 	5084
f 5261 	5196 	5263
f 4925 	4924 	5298
f 5254 	4591 	4891
f 4583 	4924 	4584
f 4584 	4922 	4585
f 4585 	4922 	4586
f 4586 	4920 	4587
f 4917 	4590 	4916
f 4587 	4920 	4588
f 4588 	4918 	4589
f 4589 	4918 	4590
f 4610 	5175 	5297
f 4594 	5298 	4595
f 4651 	4610 	5297
f 4871 	4651 	5297
f 4601 	4924 	4583
f 4600 	5298 	4601
f 4599 	5298 	4600
f 5266 	5183 	5255
f 4603 	5255 	5183
f 5181 	5180 	4604
f 4606 	4604 	5180
f 5180 	5179 	4606
f 4605 	4606 	5179
f 4608 	4607 	5177
f 5177 	5176 	4608
f 4610 	4609 	5176
f 4609 	4608 	5176
f 5174 	5297 	5175
f 5176 	5175 	4610
f 4597 	5298 	4599
f 4598 	5298 	4597
f 4596 	5298 	4598
f 4595 	5298 	4596
f 5179 	5178 	4605
f 5182 	5181 	4604
f 4604 	4602 	5182
f 4602 	4603 	5182
f 5178 	5177 	4607
f 4607 	4605 	5178
f 4872 	4871 	5297
f 5183 	5182 	4603
f 4603 	4889 	5255
f 4590 	4917 	4591
f 5082 	4927 	5298
f 4916 	4590 	4918
f 5083 	4971 	5332
f 4970 	5298 	5334
f 5296 	5332 	5333
f 5296 	5333 	5297
f 5332 	5296 	5083
f 5334 	5298 	5333
f 5297 	5333 	5298
f 4971 	4976 	5332
f 5332 	4976 	5333
f 4989 	5176 	4990
f 5284 	5178 	5285
f 5179 	5286 	5285
f 4932 	4908 	4931
f 5288 	5182 	5289
f 5203 	4991 	5004
f 4937 	4913 	4936
f 4992 	5186 	4993
f 4993 	5186 	4994
f 4994 	5188 	4995
f 5189 	4996 	5188
f 4995 	5188 	4996
f 5190 	4997 	5189
f 4996 	5189 	4997
f 5190 	4998 	4997
f 5196 	5195 	5204
f 4901 	4900 	4918
f 5293 	5292 	5199
f 5198 	5199 	5292
f 5294 	5293 	5200
f 5199 	5200 	5293
f 5200 	5201 	5294
f 5031 	4923 	5033
f 4924 	5033 	4923
f 5003 	5203 	5004
f 4924 	4925 	5033
f 4985 	4984 	5172
f 4985 	5172 	4986
f 5173 	4986 	5172
f 5173 	4987 	4986
f 4930 	4931 	5047
f 5175 	5176 	4988
f 4989 	4988 	5176
f 5283 	4990 	5176
f 5283 	5177 	5284
f 4937 	4938 	4914
f 5179 	5285 	5178
f 4940 	5056 	4939
f 4940 	4941 	5056
f 5059 	4942 	4943
f 4900 	4899 	4916
f 4916 	4918 	4900
f 4918 	4919 	4901
f 4906 	4905 	4923
f 5042 	4927 	4928
f 4928 	4929 	5042
f 5025 	4930 	5047
f 5049 	5047 	4931
f 4933 	4909 	4932
f 4912 	4935 	4936
f 5057 	5056 	4941
f 4896 	4895 	4917
f 4917 	4899 	4896
f 4914 	4938 	4893
f 4894 	4893 	4938
f 4436 	4435 	5231
f 4435 	4884 	5231
f 5240 	5239 	4885
f 4429 	4428 	5164
f 5229 	5230 	4883
f 4441 	5236 	5237
f 5227 	5228 	4881
f 5233 	4438 	4437
f 4865 	5221 	4867
f 5238 	5158 	4443
f 4434 	5168 	4861
f 5231 	5232 	4436
f 4428 	5163 	5164
f 5167 	5168 	4432
f 5159 	4425 	4424
f 4428 	4427 	5163
f 4431 	5166 	4432
f 4878 	5224 	4879
f 4884 	4883 	5230
f 4443 	5237 	5238
f 4886 	4885 	5239
f 4886 	5239 	5226
f 4427 	5162 	5163
f 4431 	5165 	5166
f 5169 	4861 	5168
f 5170 	4863 	5169
f 5221 	4865 	5170
f 4424 	5158 	5159
f 5160 	4425 	5159
f 5161 	4426 	4425
f 5161 	4425 	5160
f 5162 	4427 	5161
f 4432 	5166 	5167
f 4433 	4432 	5168
f 4861 	5169 	4863
f 4863 	5170 	4865
f 5222 	4867 	5221
f 4878 	5223 	5224
f 5225 	4879 	5224
f 5026 	5323 	5324
f 5217 	5216 	5328
f 5218 	5217 	5329
f 5211 	5299 	5212
f 5214 	5325 	5327
f 5300 	5212 	5299
f 5014 	5313 	5314
f 5319 	5020 	5019
f 5214 	5215 	5325
f 5326 	5325 	5215
f 5014 	5013 	5313
f 5308 	5011 	5307
f 5309 	5207 	5308
f 5211 	5312 	5299
f 5318 	5019 	5317
f 5319 	5019 	5318
f 5026 	5024 	5323
f 5219 	5218 	5330
f 5215 	5260 	5326
f 5259 	5326 	5260
f 5213 	5301 	5206
f 5205 	5206 	5301
f 5264 	5263 	5196
f 5266 	5265 	5183
f 5282 	5183 	5265
f 5289 	5183 	5282
f 4890 	4591 	5253
f 5029 	4584 	5030
f 5267 	4870 	4584
f 5030 	4584 	4870
f 5053 	4874 	5054
f 4874 	4592 	5054
f 5272 	4590 	5273
f 5032 	5054 	4592
f 4592 	5034 	5032
f 5037 	5035 	4595
f 5037 	4595 	4875
f 4598 	5039 	4876
f 4603 	4602 	5274
f 4606 	4605 	5277
f 5278 	5277 	4605
f 4605 	4607 	5278
f 5280 	4609 	4980
f 4651 	5050 	5048
f 5050 	4651 	5051
f 4872 	5052 	5051
f 5052 	4872 	5053
f 5029 	4583 	4584
f 5268 	4586 	5269
f 5269 	4587 	5270
f 4457 	4385 	4386
f 4462 	4390 	4391
f 4952 	5251 	5252
f 4397 	4953 	5252
f 4462 	4391 	4377
f 5228 	5229 	4882
f 5235 	4440 	5234
f 4441 	4440 	5236
f 5235 	5236 	4440
f 4881 	4880 	5227
f 4882 	4881 	5228
f 4437 	4436 	5232
f 5233 	4437 	5232
f 4885 	4859 	5240
f 4707 	5240 	4859
f 5072 	5240 	4707
f 4860 	5225 	4708
f 5073 	4708 	5225
f 4879 	5225 	4860
f 4392 	4394 	4958
f 4450 	5246 	4404
f 5251 	4951 	5250
f 4456 	4405 	4385
f 4959 	4958 	4394
f 4445 	5241 	4446
f 4447 	5243 	4448
f 4393 	4392 	4957
f 5242 	5243 	4446
f 5249 	4949 	5248
f 4952 	5252 	4953
f 4382 	4954 	4960
f 4377 	4451 	4462
f 4381 	4455 	4454
f 4460 	4459 	4389
f 4460 	4389 	4461
f 4958 	4957 	4392
f 5241 	4445 	4444
f 4444 	4399 	5241
f 4446 	5241 	5242
f 4447 	4446 	5243
f 5244 	4448 	5243
f 4449 	4448 	5245
f 5244 	5245 	4448
f 5246 	4450 	5245
f 4449 	5245 	4450
f 4947 	4404 	5246
f 5247 	4947 	5246
f 4947 	5247 	4948
f 5248 	4948 	5247
f 4948 	5248 	4949
f 4949 	5249 	4950
f 5250 	4950 	5249
f 4950 	5250 	4951
f 4952 	4951 	5251
f 4395 	4382 	4960
f 4387 	4458 	4457
f 4387 	4388 	4458
f 4459 	4458 	4388
f 4388 	4389 	4459
f 4389 	4390 	4461
f 4390 	4462 	4461
f 4451 	4377 	4378
f 4451 	4378 	4452
f 4452 	4378 	4453
f 4955 	4954 	4383
f 4382 	4383 	4954
f 4383 	4384 	4955
f 4956 	4955 	4384
f 4384 	4385 	4956
f 4405 	4956 	4385
f 4456 	4385 	4457
# 1912 faces

 #end of obj_5

o obj_6
v -15.1825 		74.6845 		62.494
v -15.1825 		74.6845 		57.267
v -15.1507 		74.4835 		62.494
v -14.4485 		74.4835 		62.494
v -15.1351 		74.9836 		62.494
v -14.4485 		74.9836 		62.494
v -14.4485 		74.4835 		67.466
v -14.4485 		74.9836 		67.466
v -15.1351 		74.9836 		65.387
v -14.9865 		75.9206 		65.387
v -14.9865 		75.9206 		57.267
v -14.4185 		77.0357 		65.387
v -14.4185 		77.0357 		57.267
v -17.1175 		78.9458 		57.267
v -18.1475 		76.9247 		57.267
v -17.1175 		78.9458 		56.156
v -18.1475 		76.9247 		56.156
v -18.5025 		74.6845 		57.267
v -18.5025 		74.6845 		56.156
v -15.1825 		74.6845 		56.156
v -14.9865 		75.9206 		56.156
v -15.1029 		75.1866 		45.489
v -15.1825 		74.6845 		45.489
v -7.2623 		74.1815 		45.489
v -7.1825 		74.6845 		45.489
v -7.1825 		74.6845 		56.156
v -7.3785 		73.4485 		56.156
v -4.0025 		74.6845 		56.156
v -4.3575 		72.4444 		56.156
v -4.0025 		74.6845 		57.267
v -4.3575 		76.9247 		57.267
v -7.3785 		75.9206 		57.267
v -7.1825 		74.6845 		57.267
v -7.3785 		73.4485 		57.267
v -4.3575 		72.4444 		57.267
v -7.9465 		72.3334 		57.267
v -5.3875 		70.4233 		57.267
v -8.8315 		71.4483 		57.267
v -7.9465 		72.3334 		65.387
v -8.8315 		71.4483 		65.387
v -8.9885 		71.6643 		67.466
v -10.0285 		71.1343 		67.466
v -9.9465 		70.8803 		65.387
v -9.9465 		70.8803 		57.267
v -10.9315 		70.7241 		62.682
v -11.1825 		70.6843 		57.267
v -11.1825 		70.6843 		62.682
v -10.9315 		71.3363 		62.682
v -11.4325 		71.3363 		62.682
v -11.4325 		71.3363 		67.466
v -10.9315 		71.3363 		67.466
v -10.9315 		74.9776 		67.466
v -11.4325 		74.9776 		67.466
v -12.3365 		71.1343 		67.466
v -11.4325 		70.9909 		67.466
v -12.4185 		70.8803 		65.387
v -11.4325 		70.7239 		65.387
v -11.4325 		70.7239 		62.682
v -12.4185 		70.8803 		57.267
v -11.2525 		67.4341 		57.267
v -9.0125 		67.7891 		57.267
v -11.2525 		67.4341 		56.156
v -9.0125 		67.7891 		56.156
v -6.9915 		68.8192 		56.156
v -6.9915 		68.8192 		57.267
v -5.3875 		70.4233 		56.156
v -8.8315 		71.4483 		56.156
v -7.9465 		72.3334 		56.156
v -7.9465 		72.3334 		7.278
v -8.8315 		71.4483 		7.278
v -8.1625 		72.4904 		5.2
v -7.6325 		73.5315 		5.2
v -7.3785 		73.4485 		7.278
v -7.4495 		74.6845 		5.2
v -7.1825 		74.6845 		7.278
v -7.2623 		74.1815 		8.995
v -9.8326 		74.1815 		9.702
v -12.5325 		74.1815 		9.702
v -12.3545 		73.8325 		9.702
v -12.4385 		73.7715 		9.502
v -12.6478 		74.1815 		9.502
v -12.6478 		74.1815 		8.995
v -15.1028 		74.1815 		8.995
v -12.6595 		74.2045 		8.995
v -12.7355 		74.6845 		8.995
v -15.1825 		74.6845 		8.995
v -15.1825 		74.6845 		7.278
v -15.1029 		75.1866 		8.995
v -14.9865 		75.9206 		7.278
v -14.9155 		74.6845 		5.2
v -14.7325 		73.5315 		5.2
v -14.9865 		73.4485 		7.278
v -14.2025 		72.4904 		5.2
v -14.4185 		72.3334 		7.278
v -14.9865 		73.4485 		56.156
v -15.1028 		74.1815 		45.489
v -18.1475 		72.4444 		56.156
v -17.1175 		70.4233 		56.156
v -14.4185 		72.3334 		56.156
v -15.5145 		68.8192 		56.156
v -13.5335 		71.4483 		56.156
v -13.4925 		67.7891 		56.156
v -13.4925 		67.7891 		57.267
v -15.5145 		68.8192 		57.267
v -13.5335 		71.4483 		57.267
v -14.4185 		72.3334 		57.267
v -13.5335 		71.4483 		65.387
v -14.4185 		72.3334 		65.387
v -14.2025 		72.4904 		67.466
v -14.7325 		73.5315 		67.466
v -14.8836 		74.4835 		67.466
v -14.9865 		73.4485 		65.387
v -15.1507 		74.4835 		65.387
v -14.9865 		73.4485 		57.267
v -17.1175 		70.4233 		57.267
v -18.1475 		72.4444 		57.267
v -13.3765 		71.6643 		67.466
v -12.4185 		70.8803 		56.156
v -12.4185 		70.8803 		7.278
v -11.1825 		70.6843 		7.278
v -11.1825 		70.6843 		56.156
v -9.9465 		70.8803 		56.156
v -9.9465 		70.8803 		7.278
v -10.0285 		71.1343 		5.2
v -8.9885 		71.6643 		5.2
v -10.7025 		73.2074 		5.2
v -10.2705 		73.4285 		5.2
v -10.2705 		73.4285 		9.502
v -10.7025 		73.2074 		9.502
v -10.7345 		73.3064 		9.702
v -10.3305 		73.5125 		9.702
v -9.9265 		73.7715 		9.502
v -9.9265 		73.7715 		5.2
v -9.7182 		74.1815 		8.995
v -9.7065 		74.2045 		5.2
v -9.6305 		74.6845 		5.2
v -9.6305 		74.6845 		8.995
v -9.7065 		75.1646 		8.995
v -7.2621 		75.1866 		8.995
v -9.7177 		75.1866 		8.995
v -9.7177 		75.1866 		9.502
v -9.9265 		75.5976 		9.502
v -9.9265 		75.5976 		5.2
v -10.2705 		75.9406 		9.502
v -10.2705 		75.9406 		5.2
v -8.9885 		77.7047 		5.2
v -8.1625 		76.8797 		5.2
v -7.9465 		77.0357 		7.278
v -7.3785 		75.9206 		7.278
v -7.3785 		75.9206 		56.156
v -7.2621 		75.1866 		45.489
v -7.1825 		74.6845 		8.995
v -7.6325 		75.8386 		5.2
v -9.8321 		75.1866 		9.702
v -10.0105 		75.5366 		9.702
v -12.0345 		75.8566 		9.702
v -10.3305 		75.8566 		9.702
v -10.7025 		76.1616 		9.502
v -10.7345 		76.0626 		9.702
v -11.1825 		76.1336 		9.702
v -11.1825 		76.2366 		9.502
v -11.6625 		76.1616 		9.502
v -11.6625 		76.1616 		5.2
v -11.1825 		76.2366 		5.2
v -11.1825 		78.4178 		5.2
v -10.7025 		76.1616 		5.2
v -10.0285 		78.2358 		5.2
v -8.8315 		77.9207 		7.278
v -9.9465 		78.4898 		7.278
v -9.9465 		78.4898 		56.156
v -8.8315 		77.9207 		56.156
v -6.9915 		80.5499 		56.156
v -5.3875 		78.9458 		56.156
v -6.9915 		80.5499 		57.267
v -9.0125 		81.58 		57.267
v -9.0125 		81.58 		56.156
v -11.2525 		81.935 		56.156
v -11.1825 		78.6848 		56.156
v -12.4185 		78.4898 		56.156
v -13.4925 		81.58 		56.156
v -13.5335 		77.9207 		56.156
v -15.5145 		80.5499 		56.156
v -14.4185 		77.0357 		56.156
v -14.4185 		77.0357 		7.278
v -13.5335 		77.9207 		7.278
v -14.2025 		76.8797 		5.2
v -14.7325 		75.8386 		5.2
v -12.6595 		75.1646 		5.2
v -12.7355 		74.6845 		5.2
v -12.6595 		75.1646 		8.995
v -12.6483 		75.1866 		8.995
v -12.6483 		75.1866 		9.502
v -12.533 		75.1866 		9.702
v -12.3545 		75.5366 		9.702
v -12.4385 		75.5976 		9.502
v -12.0955 		75.9406 		9.502
v -12.4385 		75.5976 		5.2
v -12.0955 		75.9406 		5.2
v -13.3765 		77.7047 		5.2
v -12.3365 		78.2358 		5.2
v -12.4185 		78.4898 		7.278
v -11.1825 		78.6848 		7.278
v -11.6305 		76.0626 		9.702
v -12.6595 		74.2045 		5.2
v -15.5145 		80.5499 		57.267
v -13.4925 		81.58 		57.267
v -13.5335 		77.9207 		57.267
v -12.4185 		78.4898 		57.267
v -11.2525 		81.935 		57.267
v -11.1825 		78.6848 		57.267
v -9.9465 		78.4898 		57.267
v -10.9215 		78.6436 		62.572
v -9.9465 		78.4898 		65.387
v -8.8315 		77.9207 		57.267
v -5.3875 		78.9458 		57.267
v -7.9465 		77.0357 		57.267
v -8.8315 		77.9207 		65.387
v -7.9465 		77.0357 		65.387
v -8.1625 		76.8797 		67.466
v -7.6325 		75.8386 		67.466
v -7.8305 		75.1846 		67.466
v -7.8305 		74.1835 		67.466
v -7.8305 		75.1846 		62.682
v -7.5288 		75.1846 		67.466
v -7.3785 		75.9206 		65.387
v -7.2618 		75.1846 		65.387
v -7.2618 		75.1846 		62.682
v -7.1825 		74.6845 		62.682
v -7.262 		74.1835 		62.682
v -7.8305 		74.1835 		62.682
v -7.262 		74.1835 		65.387
v -7.3785 		73.4485 		65.387
v -8.1625 		72.4904 		67.466
v -7.6325 		73.5315 		67.466
v -7.5291 		74.1835 		67.466
v -8.9885 		77.7047 		67.466
v -10.0285 		78.2358 		67.466
v -10.9215 		78.6436 		65.387
v -10.9215 		78.3428 		62.572
v -11.1825 		78.6848 		62.572
v -11.4225 		78.3428 		62.572
v -11.4225 		78.6469 		62.572
v -11.4225 		78.6469 		65.387
v -11.4225 		78.3428 		67.059
v -11.4225 		78.4322 		67.059
v -12.4185 		78.4898 		65.387
v -11.4325 		78.4306 		67.059
v -11.4325 		74.9776 		67.059
v -10.9315 		74.9776 		67.059
v -10.9315 		78.3428 		67.059
v -10.9315 		78.3428 		67.466
v -10.9215 		78.3428 		67.466
v -11.4325 		78.3783 		67.466
v -12.3365 		78.2358 		67.466
v -13.3765 		77.7047 		67.466
v -14.2025 		76.8797 		67.466
v -14.7325 		75.8386 		67.466
v -14.8681 		74.9836 		67.466
v -13.5335 		77.9207 		65.387
v -10.9215 		78.3766 		67.466
v -4.3575 		76.9247 		56.156
v -7.9465 		77.0357 		56.156
v -9.7065 		75.1646 		5.2
v -9.7065 		74.2045 		8.995
v -9.7182 		74.1815 		9.502
v -10.0105 		73.8325 		9.702
v -12.0345 		73.5125 		9.702
v -11.6305 		73.3064 		9.702
v -11.1825 		73.2354 		9.702
v -11.1825 		73.1314 		9.502
v -11.6625 		73.2074 		9.502
v -11.1825 		73.1314 		5.2
v -11.6625 		73.2074 		5.2
v -11.1825 		70.9513 		5.2
v -12.3365 		71.1343 		5.2
v -13.3765 		71.6643 		5.2
v -12.0955 		73.4285 		5.2
v -12.4385 		73.7715 		5.2
v -12.0955 		73.4285 		9.502
v -13.5335 		71.4483 		7.278
v -10.9315 		70.9911 		67.466
v -10.9315 		70.7241 		65.387
# 282 vertices

g group_6_16089887

usemtl color_16089887
s 0

f 5335 	5336 	5337
f 5337 	5338 	5335
f 5339 	5335 	5338
f 5340 	5339 	5338
f 5340 	5338 	5341
f 5341 	5342 	5340
f 5340 	5342 	5343
f 5339 	5343 	5344
f 5345 	5339 	5344
f 5345 	5344 	5346
f 5346 	5347 	5345
f 5347 	5348 	5345
f 5349 	5345 	5348
f 5349 	5348 	5350
f 5349 	5350 	5351
f 5352 	5349 	5351
f 5353 	5352 	5351
f 5354 	5353 	5351
f 5351 	5355 	5354
f 5355 	5356 	5354
f 5357 	5354 	5356
f 5358 	5357 	5356
f 5358 	5356 	5359
f 5359 	5360 	5358
f 5361 	5358 	5360
f 5360 	5362 	5361
f 5363 	5361 	5362
f 5364 	5363 	5362
f 5362 	5365 	5364
f 5364 	5365 	5366
f 5364 	5366 	5367
f 5367 	5368 	5364
f 5369 	5364 	5368
f 5368 	5370 	5369
f 5371 	5369 	5370
f 5372 	5371 	5370
f 5370 	5373 	5372
f 5374 	5372 	5373
f 5374 	5373 	5375
f 5374 	5375 	5376
f 5374 	5376 	5377
f 5378 	5374 	5377
f 5378 	5377 	5379
f 5380 	5378 	5379
f 5381 	5380 	5379
f 5379 	5382 	5381
f 5383 	5381 	5382
f 5384 	5383 	5382
f 5382 	5385 	5384
f 5384 	5385 	5386
f 5386 	5387 	5384
f 5384 	5387 	5388
f 5389 	5384 	5388
f 5388 	5390 	5389
f 5391 	5389 	5390
f 5391 	5390 	5392
f 5392 	5383 	5391
f 5390 	5393 	5392
f 5380 	5392 	5393
f 5380 	5393 	5394
f 5394 	5395 	5380
f 5395 	5394 	5396
f 5395 	5396 	5397
f 5397 	5398 	5395
f 5399 	5395 	5398
f 5371 	5399 	5398
f 5371 	5398 	5400
f 5398 	5401 	5400
f 5402 	5400 	5401
f 5403 	5402 	5401
f 5401 	5404 	5403
f 5404 	5459 	5403
f 5406 	5407 	5405
f 5403 	5405 	5407
f 5408 	5409 	5406
f 5407 	5406 	5409
f 5407 	5409 	5410
f 5410 	5358 	5407
f 5358 	5410 	5411
f 5412 	5358 	5411
f 5412 	5411 	5413
f 5413 	5414 	5412
f 5415 	5412 	5414
f 5415 	5414 	5416
f 5416 	5417 	5415
f 5417 	5416 	5418
f 5417 	5418 	5419
f 5417 	5419 	5420
f 5421 	5417 	5420
f 5420 	5422 	5421
f 5421 	5422 	5423
f 5421 	5423 	5424
f 5421 	5424 	5425
f 5421 	5425 	5426
f 5426 	5425 	5427
f 5426 	5427 	5428
f 5426 	5428 	5429
f 5429 	5430 	5426
f 5417 	5426 	5430
f 5417 	5430 	5412
f 5429 	5354 	5430
f 5354 	5429 	5431
f 5432 	5431 	5429
f 5429 	5433 	5432
f 5434 	5432 	5433
f 5433 	5435 	5434
f 5434 	5435 	5436
f 5434 	5436 	5437
f 5438 	5434 	5437
f 5437 	5439 	5438
f 5440 	5438 	5439
f 5440 	5439 	5441
f 5442 	5440 	5441
f 5441 	5451 	5442
f 5444 	5446 	5443
f 5443 	5387 	5444
f 5341 	5444 	5387
f 5341 	5445 	5444
f 5445 	5447 	5444
f 5446 	5444 	5447
f 5447 	5337 	5446
f 5448 	5446 	5337
f 5448 	5440 	5446
f 5448 	5449 	5440
f 5449 	5448 	5450
f 5449 	5450 	5431
f 5450 	5353 	5431
f 5448 	5336 	5450
f 5352 	5450 	5336
f 5447 	5445 	5341
f 5451 	5387 	5443
f 5442 	5443 	5446
f 5443 	5442 	5451
f 5390 	5388 	5441
f 5442 	5446 	5440
f 5439 	5390 	5441
f 5438 	5440 	5449
f 5438 	5449 	5432
f 5439 	5437 	5393
f 5394 	5437 	5436
f 5452 	5436 	5435
f 5452 	5435 	5453
f 5452 	5453 	5454
f 5454 	5455 	5452
f 5455 	5396 	5452
f 5455 	5454 	5456
f 5456 	5397 	5455
f 5457 	5456 	5454
f 5454 	5608 	5457
f 5459 	5404 	5458
f 5457 	5458 	5404
f 5458 	5460 	5459
f 5461 	5459 	5460
f 5462 	5461 	5460
f 5462 	5460 	5463
f 5462 	5463 	5464
f 5462 	5464 	5465
f 5462 	5465 	5466
f 5467 	5462 	5466
f 5467 	5466 	5468
f 5467 	5468 	5469
f 5467 	5469 	5406
f 5470 	5406 	5469
f 5469 	5471 	5470
f 5472 	5470 	5471
f 5471 	5473 	5472
f 5474 	5472 	5473
f 5474 	5473 	5475
f 5475 	5476 	5474
f 5477 	5474 	5476
f 5477 	5476 	5478
f 5478 	5479 	5477
f 5479 	5480 	5477
f 5481 	5477 	5480
f 5480 	5502 	5481
f 5483 	5487 	5482
f 5482 	5484 	5483
f 5483 	5484 	5485
f 5485 	5473 	5483
f 5409 	5483 	5473
f 5409 	5473 	5486
f 5409 	5408 	5483
f 5485 	5488 	5473
f 5476 	5488 	5489
f 5488 	5490 	5489
f 5489 	5490 	5491
f 5478 	5476 	5491
f 5491 	5493 	5478
f 5492 	5478 	5493
f 5493 	5491 	5494
f 5495 	5492 	5494
f 5494 	5496 	5495
f 5495 	5496 	5497
f 5498 	5495 	5497
f 5498 	5497 	5499
f 5499 	5500 	5498
f 5500 	5492 	5498
f 5492 	5500 	5479
f 5499 	5501 	5500
f 5480 	5500 	5501
f 5480 	5501 	5502
f 5502 	5501 	5503
f 5503 	5504 	5502
f 5505 	5502 	5504
f 5504 	5506 	5505
f 5507 	5505 	5506
f 5508 	5507 	5506
f 5509 	5508 	5506
f 5509 	5506 	5510
f 5511 	5509 	5510
f 5510 	5512 	5511
f 5512 	5513 	5511
f 5514 	5511 	5513
f 5513 	5515 	5514
f 5516 	5514 	5515
f 5515 	5517 	5516
f 5516 	5517 	5350
f 5350 	5517 	5355
f 5355 	5517 	5423
f 5518 	5423 	5517
f 5517 	5519 	5518
f 5519 	5520 	5518
f 5518 	5520 	5521
f 5521 	5520 	5522
f 5424 	5521 	5522
f 5424 	5522 	5523
f 5522 	5524 	5523
f 5419 	5523 	5524
f 5419 	5524 	5422
f 5525 	5422 	5524
f 5525 	5526 	5422
f 5527 	5422 	5526
f 5526 	5529 	5527
f 5527 	5528 	5488
f 5528 	5527 	5529
f 5528 	5529 	5490
f 5530 	5490 	5529
f 5529 	5531 	5530
f 5531 	5532 	5530
f 5530 	5532 	5497
f 5532 	5533 	5497
f 5534 	5497 	5533
f 5533 	5519 	5534
f 5536 	5499 	5535
f 5535 	5513 	5536
f 5513 	5535 	5519
f 5534 	5535 	5499
f 5503 	5499 	5536
f 5512 	5503 	5536
f 5535 	5534 	5519
f 5533 	5532 	5520
f 5531 	5520 	5532
f 5531 	5529 	5525
f 5525 	5522 	5531
f 5530 	5537 	5490
f 5537 	5530 	5496
f 5422 	5527 	5356
f 5485 	5356 	5527
f 5526 	5525 	5529
f 5523 	5419 	5538
f 5538 	5425 	5523
f 5524 	5522 	5525
f 5531 	5522 	5520
f 5533 	5520 	5519
f 5518 	5521 	5423
f 5515 	5519 	5517
f 5539 	5514 	5516
f 5348 	5539 	5516
f 5539 	5540 	5514
f 5539 	5541 	5540
f 5541 	5542 	5540
f 5543 	5540 	5542
f 5542 	5544 	5543
f 5509 	5543 	5544
f 5544 	5545 	5509
f 5545 	5544 	5546
f 5545 	5546 	5547
f 5545 	5547 	5548
f 5548 	5508 	5545
f 5508 	5548 	5549
f 5550 	5549 	5548
f 5550 	5548 	5551
f 5552 	5550 	5551
f 5552 	5551 	5553
f 5554 	5552 	5553
f 5553 	5386 	5554
f 5555 	5554 	5386
f 5555 	5386 	5556
f 5556 	5557 	5555
f 5557 	5560 	5555
f 5558 	5559 	5554
f 5559 	5558 	5560
f 5561 	5559 	5560
f 5560 	5557 	5561
f 5561 	5557 	5562
f 5562 	5367 	5561
f 5562 	5563 	5367
f 5563 	5562 	5564
f 5563 	5564 	5565
f 5563 	5565 	5566
f 5368 	5563 	5566
f 5368 	5566 	5373
f 5567 	5373 	5566
f 5567 	5566 	5568
f 5567 	5568 	5386
f 5375 	5567 	5386
f 5566 	5565 	5568
f 5568 	5565 	5569
f 5569 	5556 	5568
f 5565 	5556 	5569
f 5556 	5565 	5564
f 5557 	5564 	5562
f 5559 	5561 	5366
f 5552 	5559 	5366
f 5558 	5555 	5560
f 5556 	5564 	5557
f 5556 	5386 	5568
f 5558 	5554 	5555
f 5570 	5386 	5553
f 5571 	5386 	5570
f 5570 	5551 	5571
f 5572 	5594 	5547
f 5573 	5572 	5546
f 5546 	5574 	5573
f 5575 	5573 	5574
f 5576 	5575 	5574
f 5574 	5544 	5576
f 5576 	5577 	5575
f 5578 	5575 	5577
f 5579 	5578 	5577
f 5580 	5581 	5577
f 5579 	5577 	5581
f 5581 	5578 	5579
f 5581 	5582 	5578
f 5582 	5583 	5578
f 5584 	5578 	5583
f 5583 	5386 	5584
f 5585 	5584 	5386
f 5585 	5386 	5586
f 5586 	5584 	5585
f 5586 	5573 	5584
f 5582 	5386 	5583
f 5582 	5581 	5587
f 5582 	5587 	5387
f 5587 	5588 	5387
f 5588 	5589 	5387
f 5589 	5590 	5387
f 5590 	5591 	5387
f 5342 	5387 	5591
f 5592 	5342 	5591
f 5591 	5344 	5592
f 5590 	5346 	5591
f 5589 	5593 	5590
f 5346 	5590 	5593
f 5541 	5346 	5593
f 5593 	5580 	5541
f 5580 	5593 	5588
f 5593 	5589 	5588
f 5587 	5581 	5588
f 5580 	5588 	5581
f 5578 	5584 	5575
f 5577 	5576 	5580
f 5580 	5576 	5542
f 5573 	5575 	5584
f 5573 	5586 	5572
f 5594 	5572 	5586
f 5594 	5586 	5571
f 5571 	5547 	5594
f 5547 	5571 	5551
f 5586 	5386 	5571
f 5559 	5552 	5554
f 5570 	5553 	5551
f 5366 	5550 	5552
f 5365 	5549 	5550
f 5549 	5365 	5595
f 5549 	5595 	5507
f 5595 	5596 	5507
f 5484 	5596 	5595
f 5362 	5484 	5595
f 5548 	5547 	5551
f 5547 	5546 	5572
f 5574 	5546 	5544
f 5544 	5542 	5576
f 5540 	5543 	5511
f 5580 	5542 	5541
f 5541 	5539 	5347
f 5513 	5519 	5515
f 5540 	5511 	5514
f 5512 	5536 	5513
f 5512 	5510 	5504
f 5511 	5543 	5509
f 5509 	5545 	5508
f 5508 	5549 	5507
f 5505 	5507 	5596
f 5506 	5504 	5510
f 5596 	5502 	5505
f 5596 	5482 	5502
f 5503 	5512 	5504
f 5501 	5499 	5503
f 5534 	5499 	5497
f 5495 	5498 	5492
f 5497 	5496 	5530
f 5537 	5496 	5494
f 5494 	5491 	5537
f 5493 	5494 	5492
f 5537 	5491 	5490
f 5528 	5490 	5488
f 5488 	5485 	5527
f 5484 	5360 	5485
f 5482 	5596 	5484
f 5481 	5482 	5487
f 5482 	5481 	5502
f 5487 	5477 	5481
f 5477 	5487 	5597
f 5408 	5597 	5487
f 5597 	5408 	5470
f 5500 	5480 	5479
f 5492 	5479 	5478
f 5489 	5491 	5476
f 5477 	5597 	5474
f 5488 	5476 	5475
f 5475 	5473 	5488
f 5472 	5474 	5597
f 5473 	5471 	5486
f 5486 	5471 	5410
f 5471 	5598 	5410
f 5468 	5410 	5598
f 5468 	5599 	5410
f 5600 	5411 	5466
f 5599 	5466 	5411
f 5411 	5600 	5601
f 5600 	5465 	5601
f 5602 	5601 	5465
f 5603 	5602 	5465
f 5604 	5605 	5603
f 5604 	5603 	5463
f 5602 	5603 	5605
f 5604 	5606 	5605
f 5607 	5605 	5606
f 5608 	5607 	5606
f 5608 	5606 	5460
f 5608 	5609 	5607
f 5609 	5610 	5607
f 5611 	5607 	5610
f 5610 	5427 	5611
f 5612 	5611 	5427
f 5612 	5427 	5538
f 5538 	5416 	5612
f 5613 	5611 	5612
f 5612 	5414 	5613
f 5414 	5601 	5613
f 5601 	5602 	5613
f 5613 	5605 	5611
f 5614 	5428 	5610
f 5609 	5614 	5610
f 5609 	5453 	5614
f 5453 	5609 	5608
f 5607 	5611 	5605
f 5460 	5606 	5604
f 5605 	5613 	5602
f 5472 	5597 	5470
f 5469 	5598 	5471
f 5598 	5469 	5468
f 5599 	5468 	5466
f 5600 	5466 	5465
f 5464 	5603 	5465
f 5464 	5463 	5603
f 5463 	5460 	5604
f 5461 	5462 	5467
f 5467 	5459 	5461
f 5459 	5467 	5405
f 5608 	5460 	5458
f 5458 	5457 	5608
f 5457 	5401 	5456
f 5453 	5608 	5454
f 5614 	5453 	5435
f 5614 	5435 	5428
f 5396 	5436 	5452
f 5428 	5435 	5433
f 5438 	5432 	5434
f 5449 	5431 	5432
f 5428 	5433 	5429
f 5427 	5610 	5428
f 5425 	5538 	5427
f 5424 	5523 	5425
f 5424 	5423 	5521
f 5422 	5356 	5423
f 5421 	5426 	5417
f 5422 	5420 	5419
f 5418 	5538 	5419
f 5418 	5416 	5538
f 5414 	5612 	5416
f 5415 	5417 	5412
f 5601 	5414 	5413
f 5601 	5413 	5411
f 5358 	5412 	5430
f 5599 	5411 	5410
f 5486 	5410 	5409
f 5487 	5483 	5408
f 5406 	5470 	5408
f 5405 	5467 	5406
f 5405 	5403 	5459
f 5404 	5401 	5457
f 5403 	5407 	5402
f 5361 	5402 	5407
f 5400 	5402 	5363
f 5369 	5400 	5363
f 5456 	5401 	5398
f 5399 	5378 	5395
f 5378 	5399 	5372
f 5398 	5397 	5456
f 5396 	5455 	5397
f 5394 	5436 	5396
f 5437 	5394 	5393
f 5390 	5439 	5393
f 5451 	5441 	5388
f 5391 	5384 	5389
f 5388 	5387 	5451
f 5582 	5387 	5386
f 5385 	5376 	5386
f 5615 	5376 	5385
f 5615 	5385 	5616
f 5615 	5616 	5377
f 5382 	5616 	5385
f 5384 	5391 	5383
f 5392 	5381 	5383
f 5616 	5382 	5379
f 5381 	5392 	5380
f 5378 	5380 	5395
f 5616 	5379 	5377
f 5377 	5376 	5615
f 5375 	5386 	5376
f 5567 	5375 	5373
f 5374 	5378 	5372
f 5371 	5372 	5399
f 5369 	5371 	5400
f 5373 	5370 	5368
f 5368 	5367 	5563
f 5367 	5366 	5561
f 5550 	5366 	5365
f 5362 	5595 	5365
f 5364 	5369 	5363
f 5361 	5363 	5402
f 5360 	5484 	5362
f 5407 	5358 	5361
f 5359 	5485 	5360
f 5485 	5359 	5356
f 5358 	5430 	5357
f 5357 	5430 	5354
f 5355 	5423 	5356
f 5353 	5354 	5431
f 5450 	5352 	5353
f 5352 	5336 	5349
f 5355 	5351 	5350
f 5348 	5516 	5350
f 5345 	5349 	5336
f 5348 	5347 	5539
f 5346 	5541 	5347
f 5344 	5591 	5346
f 5345 	5336 	5339
f 5343 	5592 	5344
f 5592 	5343 	5342
f 5342 	5341 	5387
f 5341 	5338 	5447
f 5340 	5343 	5339
f 5337 	5447 	5338
f 5448 	5337 	5336
f 5335 	5339 	5336
# 568 faces

 #end of obj_6

o obj_7
v 64.3071 		76.9589 		51.563
v 64.8391 		73.596 		51.563
v 65.0231 		74.755 		51.563
v 64.8391 		75.914 		51.563
v 64.8401 		75.914 		51.563
v 64.8401 		75.914 		35.352
v 65.0231 		74.755 		35.352
v 64.8401 		73.596 		51.563
v 64.8401 		73.596 		35.352
v 64.6021 		73.673 		34.3
v 64.7731 		74.755 		34.3
v 64.1041 		72.6981 		34.3
v 64.6021 		75.836 		34.3
v 64.1041 		76.8119 		34.3
v 64.3071 		76.9589 		35.352
v 63.3301 		77.5859 		34.3
v 63.4771 		77.7889 		35.352
v 62.4321 		78.3209 		35.352
v 62.3551 		78.0829 		34.3
v 62.0261 		71.3741 		34.3
v 62.0261 		78.1352 		34.3
v 62.0261 		78.3853 		35.352
v 62.0261 		71.124 		35.352
v 62.4321 		71.1881 		35.352
v 62.3551 		71.4261 		34.3
v 63.4771 		71.7211 		35.352
v 63.3301 		71.9241 		34.3
v 64.3071 		72.5511 		35.352
v 63.4771 		71.7211 		51.563
v 64.3071 		72.5511 		51.563
v 62.0261 		71.1244 		51.568
v 62.0261 		71.1247 		51.563
v 62.0261 		72.1011 		51.568
v 62.0261 		71.124 		51.563
v 62.4321 		71.1881 		51.563
v 62.4321 		71.1891 		51.563
v 61.2731 		71.0048 		51.568
v 60.5201 		72.1011 		51.568
v 60.5201 		71.1244 		51.568
v 60.1141 		71.1891 		51.563
v 59.0691 		71.7211 		51.563
v 60.1141 		71.1881 		51.563
v 60.1141 		71.1881 		35.352
v 60.5201 		71.124 		51.563
v 60.5201 		71.1247 		51.563
v 60.5201 		71.124 		35.352
v 60.5201 		78.3853 		35.352
v 60.5201 		78.3853 		51.563
v 60.1141 		78.3209 		35.352
v 60.1141 		78.3209 		51.563
v 59.0691 		77.7889 		35.352
v 60.1921 		78.0829 		34.3
v 59.2161 		77.5859 		34.3
v 60.5201 		71.3742 		34.3
v 58.4421 		76.8119 		34.3
v 57.9451 		75.836 		34.3
v 57.7071 		75.914 		35.352
v 58.2391 		76.9589 		35.352
v 57.7071 		75.914 		51.563
v 58.2391 		76.9589 		51.563
v 57.5231 		74.755 		51.563
v 57.7071 		73.596 		51.563
v 58.2391 		72.5511 		51.563
v 57.7071 		73.596 		35.352
v 58.2391 		72.5511 		35.352
v 59.0691 		71.7211 		35.352
v 58.4421 		72.6981 		34.3
v 59.2161 		71.9241 		34.3
v 57.9451 		73.673 		34.3
v 57.7731 		74.755 		34.3
v 57.5231 		74.755 		35.352
v 60.1921 		71.4261 		34.3
v 60.5201 		78.1351 		34.3
v 57.4175 		74.6652 		53.478
v 57.3981 		74.755 		53.478
v 57.5881 		75.952 		53.478
v 57.5932 		75.9511 		53.478
v 58.1381 		77.0329 		53.478
v 58.1424 		77.0295 		53.478
v 58.9985 		77.8857 		53.478
v 58.9951 		77.8899 		53.478
v 58.9951 		77.8899 		56.093
v 60.0761 		78.4399 		53.478
v 60.077 		78.4348 		53.478
v 61.2731 		78.6299 		53.478
v 61.3629 		78.6105 		53.478
v 62.4701 		78.4399 		53.478
v 62.4693 		78.4348 		53.478
v 64.953 		75.9511 		53.478
v 65.1288 		74.6652 		53.478
v 65.1481 		74.755 		53.478
v 64.9581 		73.557 		53.478
v 65.1481 		74.755 		56.093
v 64.9581 		73.557 		56.093
v 68.1681 		72.5151 		56.093
v 64.4081 		72.4771 		56.093
v 64.4081 		72.4771 		53.478
v 63.5511 		71.6201 		53.478
v 64.4039 		72.4805 		53.478
v 64.953 		73.5589 		53.478
v 63.5477 		71.6244 		53.478
v 61.2731 		70.8801 		53.478
v 61.1833 		70.8995 		53.478
v 60.0761 		71.0701 		53.478
v 60.077 		71.0752 		53.478
v 58.9951 		71.6201 		53.478
v 60.0761 		71.0701 		56.093
v 58.9951 		71.6201 		56.093
v 59.0331 		67.8602 		56.093
v 57.0121 		68.8902 		56.093
v 59.0331 		67.8602 		57.205
v 57.0121 		68.8902 		57.205
v 55.4081 		70.4941 		57.205
v 55.4081 		70.4941 		56.093
v 54.3781 		72.5151 		57.205
v 54.3781 		72.5151 		56.093
v 58.1381 		72.4771 		56.093
v 58.1381 		72.4771 		53.478
v 57.5881 		73.557 		53.478
v 58.1424 		72.4805 		53.478
v 58.9985 		71.6244 		53.478
v 57.5932 		73.5589 		53.478
v 57.5881 		73.557 		56.093
v 57.3981 		74.755 		56.093
v 57.5881 		75.952 		56.093
v 54.3781 		76.9949 		56.093
v 58.1381 		77.0329 		56.093
v 55.4081 		79.0159 		56.093
v 55.4081 		79.0159 		57.205
v 57.0121 		80.6198 		57.205
v 57.0121 		80.6198 		56.093
v 59.0331 		81.6498 		56.093
v 60.0761 		78.4399 		56.093
v 61.2731 		78.6299 		56.093
v 61.2731 		82.0048 		56.093
v 63.5131 		81.6498 		56.093
v 62.4701 		78.4399 		56.093
v 63.5511 		77.8899 		56.093
v 63.5511 		77.8899 		53.478
v 64.4081 		77.0329 		53.478
v 63.5477 		77.8857 		53.478
v 64.4039 		77.0295 		53.478
v 64.9581 		75.952 		53.478
v 64.9581 		75.952 		56.093
v 64.4081 		77.0329 		56.093
v 68.1681 		76.9949 		56.093
v 68.5231 		74.755 		56.093
v 68.5231 		74.755 		57.205
v 68.1681 		72.5151 		57.205
v 67.1381 		70.4941 		57.205
v 67.1381 		70.4941 		56.093
v 65.5341 		68.8902 		56.093
v 65.5341 		68.8902 		57.205
v 63.5131 		67.8602 		57.205
v 63.5511 		71.6201 		57.205
v 62.4701 		71.0701 		57.205
v 63.5511 		71.6201 		64.75
v 62.4701 		71.0701 		64.75
v 61.2731 		70.8801 		57.205
v 61.2731 		70.8801 		64.75
v 62.3911 		71.3161 		65.801
v 61.2731 		71.1391 		65.801
v 60.0761 		71.0701 		64.75
v 60.0761 		71.0701 		57.205
v 58.9951 		71.6201 		64.75
v 58.9951 		71.6201 		57.205
v 61.2731 		67.5052 		57.205
v 63.5131 		67.8602 		56.093
v 61.2731 		67.5052 		56.093
v 61.2731 		70.8801 		56.093
v 62.4701 		71.0701 		56.093
v 63.5511 		71.6201 		56.093
v 62.4701 		71.0701 		53.478
v 62.4693 		71.0752 		53.478
v 58.1381 		72.4771 		57.205
v 58.1381 		72.4771 		64.75
v 58.3471 		72.6291 		65.801
v 57.5881 		73.557 		64.75
v 57.5881 		73.557 		57.205
v 57.3981 		74.755 		64.75
v 57.3981 		74.755 		57.205
v 57.5881 		75.952 		57.205
v 57.5881 		75.952 		64.75
v 58.1381 		77.0329 		57.205
v 54.3781 		76.9949 		57.205
v 58.9951 		77.8899 		57.205
v 58.1381 		77.0329 		64.75
v 58.9951 		77.8899 		64.75
v 58.3471 		76.8809 		65.801
v 59.1471 		77.6809 		65.801
v 64.7121 		73.637 		65.801
v 60.1551 		78.1939 		65.801
v 60.0761 		78.4399 		64.75
v 61.2731 		78.6299 		64.75
v 60.0761 		78.4399 		57.205
v 61.2731 		78.6299 		57.205
v 59.0331 		81.6498 		57.205
v 61.2731 		82.0048 		57.205
v 63.5131 		81.6498 		57.205
v 65.5341 		80.6198 		56.093
v 65.5341 		80.6198 		57.205
v 67.1381 		79.0159 		56.093
v 67.1381 		79.0159 		57.205
v 68.1681 		76.9949 		57.205
v 64.4081 		77.0329 		57.205
v 64.9581 		75.952 		57.205
v 64.4081 		77.0329 		64.75
v 64.9581 		75.952 		64.75
v 65.1481 		74.755 		64.75
v 65.1481 		74.755 		57.205
v 64.9581 		73.557 		57.205
v 64.4081 		72.4771 		57.205
v 64.4081 		72.4771 		64.75
v 64.9581 		73.557 		64.75
v 64.1991 		72.6291 		65.801
v 63.3991 		71.8291 		65.801
v 64.8891 		74.755 		65.801
v 64.7121 		75.872 		65.801
v 64.1991 		76.8809 		65.801
v 63.3991 		77.6809 		65.801
v 62.3911 		78.1939 		65.801
v 61.2731 		78.3709 		65.801
v 62.4701 		78.4399 		64.75
v 62.4701 		78.4399 		57.205
v 63.5511 		77.8899 		57.205
v 63.5511 		77.8899 		64.75
v 57.8341 		75.872 		65.801
v 57.6571 		74.755 		65.801
v 57.8341 		73.637 		65.801
v 59.1471 		71.8291 		65.801
v 60.1551 		71.3161 		65.801
v 54.0231 		74.755 		57.205
v 54.0231 		74.755 		56.093
v 59.0691 		77.7889 		51.563
v 60.5201 		78.3856 		51.568
v 61.2731 		78.5052 		51.568
v 62.0261 		78.3856 		51.568
v 62.4321 		78.3209 		51.563
v 62.0261 		78.3853 		51.563
v 63.4771 		77.7889 		51.563
# 240 vertices

g group_7_16089887

usemtl color_16089887
s 0

f 5854 	5853 	5704
f 5705 	5620 	5617
f 5852 	5851 	5700
f 5852 	5702 	5853
f 5690 	5675 	5677
f 5700 	5702 	5852
f 5704 	5853 	5702
f 5705 	5617 	5758
f 5619 	5620 	5706
f 5716 	5618 	5706
f 5618 	5716 	5646
f 5621 	5620 	5619
f 5622 	5621 	5619
f 5623 	5622 	5619
f 5619 	5624 	5623
f 5623 	5624 	5625
f 5626 	5627 	5625
f 5623 	5625 	5627
f 5626 	5628 	5627
f 5629 	5627 	5628
f 5629 	5628 	5630
f 5630 	5631 	5629
f 5631 	5622 	5629
f 5632 	5633 	5630
f 5631 	5630 	5633
f 5632 	5635 	5633
f 5634 	5633 	5635
f 5636 	5635 	5632
f 5636 	5637 	5635
f 5636 	5639 	5637
f 5638 	5637 	5639
f 5639 	5636 	5640
f 5642 	5640 	5641
f 5643 	5642 	5641
f 5641 	5630 	5643
f 5636 	5630 	5641
f 5643 	5628 	5642
f 5644 	5642 	5628
f 5628 	5626 	5644
f 5642 	5644 	5645
f 5646 	5645 	5644
f 5644 	5624 	5646
f 5618 	5646 	5624
f 5648 	5652 	5647
f 5647 	5649 	5648
f 5648 	5649 	5639
f 5650 	5648 	5639
f 5650 	5639 	5651
f 5651 	5648 	5650
f 5651 	5652 	5648
f 5645 	5652 	5651
f 5651 	5640 	5645
f 5647 	5653 	5649
f 5654 	5649 	5653
f 5655 	5654 	5653
f 5658 	5656 	5657
f 5658 	5657 	5659
f 5658 	5659 	5660
f 5660 	5661 	5658
f 5660 	5662 	5661
f 5661 	5662 	5654
f 5662 	5663 	5654
f 5664 	5654 	5663
f 5663 	5665 	5664
f 5666 	5664 	5665
f 5667 	5666 	5665
f 5668 	5669 	5665
f 5667 	5665 	5669
f 5668 	5670 	5669
f 5671 	5669 	5670
f 5670 	5672 	5671
f 5672 	5673 	5671
f 5673 	5674 	5671
f 5674 	5673 	5675
f 5676 	5674 	5675
f 5678 	5680 	5679
f 5680 	5681 	5679
f 5682 	5679 	5681
f 5681 	5683 	5682
f 5684 	5682 	5683
f 5670 	5684 	5683
f 5670 	5683 	5685
f 5670 	5685 	5686
f 5685 	5680 	5686
f 5680 	5687 	5686
f 5686 	5687 	5672
f 5670 	5688 	5684
f 5659 	5682 	5688
f 5670 	5662 	5688
f 5659 	5688 	5662
f 5670 	5689 	5662
f 5663 	5662 	5689
f 5668 	5663 	5689
f 5684 	5688 	5682
f 5683 	5681 	5685
f 5682 	5657 	5679
f 5850 	5676 	5696
f 5695 	5696 	5676
f 5678 	5738 	5677
f 5721 	5657 	5656
f 5719 	5647 	5790
f 5652 	5790 	5647
f 5653 	5719 	5655
f 5738 	5678 	5679
f 5719 	5721 	5655
f 5653 	5647 	5719
f 5790 	5652 	5645
f 5717 	5790 	5645
f 5717 	5645 	5715
f 5737 	5657 	5721
f 5657 	5737 	5679
f 5679 	5736 	5738
f 5695 	5676 	5693
f 5692 	5693 	5691
f 5690 	5691 	5693
f 5692 	5694 	5693
f 5695 	5693 	5694
f 5694 	5697 	5695
f 5696 	5695 	5697
f 5697 	5694 	5698
f 5697 	5698 	5699
f 5699 	5700 	5697
f 5699 	5701 	5700
f 5702 	5700 	5701
f 5701 	5703 	5702
f 5704 	5702 	5703
f 5708 	5706 	5707
f 5707 	5709 	5708
f 5710 	5708 	5709
f 5710 	5709 	5711
f 5711 	5767 	5710
f 5710 	5712 	5713
f 5713 	5712 	5714
f 5713 	5714 	5715
f 5716 	5708 	5715
f 5713 	5715 	5708
f 5718 	5720 	5719
f 5721 	5719 	5720
f 5722 	5721 	5720
f 5722 	5720 	5723
f 5724 	5722 	5723
f 5723 	5725 	5724
f 5726 	5724 	5725
f 5725 	5727 	5726
f 5727 	5728 	5726
f 5726 	5728 	5729
f 5726 	5729 	5730
f 5730 	5729 	5731
f 5730 	5731 	5732
f 5732 	5739 	5730
f 5724 	5726 	5733
f 5733 	5734 	5724
f 5734 	5733 	5735
f 5738 	5736 	5735
f 5734 	5735 	5736
f 5737 	5722 	5736
f 5734 	5736 	5722
f 5738 	5735 	5690
f 5739 	5735 	5733
f 5735 	5739 	5740
f 5691 	5735 	5740
f 5691 	5740 	5741
f 5740 	5742 	5741
f 5741 	5742 	5743
f 5741 	5743 	5692
f 5744 	5743 	5742
f 5742 	5745 	5744
f 5744 	5745 	5746
f 5744 	5746 	5747
f 5698 	5743 	5747
f 5748 	5698 	5747
f 5749 	5698 	5748
f 5750 	5749 	5748
f 5748 	5751 	5750
f 5751 	5752 	5750
f 5753 	5750 	5752
f 5753 	5752 	5754
f 5754 	5755 	5753
f 5703 	5753 	5755
f 5755 	5754 	5756
f 5756 	5758 	5755
f 5757 	5755 	5758
f 5705 	5758 	5756
f 5756 	5759 	5705
f 5759 	5756 	5760
f 5760 	5707 	5759
f 5707 	5705 	5759
f 5761 	5760 	5756
f 5760 	5761 	5762
f 5709 	5760 	5762
f 5762 	5763 	5709
f 5762 	5764 	5763
f 5763 	5764 	5765
f 5763 	5765 	5711
f 5711 	5765 	5766
f 5711 	5766 	5767
f 5768 	5767 	5766
f 5768 	5766 	5769
f 5770 	5768 	5769
f 5771 	5770 	5769
f 5772 	5770 	5771
f 5771 	5773 	5772
f 5773 	5774 	5772
f 5772 	5774 	5775
f 5776 	5775 	5774
f 5777 	5778 	5774
f 5776 	5774 	5778
f 5778 	5779 	5776
f 5779 	5780 	5776
f 5780 	5779 	5781
f 5781 	5782 	5780
f 5780 	5782 	5727
f 5775 	5780 	5727
f 5727 	5783 	5775
f 5770 	5775 	5783
f 5784 	5770 	5783
f 5784 	5783 	5785
f 5784 	5785 	5786
f 5786 	5787 	5784
f 5787 	5788 	5784
f 5768 	5784 	5788
f 5787 	5789 	5788
f 5789 	5714 	5788
f 5789 	5790 	5714
f 5789 	5718 	5790
f 5789 	5787 	5718
f 5787 	5786 	5718
f 5786 	5723 	5718
f 5725 	5786 	5785
f 5783 	5725 	5785
f 5782 	5781 	5791
f 5729 	5728 	5791
f 5792 	5791 	5781
f 5792 	5781 	5793
f 5792 	5793 	5794
f 5794 	5795 	5792
f 5795 	5794 	5796
f 5797 	5795 	5796
f 5798 	5797 	5796
f 5798 	5796 	5799
f 5798 	5799 	5800
f 5798 	5800 	5801
f 5745 	5801 	5800
f 5802 	5746 	5800
f 5800 	5803 	5802
f 5804 	5802 	5803
f 5803 	5805 	5804
f 5806 	5804 	5805
f 5806 	5805 	5807
f 5806 	5807 	5808
f 5809 	5804 	5808
f 5808 	5838 	5809
f 5811 	5809 	5810
f 5810 	5812 	5811
f 5811 	5812 	5813
f 5811 	5813 	5802
f 5746 	5802 	5813
f 5813 	5748 	5746
f 5813 	5814 	5748
f 5814 	5813 	5812
f 5814 	5812 	5815
f 5752 	5814 	5815
f 5816 	5752 	5815
f 5816 	5815 	5817
f 5818 	5816 	5817
f 5818 	5817 	5819
f 5818 	5819 	5762
f 5820 	5762 	5819
f 5820 	5819 	5821
f 5822 	5820 	5821
f 5821 	5823 	5822
f 5822 	5823 	5824
f 5822 	5824 	5825
f 5826 	5822 	5825
f 5826 	5825 	5827
f 5826 	5827 	5765
f 5828 	5766 	5827
f 5828 	5827 	5829
f 5771 	5828 	5829
f 5771 	5769 	5828
f 5830 	5829 	5827
f 5807 	5831 	5830
f 5829 	5830 	5831
f 5829 	5831 	5773
f 5832 	5773 	5831
f 5832 	5831 	5807
f 5832 	5807 	5777
f 5830 	5825 	5807
f 5833 	5807 	5825
f 5825 	5824 	5833
f 5807 	5833 	5834
f 5834 	5835 	5807
f 5835 	5836 	5807
f 5836 	5837 	5807
f 5837 	5838 	5807
f 5838 	5837 	5839
f 5810 	5838 	5839
f 5840 	5810 	5839
f 5841 	5840 	5839
f 5841 	5839 	5842
f 5841 	5842 	5823
f 5823 	5842 	5835
f 5840 	5841 	5815
f 5839 	5837 	5842
f 5837 	5836 	5842
f 5836 	5835 	5842
f 5835 	5834 	5824
f 5830 	5827 	5825
f 5834 	5833 	5824
f 5823 	5835 	5824
f 5821 	5841 	5823
f 5822 	5826 	5820
f 5820 	5826 	5764
f 5819 	5817 	5821
f 5841 	5821 	5817
f 5818 	5761 	5816
f 5754 	5816 	5761
f 5817 	5815 	5841
f 5840 	5815 	5812
f 5810 	5840 	5812
f 5811 	5804 	5809
f 5810 	5809 	5838
f 5838 	5808 	5807
f 5843 	5807 	5805
f 5843 	5844 	5807
f 5845 	5807 	5844
f 5845 	5844 	5796
f 5793 	5807 	5845
f 5846 	5807 	5793
f 5847 	5807 	5846
f 5847 	5846 	5781
f 5807 	5847 	5778
f 5844 	5843 	5799
f 5843 	5805 	5799
f 5806 	5808 	5804
f 5803 	5799 	5805
f 5811 	5802 	5804
f 5803 	5800 	5799
f 5796 	5844 	5799
f 5798 	5801 	5797
f 5848 	5797 	5801
f 5849 	5848 	5801
f 5849 	5801 	5742
f 5732 	5848 	5849
f 5732 	5849 	5740
f 5848 	5731 	5797
f 5795 	5797 	5731
f 5731 	5729 	5795
f 5796 	5794 	5845
f 5793 	5845 	5794
f 5846 	5793 	5781
f 5791 	5792 	5795
f 5779 	5847 	5781
f 5778 	5847 	5779
f 5778 	5777 	5807
f 5774 	5773 	5777
f 5775 	5776 	5780
f 5832 	5777 	5773
f 5771 	5829 	5773
f 5775 	5770 	5772
f 5768 	5770 	5784
f 5766 	5828 	5769
f 5788 	5712 	5768
f 5767 	5768 	5712
f 5765 	5827 	5766
f 5765 	5764 	5826
f 5762 	5820 	5764
f 5762 	5761 	5818
f 5757 	5704 	5755
f 5754 	5761 	5756
f 5816 	5754 	5752
f 5753 	5701 	5750
f 5752 	5751 	5814
f 5751 	5748 	5814
f 5749 	5750 	5699
f 5746 	5748 	5747
f 5745 	5800 	5746
f 5742 	5801 	5745
f 5744 	5747 	5743
f 5742 	5740 	5849
f 5740 	5739 	5732
f 5733 	5730 	5739
f 5732 	5731 	5848
f 5791 	5795 	5729
f 5782 	5791 	5728
f 5727 	5782 	5728
f 5783 	5727 	5725
f 5730 	5733 	5726
f 5786 	5725 	5723
f 5734 	5722 	5724
f 5737 	5721 	5722
f 5718 	5723 	5720
f 5719 	5790 	5718
f 5717 	5714 	5790
f 5715 	5714 	5717
f 5712 	5788 	5714
f 5712 	5710 	5767
f 5763 	5711 	5709
f 5708 	5710 	5713
f 5709 	5707 	5760
f 5716 	5706 	5708
f 5706 	5705 	5707
f 5755 	5704 	5703
f 5701 	5753 	5703
f 5699 	5750 	5701
f 5699 	5698 	5749
f 5698 	5694 	5743
f 5696 	5697 	5700
f 5692 	5743 	5694
f 5692 	5691 	5741
f 5735 	5691 	5690
f 5693 	5675 	5690
f 5679 	5737 	5736
f 5656 	5655 	5721
f 5675 	5693 	5676
f 5854 	5855 	5853
f 5855 	5649 	5853
f 5855 	5638 	5649
f 5638 	5855 	5634
f 5854 	5634 	5855
f 5853 	5649 	5852
f 5851 	5852 	5649
f 5681 	5680 	5685
f 5680 	5678 	5687
f 5677 	5687 	5678
f 5673 	5687 	5677
f 5676 	5850 	5674
f 5667 	5674 	5850
f 5675 	5673 	5677
f 5687 	5673 	5672
f 5670 	5686 	5672
f 5674 	5667 	5671
f 5689 	5670 	5668
f 5669 	5671 	5667
f 5668 	5665 	5663
f 5850 	5666 	5667
f 5664 	5666 	5851
f 5664 	5851 	5654
f 5659 	5662 	5660
f 5682 	5659 	5657
f 5656 	5658 	5661
f 5661 	5655 	5656
f 5654 	5655 	5661
f 5851 	5649 	5654
f 5642 	5645 	5640
f 5640 	5651 	5639
f 5638 	5639 	5649
f 5637 	5638 	5634
f 5641 	5640 	5636
f 5637 	5634 	5635
f 5634 	5854 	5633
f 5856 	5633 	5854
f 5631 	5633 	5856
f 5856 	5617 	5631
f 5617 	5621 	5631
f 5636 	5632 	5630
f 5643 	5630 	5628
f 5622 	5623 	5629
f 5625 	5644 	5626
f 5644 	5625 	5624
f 5627 	5629 	5623
f 5622 	5631 	5621
f 5617 	5620 	5621
f 5618 	5624 	5619
f 5646 	5715 	5645
f 5705 	5706 	5620
f 5715 	5646 	5716
f 5619 	5706 	5618
f 5617 	5757 	5758
f 5677 	5738 	5690
f 5696 	5700 	5850
f 5666 	5850 	5700
f 5666 	5700 	5851
f 5856 	5757 	5617
f 5757 	5856 	5704
f 5854 	5704 	5856
# 476 faces

 #end of obj_7

o obj_8
v 68.4301 		78.887 		70.198
v 66.7211 		69.307 		60.2
v 66.8831 		80.194 		70.198
v 66.8381 		80.215 		70.198
v 66.7571 		69.34 		60.2
v 66.7961 		80.24 		70.198
v 66.7961 		69.37 		60.2
v 66.7571 		80.27 		70.198
v 66.7211 		80.303 		70.198
v 66.8381 		69.395 		60.2
v 66.6881 		80.339 		70.198
v 66.6581 		80.378 		70.198
v 66.6331 		80.42 		70.198
v 66.6121 		80.465 		70.198
v 66.5961 		80.511 		70.198
v 66.5841 		80.559 		70.198
v 67.1537 		80.1634 		70.198
v 67.1231 		80.159 		70.198
v 67.0741 		80.156 		70.198
v 67.0251 		80.159 		70.198
v 66.9771 		80.166 		70.198
v 66.9291 		80.178 		70.198
v 66.5771 		80.607 		70.198
v 66.5741 		80.656 		70.198
v 66.5771 		80.705 		70.198
v 66.5815 		80.7356 		70.198
v 53.4911 		72.401 		60.2
v 53.4511 		72.374 		60.2
v 53.4071 		72.351 		60.2
v 53.3621 		72.332 		60.2
v 53.3151 		72.318 		60.2
v 53.6891 		72.876 		60.2
v 53.6931 		72.827 		60.2
v 53.6891 		72.729 		60.2
v 53.6931 		72.778 		60.2
v 53.6791 		72.681 		60.2
v 53.6651 		72.634 		60.2
v 53.6461 		72.589 		60.2
v 53.6231 		72.546 		60.2
v 53.5951 		72.505 		60.2
v 53.5641 		72.467 		60.2
v 53.5291 		72.432 		60.2
v 53.0731 		73.288 		60.2
v 53.1211 		73.298 		60.2
v 53.1701 		73.303 		60.2
v 53.2681 		73.298 		60.2
v 53.2191 		73.303 		60.2
v 53.3161 		73.288 		60.2
v 53.3631 		73.274 		60.2
v 53.4081 		73.255 		60.2
v 53.4521 		73.232 		60.2
v 53.4921 		73.204 		60.2
v 53.5301 		73.173 		60.2
v 53.5651 		73.139 		60.2
v 53.5961 		73.101 		60.2
v 53.6231 		73.06 		60.2
v 53.6461 		73.016 		60.2
v 53.6651 		72.971 		60.2
v 53.6791 		72.924 		60.2
v 53.6931 		72.827 		70.198
v 53.6931 		72.778 		70.198
v 66.8831 		69.416 		60.2
v 63.2831 		82.304 		70.198
v 66.9291 		69.432 		60.2
v 63.2351 		82.315 		70.198
v 63.1891 		82.33 		70.198
v 63.1441 		82.349 		70.198
v 63.1011 		82.373 		70.198
v 63.0601 		82.401 		70.198
v 63.0231 		82.433 		70.198
v 62.9891 		82.468 		70.198
v 62.9581 		82.507 		70.198
v 62.9321 		82.548 		70.198
v 62.9152 		82.5797 		70.198
v 63.645 		82.384 		70.198
v 63.6151 		82.365 		70.198
v 63.5711 		82.342 		70.198
v 63.5251 		82.324 		70.198
v 63.4781 		82.311 		70.198
v 63.4301 		82.302 		70.198
v 63.3811 		82.298 		70.198
v 63.3321 		82.299 		70.198
v 65.4051 		81.912 		70.198
v 61.2731 		83.02 		70.198
v 62.7369 		66.8825 		70.198
v 63.5946 		67.1125 		70.198
v 66.9771 		69.444 		60.2
v 67.0251 		69.451 		60.2
v 65.4051 		67.598 		70.198
v 61.2731 		66.49 		70.198
v 67.0741 		69.454 		60.2
v 69.1169 		76.3259 		70.198
v 67.1231 		69.451 		60.2
v 67.1721 		69.444 		60.2
v 67.2191 		69.432 		60.2
v 68.8945 		77.1553 		70.198
v 67.2661 		69.416 		60.2
v 67.3101 		69.395 		60.2
v 67.3521 		69.37 		60.2
v 67.3911 		69.34 		60.2
v 69.5381 		74.755 		70.198
v 69.0831 		76.336 		70.198
v 67.4281 		69.307 		60.2
v 69.0381 		76.355 		70.198
v 68.9941 		76.378 		70.198
v 68.9541 		76.406 		70.198
v 68.9161 		76.437 		70.198
v 68.8811 		76.471 		70.198
v 68.8501 		76.509 		70.198
v 68.8231 		76.55 		70.198
v 68.8001 		76.594 		70.198
v 68.7811 		76.639 		70.198
v 68.7671 		76.686 		70.198
v 68.7571 		76.734 		70.198
v 68.7531 		76.783 		70.198
v 68.7531 		76.832 		70.198
v 68.7571 		76.881 		70.198
v 68.7671 		76.929 		70.198
v 68.7811 		76.976 		70.198
v 68.8001 		77.021 		70.198
v 68.8231 		77.064 		70.198
v 68.8511 		77.105 		70.198
v 68.8821 		77.143 		70.198
v 68.8783 		72.2945 		70.198
v 68.8741 		72.298 		70.198
v 68.8401 		72.334 		70.198
v 68.8091 		72.372 		70.198
v 68.7831 		72.413 		70.198
v 68.7601 		72.457 		70.198
v 68.7421 		72.503 		70.198
v 68.7291 		72.55 		70.198
v 68.7201 		72.598 		70.198
v 68.7161 		72.647 		70.198
v 68.7171 		72.696 		70.198
v 68.7221 		72.745 		70.198
v 68.7331 		72.793 		70.198
v 62.7251 		66.752 		60.2
v 68.7481 		72.839 		70.198
v 62.7251 		66.801 		60.2
v 68.7671 		72.884 		70.198
v 61.2731 		84.755 		60.2
v 59.3836 		84.2486 		60.2
v 58.4178 		83.9898 		60.2
v 59.3836 		84.2486 		68.896
v 61.2731 		84.755 		68.896
v 68.7911 		72.927 		70.198
v 58.4178 		83.9898 		68.896
v 68.8191 		72.968 		70.198
v 56.2731 		83.415 		60.2
v 56.2731 		83.415 		68.896
v 54.7966 		81.9385 		60.2
v 54.7966 		81.9385 		68.896
v 68.8511 		73.005 		70.198
v 54.0896 		81.2315 		68.896
v 54.0896 		81.2315 		60.2
v 68.8861 		73.039 		70.198
v 52.6131 		79.755 		60.2
v 52.6131 		79.755 		68.896
v 52.0818 		77.7725 		60.2
v 52.0818 		77.7725 		68.896
v 68.9251 		73.07 		70.198
v 59.5525 		83.5711 		69.4382
v 59.7061 		82.955 		69.9315
v 58.7361 		82.713 		69.9179
v 68.9661 		73.096 		70.198
v 58.673 		82.966 		69.7153
v 58.9693 		82.4022 		70.198
v 58.9641 		82.405 		70.1949
v 69.0091 		73.119 		70.198
v 58.9231 		82.433 		70.1656
v 58.8851 		82.464 		70.1347
v 69.0551 		73.137 		70.198
v 58.8501 		82.499 		70.1014
v 69.1021 		73.15 		70.198
v 58.8191 		82.537 		70.0666
v 58.7921 		82.577 		70.0312
v 58.7691 		82.621 		69.9935
v 69.108 		73.1511 		70.198
v 58.7501 		82.666 		69.956
v 59.6731 		82.62 		70.1762
v 59.6555 		82.5862 		70.198
v 59.7161 		82.907 		69.9695
v 59.7211 		82.858 		70.0073
v 59.7211 		82.809 		70.044
v 59.7161 		82.76 		70.0798
v 59.7061 		82.712 		70.1138
v 62.7251 		70.753 		70.198
v 62.7401 		66.898 		70.198
v 62.7541 		66.945 		70.198
v 62.7731 		66.99 		70.198
v 62.7961 		67.034 		70.198
v 62.8241 		67.074 		70.198
v 62.8551 		67.112 		70.198
v 62.8891 		67.147 		70.198
v 62.9271 		67.178 		70.198
v 62.9681 		67.205 		70.198
v 63.0121 		67.228 		70.198
v 63.0571 		67.247 		70.198
v 63.1041 		67.261 		70.198
v 63.1521 		67.271 		70.198
v 63.2011 		67.275 		70.198
v 63.2501 		67.275 		70.198
v 63.2991 		67.271 		70.198
v 63.3471 		67.261 		70.198
v 63.3941 		67.247 		70.198
v 63.4391 		67.228 		70.198
v 63.4821 		67.205 		70.198
v 63.5231 		67.177 		70.198
v 63.5611 		67.146 		70.198
v 66.6012 		68.7941 		70.198
v 66.5961 		68.809 		70.198
v 66.5841 		68.856 		70.198
v 66.5771 		68.905 		70.198
v 66.5741 		68.954 		70.198
v 66.5771 		69.003 		70.198
v 66.5841 		69.051 		70.198
v 66.5961 		69.099 		70.198
v 66.6121 		69.145 		70.198
v 66.6331 		69.19 		70.198
v 66.6581 		69.232 		70.198
v 66.6881 		69.271 		70.198
v 66.7211 		69.307 		70.198
v 66.7571 		69.34 		70.198
v 66.7961 		69.37 		70.198
v 66.8381 		69.395 		70.198
v 66.8831 		69.416 		70.198
v 66.9291 		69.432 		70.198
v 66.9771 		69.444 		70.198
v 67.0251 		69.451 		70.198
v 67.0741 		69.454 		70.198
v 67.1231 		69.451 		70.198
v 67.1721 		69.444 		70.198
v 67.2191 		69.432 		70.198
v 67.234 		69.4269 		70.198
v 68.4301 		70.623 		70.198
v 57.1411 		81.912 		70.198
v 59.1961 		82.335 		70.198
v 59.1471 		82.339 		70.198
v 59.0991 		82.349 		70.198
v 59.0521 		82.363 		70.198
v 59.0071 		82.382 		70.198
v 59.6501 		82.576 		70.198
v 59.6221 		82.536 		70.198
v 59.5911 		82.498 		70.198
v 59.5571 		82.463 		70.198
v 59.5191 		82.432 		70.198
v 59.4781 		82.405 		70.198
v 59.4341 		82.382 		70.198
v 59.3891 		82.363 		70.198
v 59.3421 		82.349 		70.198
v 59.2941 		82.339 		70.198
v 59.2451 		82.335 		70.198
v 55.6081 		80.215 		70.198
v 55.5631 		80.194 		70.198
v 55.5171 		80.178 		70.198
v 55.4691 		80.166 		70.198
v 55.4211 		80.159 		70.198
v 55.386 		80.1568 		70.198
v 55.8621 		80.559 		70.198
v 55.8501 		80.511 		70.198
v 55.8341 		80.465 		70.198
v 55.8131 		80.42 		70.198
v 55.7881 		80.378 		70.198
v 55.7581 		80.339 		70.198
v 55.7251 		80.303 		70.198
v 55.6891 		80.27 		70.198
v 55.6501 		80.24 		70.198
v 55.8713 		80.6422 		70.198
v 55.8691 		80.607 		70.198
v 54.1161 		78.887 		70.198
v 53.6068 		72.5222 		70.198
v 53.4107 		73.2536 		70.198
v 53.0081 		74.755 		70.198
v 54.1161 		70.623 		70.198
v 53.6891 		72.876 		70.198
v 53.6891 		72.729 		70.198
v 53.6791 		72.681 		70.198
v 53.6651 		72.634 		70.198
v 53.6461 		72.589 		70.198
v 53.6231 		72.546 		70.198
v 53.4521 		73.232 		70.198
v 53.4921 		73.204 		70.198
v 53.5301 		73.173 		70.198
v 53.5651 		73.139 		70.198
v 53.5961 		73.101 		70.198
v 53.6231 		73.06 		70.198
v 53.6461 		73.016 		70.198
v 53.6651 		72.971 		70.198
v 53.6791 		72.924 		70.198
v 53.7301 		76.963 		70.198
v 53.7291 		76.914 		70.198
v 53.7241 		76.865 		70.198
v 53.7131 		76.817 		70.198
v 53.6981 		76.771 		70.198
v 53.6791 		76.726 		70.198
v 53.6551 		76.683 		70.198
v 53.6271 		76.642 		70.198
v 53.5951 		76.605 		70.198
v 53.5601 		76.571 		70.198
v 53.5211 		76.54 		70.198
v 53.4801 		76.514 		70.198
v 53.4797 		76.5138 		70.198
v 53.663 		77.1972 		70.198
v 53.6631 		77.197 		70.198
v 53.6861 		77.153 		70.198
v 53.7041 		77.107 		70.198
v 53.7171 		77.06 		70.198
v 53.7261 		77.012 		70.198
v 55.7251 		69.307 		70.198
v 55.7581 		69.271 		70.198
v 55.7881 		69.232 		70.198
v 55.8131 		69.19 		70.198
v 55.8341 		69.145 		70.198
v 55.8501 		69.099 		70.198
v 55.8621 		69.051 		70.198
v 55.8691 		69.003 		70.198
v 55.8721 		68.954 		70.198
v 55.8691 		68.905 		70.198
v 55.8647 		68.8744 		70.198
v 55.2925 		69.4466 		70.198
v 55.3231 		69.451 		70.198
v 55.3721 		69.454 		70.198
v 55.4211 		69.451 		70.198
v 55.4691 		69.444 		70.198
v 55.5171 		69.432 		70.198
v 55.5631 		69.416 		70.198
v 55.6081 		69.395 		70.198
v 55.6501 		69.37 		70.198
v 55.6891 		69.34 		70.198
v 58.734 		67.1709 		70.198
v 58.7521 		67.188 		70.198
v 58.7901 		67.219 		70.198
v 58.8311 		67.245 		70.198
v 58.8751 		67.268 		70.198
v 58.9211 		67.286 		70.198
v 58.9681 		67.299 		70.198
v 59.0161 		67.308 		70.198
v 59.0651 		67.312 		70.198
v 59.1141 		67.311 		70.198
v 59.1631 		67.306 		70.198
v 59.2111 		67.295 		70.198
v 59.5371 		67.019 		70.198
v 59.6921 		82.665 		70.1463
v 59.5551 		66.973 		70.198
v 59.5618 		66.9489 		70.198
v 59.2571 		67.28 		70.198
v 59.3021 		67.261 		70.198
v 59.3451 		67.237 		70.198
v 59.3861 		67.209 		70.198
v 59.4231 		67.177 		70.198
v 59.4571 		67.142 		70.198
v 59.4881 		67.103 		70.198
v 59.5141 		67.062 		70.198
v 57.1411 		67.598 		70.198
v 70.5016 		77.6337 		60.2
v 69.9331 		79.755 		60.2
v 70.5016 		77.6337 		68.896
v 69.9331 		79.755 		68.896
v 68.4066 		81.2815 		60.2
v 67.6996 		81.9885 		60.2
v 66.2731 		83.415 		60.2
v 68.4066 		81.2815 		68.896
v 67.6996 		81.9885 		68.896
v 66.2731 		83.415 		68.896
v 55.7251 		81.01 		69.9157
v 64.1973 		83.9713 		60.2
v 55.0181 		80.303 		69.9157
v 63.2313 		84.2302 		60.2
v 55.0941 		80.24 		69.9921
v 55.0551 		80.27 		69.9542
v 64.1973 		83.9713 		68.896
v 63.2313 		84.2302 		68.896
v 55.3721 		80.156 		70.1909
v 55.3231 		80.159 		70.1623
v 67.4281 		80.303 		69.9707
v 66.7211 		81.01 		69.9707
v 67.3911 		80.27 		70.0091
v 67.3521 		80.24 		70.047
v 67.3101 		80.215 		70.0838
v 67.2661 		80.194 		70.1195
v 67.2191 		80.178 		70.1541
v 67.1721 		80.166 		70.1865
v 66.5841 		80.754 		70.1865
v 66.5961 		80.801 		70.1541
v 66.6121 		80.848 		70.1195
v 66.6331 		80.892 		70.0838
v 66.6581 		80.934 		70.047
v 66.6881 		80.973 		70.0091
v 64.0002 		83.2354 		69.4879
v 62.9424 		83.1519 		69.7633
v 63.8481 		82.668 		69.9441
v 62.8821 		82.927 		69.9441
v 62.9091 		82.591 		70.1907
v 62.8911 		82.637 		70.1598
v 62.8781 		82.684 		70.1272
v 62.8691 		82.733 		70.0923
v 62.8651 		82.781 		70.0571
v 62.8661 		82.831 		70.0194
v 62.8711 		82.879 		69.9823
v 63.8331 		82.622 		69.9816
v 63.8131 		82.577 		70.0194
v 63.7891 		82.534 		70.0565
v 63.7611 		82.493 		70.0929
v 63.7301 		82.456 		70.1269
v 63.6941 		82.422 		70.1596
v 63.6561 		82.391 		70.1905
v 55.2741 		80.166 		70.1316
v 55.2271 		80.178 		70.0992
v 55.1801 		80.194 		70.0646
v 55.1361 		80.215 		70.0289
v 55.7581 		80.973 		69.9542
v 55.7881 		80.934 		69.9921
v 55.8131 		80.892 		70.0289
v 55.8341 		80.848 		70.0646
v 55.8501 		80.801 		70.0992
v 55.8621 		80.754 		70.1316
v 55.8691 		80.705 		70.1623
v 55.8721 		80.656 		70.1909
v 52.7846 		77.5842 		69.4613
v 58.9201 		77.993 		60.2
v 60.0361 		78.562 		60.2
v 61.2731 		78.758 		60.2
v 59.7061 		82.955 		60.2
v 58.7361 		82.713 		60.2
v 59.1471 		82.339 		60.2
v 59.1961 		82.335 		60.2
v 53.3601 		77.43 		60.2
v 53.3601 		77.43 		69.924
v 53.1011 		76.464 		69.924
v 53.1011 		76.464 		60.2
v 53.4371 		76.491 		70.1706
v 53.3911 		76.473 		70.1397
v 53.3441 		76.46 		70.1071
v 53.2951 		76.451 		70.0721
v 53.2471 		76.447 		70.0369
v 53.1971 		76.448 		69.9992
v 53.1491 		76.453 		69.9622
v 53.4061 		77.415 		69.9615
v 53.4511 		77.395 		69.9993
v 53.4941 		77.371 		70.0364
v 53.5351 		77.343 		70.0728
v 53.5721 		77.312 		70.1067
v 53.6061 		77.276 		70.1395
v 53.6371 		77.238 		70.1704
v 62.5101 		78.562 		60.2
v 63.6261 		77.993 		60.2
v 67.4281 		80.303 		60.2
v 66.7211 		81.01 		60.2
v 66.8831 		80.194 		60.2
v 66.8381 		80.215 		60.2
v 66.7961 		80.24 		60.2
v 66.7571 		80.27 		60.2
v 66.7211 		80.303 		60.2
v 66.6881 		80.339 		60.2
v 66.6581 		80.378 		60.2
v 66.6331 		80.42 		60.2
v 66.6121 		80.465 		60.2
v 66.5961 		80.511 		60.2
v 66.5841 		80.559 		60.2
v 67.3911 		80.27 		60.2
v 67.3521 		80.24 		60.2
v 67.3101 		80.215 		60.2
v 67.2661 		80.194 		60.2
v 67.2191 		80.178 		60.2
v 67.1721 		80.166 		60.2
v 67.1231 		80.159 		60.2
v 67.0741 		80.156 		60.2
v 67.0251 		80.159 		60.2
v 66.9771 		80.166 		60.2
v 66.9291 		80.178 		60.2
v 66.5771 		80.607 		60.2
v 66.5741 		80.656 		60.2
v 66.5771 		80.705 		60.2
v 66.5841 		80.754 		60.2
v 66.5961 		80.801 		60.2
v 66.6121 		80.848 		60.2
v 66.6331 		80.892 		60.2
v 66.6581 		80.934 		60.2
v 66.6881 		80.973 		60.2
v 63.8481 		82.668 		60.2
v 62.8821 		82.927 		60.2
v 63.2831 		82.304 		60.2
v 63.2351 		82.315 		60.2
v 63.1891 		82.33 		60.2
v 63.1441 		82.349 		60.2
v 63.1011 		82.373 		60.2
v 63.0601 		82.401 		60.2
v 63.0231 		82.433 		60.2
v 62.9891 		82.468 		60.2
v 62.9581 		82.507 		60.2
v 62.9321 		82.548 		60.2
v 62.9091 		82.591 		60.2
v 62.8911 		82.637 		60.2
v 62.8781 		82.684 		60.2
v 62.8691 		82.733 		60.2
v 62.8651 		82.781 		60.2
v 62.8661 		82.831 		60.2
v 62.8711 		82.879 		60.2
v 63.8331 		82.622 		60.2
v 63.8131 		82.577 		60.2
v 63.7891 		82.534 		60.2
v 63.7611 		82.493 		60.2
v 63.7301 		82.456 		60.2
v 63.6941 		82.422 		60.2
v 63.6561 		82.391 		60.2
v 63.6151 		82.365 		60.2
v 63.5711 		82.342 		60.2
v 63.5251 		82.324 		60.2
v 63.4781 		82.311 		60.2
v 63.4301 		82.302 		60.2
v 63.3811 		82.298 		60.2
v 63.3321 		82.299 		60.2
v 62.5101 		78.562 		67.203
v 61.2731 		78.758 		67.203
v 63.6261 		77.993 		67.203
v 55.0551 		69.34 		60.2
v 55.0181 		69.307 		60.2
v 55.0941 		69.37 		60.2
v 55.8501 		68.809 		60.2
v 55.8341 		68.762 		60.2
v 55.8131 		68.718 		60.2
v 55.7881 		68.676 		60.2
v 55.7581 		68.637 		60.2
v 55.7251 		68.6 		60.2
v 55.7251 		69.307 		60.2
v 55.7581 		69.271 		60.2
v 55.7881 		69.232 		60.2
v 55.8131 		69.19 		60.2
v 55.8341 		69.145 		60.2
v 55.8501 		69.099 		60.2
v 55.8621 		69.051 		60.2
v 55.8691 		69.003 		60.2
v 55.8721 		68.954 		60.2
v 55.8691 		68.905 		60.2
v 55.8621 		68.856 		60.2
v 55.1361 		69.395 		60.2
v 55.1801 		69.416 		60.2
v 55.2271 		69.432 		60.2
v 55.2741 		69.444 		60.2
v 55.3231 		69.451 		60.2
v 55.3721 		69.454 		60.2
v 55.4211 		69.451 		60.2
v 55.4691 		69.444 		60.2
v 55.5171 		69.432 		60.2
v 55.5631 		69.416 		60.2
v 55.6081 		69.395 		60.2
v 55.6501 		69.37 		60.2
v 55.6891 		69.34 		60.2
v 55.7251 		68.6 		69.9707
v 54.7466 		67.6215 		60.2
v 54.7466 		67.6215 		68.896
v 58.5981 		66.942 		60.2
v 58.5981 		66.942 		69.999
v 59.5641 		66.683 		69.999
v 59.5641 		66.683 		60.2
v 58.6131 		66.988 		70.0365
v 58.6331 		67.033 		70.0743
v 58.6571 		67.076 		70.1114
v 58.6851 		67.117 		70.1478
v 58.7161 		67.154 		70.1818
v 59.5751 		66.731 		70.0372
v 59.5681 		66.926 		70.1821
v 59.5771 		66.877 		70.1472
v 59.5811 		66.829 		70.112
v 59.5801 		66.779 		70.0742
v 59.0991 		82.349 		60.2
v 59.0521 		82.363 		60.2
v 59.0071 		82.382 		60.2
v 58.9641 		82.405 		60.2
v 58.9231 		82.433 		60.2
v 58.8851 		82.464 		60.2
v 58.8501 		82.499 		60.2
v 58.8191 		82.537 		60.2
v 58.7921 		82.577 		60.2
v 58.7691 		82.621 		60.2
v 58.7501 		82.666 		60.2
v 59.6731 		82.62 		60.2
v 59.6501 		82.576 		60.2
v 59.6221 		82.536 		60.2
v 59.5911 		82.498 		60.2
v 59.5571 		82.463 		60.2
v 59.5191 		82.432 		60.2
v 59.4781 		82.405 		60.2
v 59.4341 		82.382 		60.2
v 59.3891 		82.363 		60.2
v 59.3421 		82.349 		60.2
v 59.2941 		82.339 		60.2
v 59.2451 		82.335 		60.2
v 59.7161 		82.907 		60.2
v 59.7211 		82.858 		60.2
v 59.7161 		82.76 		60.2
v 59.7211 		82.809 		60.2
v 59.7061 		82.712 		60.2
v 59.6921 		82.665 		60.2
v 55.7251 		81.01 		60.2
v 55.0181 		80.303 		60.2
v 55.0941 		80.24 		60.2
v 55.0551 		80.27 		60.2
v 55.6081 		80.215 		60.2
v 55.5631 		80.194 		60.2
v 55.5171 		80.178 		60.2
v 55.4691 		80.166 		60.2
v 55.4211 		80.159 		60.2
v 55.3721 		80.156 		60.2
v 55.3231 		80.159 		60.2
v 55.2741 		80.166 		60.2
v 55.2271 		80.178 		60.2
v 55.1801 		80.194 		60.2
v 55.1361 		80.215 		60.2
v 55.8621 		80.559 		60.2
v 55.8501 		80.511 		60.2
v 55.8341 		80.465 		60.2
v 55.8131 		80.42 		60.2
v 55.7881 		80.378 		60.2
v 55.7581 		80.339 		60.2
v 55.7251 		80.303 		60.2
v 55.6891 		80.27 		60.2
v 55.6501 		80.24 		60.2
v 55.7581 		80.973 		60.2
v 55.7881 		80.934 		60.2
v 55.8131 		80.892 		60.2
v 55.8341 		80.848 		60.2
v 55.8501 		80.801 		60.2
v 55.8621 		80.754 		60.2
v 55.8691 		80.705 		60.2
v 55.8721 		80.656 		60.2
v 55.8691 		80.607 		60.2
v 58.9201 		77.993 		67.203
v 60.0361 		78.562 		67.203
v 61.2731 		64.755 		60.2
v 63.0923 		65.2425 		60.2
v 63.0923 		65.2425 		68.896
v 61.2731 		64.755 		68.896
v 64.0581 		65.5014 		68.896
v 64.0581 		65.5014 		60.2
v 66.2731 		66.095 		60.2
v 66.2731 		66.095 		68.896
v 67.7496 		67.5715 		60.2
v 67.7496 		67.5715 		68.896
v 68.4566 		68.2785 		68.896
v 68.4566 		68.2785 		60.2
v 69.9331 		69.755 		60.2
v 69.9331 		69.755 		68.896
v 70.7416 		72.7718 		60.2
v 71.2731 		74.755 		60.2
v 70.4827 		71.8058 		60.2
v 70.7416 		72.7718 		68.896
v 71.2731 		74.755 		68.896
v 70.4827 		71.8058 		68.896
v 70.7605 		76.6679 		60.2
v 70.7605 		76.6679 		68.896
v 62.9297 		65.8948 		69.418
v 62.7401 		66.655 		70.0266
v 63.7101 		66.897 		70.013
v 63.8091 		66.4999 		69.6951
v 62.7301 		66.703 		70.0647
v 62.7251 		66.752 		70.1024
v 62.7251 		66.801 		70.1392
v 62.7301 		66.85 		70.175
v 63.5961 		67.111 		70.1966
v 63.6271 		67.073 		70.1618
v 63.6541 		67.033 		70.1264
v 63.6771 		66.989 		70.0887
v 63.6961 		66.944 		70.0511
v 66.7211 		68.6 		70.0256
v 67.4281 		69.307 		70.0256
v 66.6881 		68.637 		70.064
v 66.6581 		68.676 		70.1019
v 66.6331 		68.718 		70.1387
v 66.6121 		68.762 		70.1744
v 69.3251 		76.312 		60.2
v 69.3731 		76.322 		60.2
v 69.2761 		76.307 		60.2
v 67.2661 		69.416 		70.1744
v 67.3101 		69.395 		70.1387
v 67.3521 		69.37 		70.1019
v 67.3911 		69.34 		70.064
v 69.7557 		72.0006 		69.4807
v 69.6721 		73.0584 		69.7562
v 69.0861 		72.18 		70.0191
v 69.3451 		73.146 		70.0191
v 69.0401 		72.195 		70.0566
v 68.9951 		72.215 		70.0944
v 68.9521 		72.239 		70.1315
v 68.9111 		72.267 		70.1679
v 69.1511 		73.159 		70.1673
v 69.1991 		73.163 		70.1321
v 69.2491 		73.162 		70.0944
v 69.2971 		73.157 		70.0574
v 70.0746 		76.4969 		69.4449
v 69.3731 		76.322 		70.0065
v 69.1311 		77.292 		69.9929
v 69.4695 		77.3764 		69.722
v 69.3251 		76.312 		70.0445
v 69.2761 		76.307 		70.0823
v 69.2271 		76.307 		70.1191
v 69.1781 		76.312 		70.1548
v 69.1301 		76.322 		70.1889
v 68.9171 		77.178 		70.1764
v 68.9551 		77.209 		70.1417
v 68.9951 		77.236 		70.1062
v 69.0391 		77.259 		70.0686
v 69.0841 		77.278 		70.031
v 64.5111 		77.108 		60.2
v 65.0801 		75.992 		60.2
v 65.2761 		74.755 		60.2
v 65.0801 		73.518 		60.2
v 64.5111 		72.402 		60.2
v 63.6261 		71.517 		60.2
v 62.5101 		70.948 		60.2
v 61.2731 		70.753 		60.2
v 69.1311 		77.292 		60.2
v 69.1781 		76.312 		60.2
v 69.2271 		76.307 		60.2
v 69.1301 		76.322 		60.2
v 69.0831 		76.336 		60.2
v 69.0381 		76.355 		60.2
v 68.9941 		76.378 		60.2
v 68.9541 		76.406 		60.2
v 68.9161 		76.437 		60.2
v 68.8811 		76.471 		60.2
v 68.8501 		76.509 		60.2
v 68.8231 		76.55 		60.2
v 68.8001 		76.594 		60.2
v 68.7811 		76.639 		60.2
v 68.7671 		76.686 		60.2
v 68.7571 		76.734 		60.2
v 68.7531 		76.783 		60.2
v 68.7571 		76.881 		60.2
v 68.7531 		76.832 		60.2
v 51.2731 		74.755 		60.2
v 68.7671 		76.929 		60.2
v 51.7544 		72.9592 		60.2
v 51.7544 		72.9592 		68.896
v 51.2731 		74.755 		68.896
v 52.0132 		71.9934 		68.896
v 68.7811 		76.976 		60.2
v 52.0132 		71.9934 		60.2
v 52.6131 		69.755 		60.2
v 52.6131 		69.755 		68.896
v 68.8001 		77.021 		60.2
v 54.0396 		68.3285 		60.2
v 54.0396 		68.3285 		68.896
v 68.8231 		77.064 		60.2
v 68.8511 		77.105 		60.2
v 56.2731 		66.095 		60.2
v 56.2731 		66.095 		68.896
v 59.1966 		65.3115 		68.896
v 59.1966 		65.3115 		60.2
v 68.8821 		77.143 		60.2
v 58.2306 		65.5704 		60.2
v 58.2306 		65.5704 		68.896
v 68.9171 		77.178 		60.2
v 51.8229 		76.8065 		68.896
v 51.8229 		76.8065 		60.2
v 68.9551 		77.209 		60.2
v 52.3982 		73.1197 		69.4113
v 53.0731 		73.288 		69.9516
v 68.9951 		77.236 		60.2
v 69.0391 		77.259 		60.2
v 69.0841 		77.278 		60.2
v 69.0861 		72.18 		60.2
v 69.3451 		73.146 		60.2
v 69.0401 		72.195 		60.2
v 68.9951 		72.215 		60.2
v 68.9521 		72.239 		60.2
v 68.9111 		72.267 		60.2
v 68.8741 		72.298 		60.2
v 68.8401 		72.334 		60.2
v 68.8091 		72.372 		60.2
v 68.7831 		72.413 		60.2
v 68.7601 		72.457 		60.2
v 68.7421 		72.503 		60.2
v 68.7291 		72.55 		60.2
v 68.7201 		72.598 		60.2
v 68.7161 		72.647 		60.2
v 68.7171 		72.696 		60.2
v 68.7221 		72.745 		60.2
v 68.7331 		72.793 		60.2
v 68.7481 		72.839 		60.2
v 68.7671 		72.884 		60.2
v 68.7911 		72.927 		60.2
v 68.8191 		72.968 		60.2
v 68.8511 		73.005 		60.2
v 68.8861 		73.039 		60.2
v 68.9251 		73.07 		60.2
v 68.9661 		73.096 		60.2
v 69.0091 		73.119 		60.2
v 69.0551 		73.137 		60.2
v 69.1021 		73.15 		60.2
v 69.1511 		73.159 		60.2
v 69.1991 		73.163 		60.2
v 69.2491 		73.162 		60.2
v 69.2971 		73.157 		60.2
v 62.7401 		66.655 		60.2
v 63.7101 		66.897 		60.2
v 62.7301 		66.703 		60.2
v 62.7301 		66.85 		60.2
v 62.7401 		66.898 		60.2
v 62.7541 		66.945 		60.2
v 62.7731 		66.99 		60.2
v 62.7961 		67.034 		60.2
v 62.8241 		67.074 		60.2
v 62.8551 		67.112 		60.2
v 62.8891 		67.147 		60.2
v 62.9271 		67.178 		60.2
v 62.9681 		67.205 		60.2
v 63.0121 		67.228 		60.2
v 63.0571 		67.247 		60.2
v 63.1041 		67.261 		60.2
v 63.1521 		67.271 		60.2
v 63.2011 		67.275 		60.2
v 63.2991 		67.271 		60.2
v 63.2501 		67.275 		60.2
v 63.3471 		67.261 		60.2
v 63.3941 		67.247 		60.2
v 63.4391 		67.228 		60.2
v 63.4821 		67.205 		60.2
v 63.5231 		67.177 		60.2
v 63.5611 		67.146 		60.2
v 63.5961 		67.111 		60.2
v 63.6271 		67.073 		60.2
v 63.6541 		67.033 		60.2
v 63.6771 		66.989 		60.2
v 63.6961 		66.944 		60.2
v 66.7211 		68.6 		60.2
v 66.6881 		68.637 		60.2
v 66.6581 		68.676 		60.2
v 66.6331 		68.718 		60.2
v 66.6121 		68.762 		60.2
v 66.5961 		68.809 		60.2
v 66.5841 		68.856 		60.2
v 66.5771 		68.905 		60.2
v 66.5741 		68.954 		60.2
v 66.5771 		69.003 		60.2
v 66.5841 		69.051 		60.2
v 66.5961 		69.099 		60.2
v 66.6121 		69.145 		60.2
v 66.6331 		69.19 		60.2
v 66.6581 		69.232 		60.2
v 66.6881 		69.271 		60.2
v 64.5111 		77.108 		67.203
v 65.0801 		75.992 		67.203
v 65.2761 		74.755 		67.203
v 65.0801 		73.518 		67.203
v 64.5111 		72.402 		67.203
v 63.6261 		71.517 		67.203
v 62.5101 		70.948 		67.203
v 61.2731 		70.753 		67.203
v 53.3151 		72.318 		69.938
v 53.0034 		72.2403 		69.6884
v 53.4911 		72.401 		70.0868
v 53.4511 		72.374 		70.0513
v 53.4071 		72.351 		70.0137
v 53.3621 		72.332 		69.9761
v 53.5951 		72.505 		70.1857
v 53.5641 		72.467 		70.1548
v 53.5291 		72.432 		70.1215
v 53.1211 		73.298 		69.9896
v 53.1701 		73.303 		70.0274
v 53.2191 		73.303 		70.0642
v 53.2681 		73.298 		70.0999
v 53.3161 		73.288 		70.1339
v 53.3631 		73.274 		70.1664
v 53.4081 		73.255 		70.1963
v 55.0181 		69.307 		69.9707
v 55.0551 		69.34 		70.0091
v 55.0941 		69.37 		70.047
v 55.8501 		68.809 		70.1541
v 55.8341 		68.762 		70.1195
v 55.8131 		68.718 		70.0838
v 55.7881 		68.676 		70.047
v 55.7581 		68.637 		70.0091
v 55.8621 		68.856 		70.1865
v 55.1361 		69.395 		70.0838
v 55.1801 		69.416 		70.1195
v 55.2271 		69.432 		70.1541
v 55.2741 		69.444 		70.1865
v 58.4165 		66.2643 		69.4541
v 59.4743 		66.3479 		69.7296
v 52.8682 		76.5264 		69.7367
v 57.4661 		75.992 		60.2
v 57.2701 		74.755 		60.2
v 58.0351 		77.108 		60.2
v 60.0361 		70.948 		60.2
v 58.9201 		71.517 		60.2
v 58.0351 		72.402 		60.2
v 57.4661 		73.518 		60.2
v 53.4371 		76.491 		60.2
v 53.3911 		76.473 		60.2
v 53.3441 		76.46 		60.2
v 53.2951 		76.451 		60.2
v 53.2471 		76.447 		60.2
v 53.1971 		76.448 		60.2
v 53.1491 		76.453 		60.2
v 53.7301 		76.963 		60.2
v 53.7291 		76.914 		60.2
v 53.7241 		76.865 		60.2
v 53.7131 		76.817 		60.2
v 53.6981 		76.771 		60.2
v 53.6791 		76.726 		60.2
v 53.6551 		76.683 		60.2
v 53.6271 		76.642 		60.2
v 53.5951 		76.605 		60.2
v 53.5601 		76.571 		60.2
v 53.5211 		76.54 		60.2
v 53.4801 		76.514 		60.2
v 53.4061 		77.415 		60.2
v 53.4511 		77.395 		60.2
v 53.4941 		77.371 		60.2
v 53.5351 		77.343 		60.2
v 53.5721 		77.312 		60.2
v 53.6061 		77.276 		60.2
v 53.6371 		77.238 		60.2
v 53.6631 		77.197 		60.2
v 53.6861 		77.153 		60.2
v 53.7041 		77.107 		60.2
v 53.7171 		77.06 		60.2
v 53.7261 		77.012 		60.2
v 58.6131 		66.988 		60.2
v 58.6331 		67.033 		60.2
v 58.6571 		67.076 		60.2
v 58.6851 		67.117 		60.2
v 58.7161 		67.154 		60.2
v 58.7521 		67.188 		60.2
v 58.7901 		67.219 		60.2
v 58.8311 		67.245 		60.2
v 58.8751 		67.268 		60.2
v 58.9211 		67.286 		60.2
v 58.9681 		67.299 		60.2
v 59.0161 		67.308 		60.2
v 59.0651 		67.312 		60.2
v 59.1141 		67.311 		60.2
v 59.1631 		67.306 		60.2
v 59.2111 		67.295 		60.2
v 59.5751 		66.731 		60.2
v 59.5371 		67.019 		60.2
v 59.5551 		66.973 		60.2
v 59.5681 		66.926 		60.2
v 59.5771 		66.877 		60.2
v 59.5811 		66.829 		60.2
v 59.5801 		66.779 		60.2
v 59.2571 		67.28 		60.2
v 59.3021 		67.261 		60.2
v 59.3451 		67.237 		60.2
v 59.3861 		67.209 		60.2
v 59.4231 		67.177 		60.2
v 59.4571 		67.142 		60.2
v 59.4881 		67.103 		60.2
v 59.5141 		67.062 		60.2
v 57.4661 		75.992 		67.203
v 57.2701 		74.755 		67.203
v 58.0351 		77.108 		67.203
v 60.0361 		70.948 		67.203
v 58.9201 		71.517 		67.203
v 58.0351 		72.402 		67.203
v 57.4661 		73.518 		67.203
# 957 vertices

g group_8_16089887

usemtl color_16089887
s 0

f 5860 	6043 	5859
f 5862 	6043 	5860
f 5864 	6043 	5862
f 5865 	6043 	5864
f 5868 	6043 	5867
f 5872 	5934 	5871
f 5870 	6043 	5869
f 5876 	6043 	5875
f 5878 	6043 	5877
f 5880 	5939 	5879
f 5921 	6043 	5919
f 5922 	6043 	5921
f 5923 	6043 	5922
f 5924 	6043 	5923
f 5925 	6043 	5924
f 5926 	6043 	5925
f 5928 	6043 	5927
f 5930 	5940 	5929
f 5933 	5939 	5932
f 5932 	5939 	5931
f 5934 	5872 	5933
f 5935 	6043 	5934
f 5936 	6043 	5935
f 5937 	6043 	5936
f 5919 	6043 	5938
f 5937 	5938 	6043
f 5872 	5879 	5933
f 5926 	5927 	6043
f 5929 	5940 	5928
f 5939 	5933 	5879
f 5881 	5939 	5880
f 5882 	5939 	5881
f 5857 	5873 	6043
f 5876 	5877 	6043
f 5878 	5859 	6043
f 5865 	5867 	6043
f 5868 	5869 	6043
f 5870 	5871 	6043
f 5875 	6043 	5874
f 5874 	6043 	5873
f 6043 	5871 	5934
f 6043 	5928 	5940
f 5948 	5958 	5957
f 5962 	6043 	5961
f 5964 	6043 	5963
f 5963 	6043 	5962
f 5965 	6043 	5964
f 5966 	6043 	5965
f 5967 	6043 	5966
f 5968 	6043 	5967
f 5970 	6043 	5969
f 5969 	6043 	5968
f 5971 	6043 	5970
f 5952 	5857 	5979
f 6043 	5975 	5857
f 5979 	5857 	5978
f 5957 	5958 	6043
f 6043 	5971 	5972
f 6043 	5972 	5973
f 5973 	5974 	6043
f 6043 	5974 	5975
f 5976 	5857 	5975
f 5977 	5857 	5976
f 5978 	5857 	5977
f 5982 	6091 	5981
f 5983 	6091 	5982
f 5980 	5981 	6091
f 5985 	6091 	5984
f 5983 	5984 	6091
f 5986 	6084 	5985
f 5987 	6083 	5986
f 5988 	6043 	5987
f 5991 	6043 	5990
f 5992 	6043 	5991
f 5994 	6043 	5992
f 5996 	6043 	5994
f 5996 	6002 	6043
f 5997 	5998 	6001
f 6000 	6001 	5998
f 5999 	6005 	6003
f 6003 	6005 	6006
f 6005 	6007 	6008
f 6005 	6008 	6006
f 6012 	5957 	6009
f 6004 	6043 	6002
f 6010 	6011 	6013
f 6010 	6013 	6014
f 6013 	6015 	6016
f 6013 	6016 	6014
f 6021 	5957 	6017
f 6025 	5957 	6021
f 6028 	5957 	6025
f 6026 	6092 	6024
f 6023 	6024 	6092
f 6027 	6092 	6026
f 6043 	6009 	5957
f 6029 	6092 	6027
f 6031 	6092 	6029
f 6032 	6092 	6031
f 6034 	5957 	6030
f 6033 	6092 	6032
f 6035 	6092 	6033
f 6028 	6030 	5957
f 6020 	6092 	6035
f 5960 	6043 	5958
f 5961 	6043 	5960
f 6037 	5940 	6036
f 6017 	5957 	6012
f 6004 	6009 	6043
f 5989 	6043 	5988
f 6039 	5940 	6038
f 5989 	5990 	6043
f 6044 	5946 	5941
f 6048 	6043 	6047
f 6050 	6043 	6049
f 6048 	6049 	6043
f 6052 	6043 	6051
f 6053 	6043 	6052
f 6054 	6043 	6053
f 6051 	6043 	6050
f 6055 	6043 	6054
f 6056 	6043 	6055
f 6057 	6043 	6056
f 6064 	5945 	6063
f 5942 	5945 	6065
f 6062 	6063 	6043
f 6065 	5945 	6064
f 6043 	5945 	6068
f 6070 	6043 	6069
f 6069 	6043 	6068
f 6075 	6043 	6074
f 6077 	6043 	6076
f 6079 	6043 	6078
f 6077 	6078 	6043
f 6080 	6081 	6043
f 6083 	5987 	6082
f 6085 	5985 	6084
f 6081 	6082 	6043
f 6087 	6091 	6086
f 6086 	5985 	6085
f 5985 	6086 	6091
f 6091 	6089 	6090
f 6084 	5986 	6083
f 6088 	6091 	6087
f 6089 	6091 	6088
f 6066 	6067 	5945
f 6067 	6068 	5945
f 6043 	6070 	6071
f 6043 	6071 	6072
f 6043 	6072 	6073
f 6073 	6074 	6043
f 6076 	6043 	6075
f 6079 	6080 	6043
f 6082 	5987 	6043
f 6057 	6058 	6043
f 6058 	6059 	6043
f 6060 	6043 	6059
f 6061 	6043 	6060
f 6061 	6062 	6043
f 6043 	6063 	5945
f 6045 	6046 	5946
f 6043 	5946 	6047
f 6046 	6047 	5946
f 6092 	6043 	6023
f 6043 	5940 	6098
f 6099 	6043 	6098
f 6103 	6043 	6102
f 6102 	6043 	6101
f 6037 	6098 	5940
f 6107 	6043 	6106
f 6108 	6043 	6107
f 6101 	6043 	6100
f 6100 	6043 	6099
f 6104 	6043 	6103
f 6105 	6043 	6104
f 6105 	6106 	6043
f 6108 	6093 	6043
f 6093 	6094 	6043
f 6095 	6043 	6094
f 6095 	6096 	6043
f 6097 	6023 	6043
f 6096 	6097 	6043
f 6112 	6043 	6111
f 6112 	6113 	6043
f 6110 	6043 	6109
f 6113 	6114 	6043
f 6126 	6043 	6114
f 6121 	6043 	6120
f 6122 	6043 	6121
f 6120 	6043 	6119
f 6123 	6043 	6122
f 6109 	6043 	6123
f 6111 	6043 	6110
f 6115 	6043 	6125
f 6043 	6092 	6125
f 6118 	6043 	6117
f 6117 	6043 	6116
f 6119 	6043 	6118
f 6116 	6043 	6115
f 6124 	6125 	6092
f 6128 	6137 	6129
f 5916 	6043 	6131
f 6134 	6043 	6133
f 6134 	6135 	6043
f 6043 	6135 	6136
f 6130 	6043 	6127
f 6138 	6139 	6129
f 6043 	6129 	6139
f 6137 	6138 	6129
f 6141 	6142 	6043
f 6140 	6141 	6043
f 6143 	6043 	6142
f 6144 	6043 	6143
f 5935 	5934 	6365
f 6145 	6043 	6144
f 6145 	6131 	6043
f 5917 	6043 	5916
f 6132 	6043 	5917
f 6132 	6133 	6043
f 6136 	6127 	6043
f 6139 	6140 	6043
f 6148 	6043 	6147
f 6146 	6147 	6043
f 6149 	6043 	6148
f 6150 	6043 	6149
f 6151 	6043 	6150
f 6154 	6043 	6153
f 6152 	6043 	6151
f 6155 	6043 	6154
f 6129 	6043 	6158
f 6159 	6160 	6126
f 6161 	6162 	6126
f 6043 	6126 	6162
f 6163 	6043 	6162
f 6164 	6043 	6163
f 6146 	6043 	6164
f 6152 	6153 	6043
f 6156 	6157 	6043
f 6160 	6161 	6126
f 6155 	6156 	6043
f 6157 	6158 	6043
f 6166 	6043 	6165
f 6167 	6043 	6166
f 6168 	6043 	6167
f 6170 	6043 	6169
f 6169 	6043 	6168
f 6172 	6043 	6171
f 6210 	6043 	6175
f 6178 	6130 	6177
f 6184 	6043 	6183
f 6185 	6043 	6184
f 6182 	6183 	6043
f 6165 	6043 	6185
f 6171 	6043 	6170
f 6043 	6172 	6173
f 6043 	6173 	6174
f 6174 	6175 	6043
f 6194 	6043 	6193
f 6176 	6177 	6130
f 6130 	6178 	6179
f 6130 	6179 	6180
f 6043 	6130 	6181
f 6182 	6043 	6181
f 6180 	6181 	6130
f 6188 	6210 	6187
f 6186 	6187 	6210
f 6189 	6210 	6188
f 6192 	6043 	6191
f 6191 	6210 	6190
f 6210 	6191 	6043
f 6193 	6043 	6192
f 6197 	6043 	6196
f 6036 	5940 	6199
f 6042 	5940 	6041
f 6042 	6199 	5940
f 6040 	5940 	6039
f 6040 	6041 	5940
f 6019 	6038 	5940
f 6019 	5940 	6018
f 6018 	5940 	6001
f 6201 	5946 	6200
f 6022 	6092 	6020
f 6020 	6280 	6022
f 6208 	6209 	6043
f 6209 	6198 	6043
f 6206 	6207 	6043
f 6198 	6200 	6043
f 5946 	6043 	6200
f 6207 	6208 	6043
f 6043 	6202 	6203
f 6204 	6205 	6043
f 6205 	6206 	6043
f 6203 	6204 	6043
f 6044 	6045 	5946
f 6194 	6195 	6043
f 6195 	6196 	6043
f 6197 	6202 	6043
f 6189 	6190 	6210
f 6000 	6018 	6001
f 6092 	6022 	6006
f 6212 	6214 	6211
f 6213 	6211 	6214
f 6003 	6006 	6022
f 6216 	6217 	6220
f 6218 	6214 	6215
f 6212 	6215 	6214
f 6219 	6216 	6220
f 6006 	6008 	6221
f 6217 	6222 	6220
f 6010 	6014 	6223
f 5997 	6228 	6224
f 6226 	6126 	6225
f 6220 	6222 	6227
f 6223 	6126 	6226
f 6114 	6229 	6126
f 6228 	5997 	6001
f 6558 	6559 	5857
f 5857 	6549 	6214
f 6231 	6214 	6218
f 6219 	6220 	6232
f 5939 	6232 	6220
f 6235 	5857 	6234
f 6236 	5857 	6235
f 6234 	5857 	6233
f 5873 	5857 	6238
f 6237 	6238 	5857
f 6237 	5857 	6236
f 6242 	5939 	6241
f 6244 	5939 	6243
f 6244 	6232 	5939
f 6240 	5939 	6239
f 6240 	6241 	5939
f 6242 	6243 	5939
f 5882 	6239 	5939
f 6214 	6231 	5857
f 6233 	5857 	6231
f 6220 	6227 	6245
f 5940 	6246 	6001
f 6001 	6246 	6228
f 6247 	5939 	6245
f 6250 	5940 	6249
f 5930 	6249 	5940
f 6252 	5940 	6251
f 6251 	5940 	6250
f 6253 	5940 	6252
f 6248 	5940 	6255
f 6260 	6261 	5939
f 6261 	6262 	5939
f 5931 	5939 	6262
f 6259 	6260 	5939
f 6258 	5939 	6257
f 6257 	5939 	6256
f 6259 	5939 	6258
f 6225 	6126 	6266
f 6267 	6092 	6221
f 6271 	6092 	6270
f 6270 	6092 	6269
f 6273 	6092 	6272
f 6092 	6274 	6124
f 6092 	6273 	6274
f 6006 	6221 	6092
f 6268 	6092 	6267
f 6269 	6092 	6268
f 6272 	6092 	6271
f 6126 	6229 	6230
f 6126 	6230 	6263
f 6126 	6263 	6264
f 6265 	6266 	6126
f 6264 	6265 	6126
f 6126 	6223 	6014
f 6016 	6275 	6014
f 6429 	6428 	6478
f 5889 	5917 	5916
f 5891 	5917 	5889
f 6016 	6283 	6275
f 6611 	6610 	6286
f 6256 	5939 	6247
f 6254 	5940 	6253
f 6254 	6255 	5940
f 6220 	6245 	5939
f 5940 	6248 	6246
f 6301 	6314 	6302
f 6215 	6212 	6303
f 6211 	6568 	6212
f 6216 	6304 	6217
f 6305 	6560 	6306
f 6306 	6560 	6307
f 6308 	6560 	6309
f 6310 	6302 	6311
f 6312 	6302 	6313
f 6314 	6301 	6315
f 6316 	6303 	6617
f 6568 	6617 	6303
f 6317 	6316 	6617
f 6616 	6615 	6317
f 6318 	6317 	6615
f 6324 	6560 	6325
f 6326 	6560 	6305
f 6325 	6560 	6326
f 6368 	6301 	6338
f 6617 	6616 	6317
f 6212 	6568 	6303
f 6336 	6222 	6217
f 6363 	6362 	6328
f 6339 	6301 	6340
f 6338 	6301 	6339
f 6341 	6340 	6278
f 6342 	6341 	6278
f 6342 	6278 	6343
f 6346 	6345 	6278
f 6344 	6278 	6345
f 6278 	6434 	6346
f 6348 	6347 	6434
f 6434 	6433 	6348
f 6447 	6448 	6351
f 6352 	6351 	6448
f 6356 	6355 	6334
f 6357 	6356 	6334
f 6358 	6357 	6333
f 6359 	6358 	6332
f 6331 	6330 	6359
f 6361 	6360 	6330
f 6330 	6329 	6361
f 6362 	6361 	6328
f 6360 	6359 	6330
f 6332 	6331 	6359
f 6333 	6332 	6358
f 6334 	6333 	6357
f 6355 	6336 	6304
f 6335 	6334 	6355
f 6217 	6304 	6336
f 5997 	6224 	6337
f 6448 	6446 	6352
f 6351 	6350 	6447
f 6349 	6348 	6450
f 6433 	6450 	6348
f 6347 	6346 	6434
f 6343 	6278 	6344
f 6364 	6363 	6301
f 6328 	6301 	6363
f 6335 	6355 	6304
f 6329 	6328 	6361
f 6365 	6364 	6301
f 6365 	6301 	6366
f 6366 	6301 	6367
f 6367 	6301 	6368
f 6327 	6301 	6328
f 6315 	6301 	6327
f 6313 	6302 	6314
f 6311 	6302 	6312
f 6309 	6302 	6310
f 6307 	6560 	6308
f 6615 	6612 	6319
f 6319 	6318 	6615
f 6322 	6321 	6601
f 6302 	6309 	6560
f 6278 	6340 	6301
f 6406 	6407 	6380
f 6405 	6380 	6407
f 6608 	6408 	6735
f 6277 	6276 	6282
f 6301 	6369 	6370
f 6301 	6370 	6278
f 6369 	6301 	6371
f 6302 	6371 	6301
f 6423 	6422 	6276
f 6302 	6698 	6371
f 6231 	6218 	6303
f 6216 	6219 	6304
f 6232 	6304 	6219
f 6426 	6425 	6482
f 6481 	6480 	6426
f 6427 	6426 	6480
f 6428 	6427 	6480
f 6480 	6479 	6428
f 6252 	6350 	6351
f 6352 	6253 	6351
f 6450 	6449 	6349
f 6435 	6434 	6278
f 6438 	6278 	6439
f 6278 	6277 	6441
f 6442 	6441 	6277
f 6353 	6352 	6446
f 6449 	6447 	6350
f 6441 	6440 	6278
f 6440 	6439 	6278
f 6437 	6436 	6278
f 6436 	6435 	6278
f 6350 	6349 	6449
f 6354 	6353 	6446
f 6446 	6445 	6354
f 6445 	6279 	6354
f 6337 	6354 	6279
f 5997 	6337 	6279
f 5934 	6363 	6364
f 5998 	5997 	6279
f 6479 	6478 	6428
f 5934 	6364 	6365
f 6483 	6482 	6425
f 6276 	6483 	6425
f 6425 	6424 	6276
f 6424 	6423 	6276
f 6422 	6281 	6276
f 6281 	6282 	6276
f 6282 	6444 	6277
f 6444 	6443 	6277
f 6443 	6442 	6277
f 6438 	6437 	6278
f 5999 	6280 	6005
f 6453 	6764 	6454
f 6454 	6764 	6452
f 6701 	6702 	6698
f 6704 	6705 	6371
f 6455 	6474 	6740
f 6215 	6303 	6218
f 6458 	6457 	6740
f 6222 	6336 	6227
f 6462 	6768 	6463
f 6464 	6767 	6465
f 6465 	6766 	6453
f 6234 	6233 	6317
f 5872 	5871 	6315
f 6310 	5867 	6309
f 6310 	5868 	5867
f 6314 	6315 	5871
f 5874 	5873 	6322
f 6326 	5878 	5877
f 6237 	6320 	6321
f 5874 	6322 	5875
f 5876 	6324 	5877
f 5865 	6309 	5867
f 6312 	5869 	5868
f 6313 	5870 	6312
f 5869 	6312 	5870
f 6314 	5871 	6313
f 6044 	5941 	6655
f 6316 	6317 	6233
f 6234 	6318 	6235
f 6318 	6319 	6235
f 6321 	6238 	6237
f 6238 	6321 	6322
f 6238 	6322 	5873
f 5860 	6307 	5862
f 6307 	5864 	5862
f 6326 	5859 	5878
f 6315 	5879 	5872
f 6468 	6276 	6469
f 6470 	6469 	6276
f 6239 	6330 	6240
f 6276 	6740 	6472
f 6240 	6331 	6241
f 6332 	6241 	6331
f 6457 	6456 	6740
f 6456 	6455 	6740
f 6474 	6473 	6740
f 6473 	6472 	6740
f 6242 	6241 	6332
f 6475 	6451 	6432
f 6476 	6475 	6432
f 6316 	6233 	6231
f 6431 	6430 	6476
f 6478 	6477 	6430
f 6227 	6336 	6245
f 6482 	6481 	6426
f 6666 	6055 	6665
f 6509 	6651 	6653
f 6513 	6512 	5993
f 6666 	6667 	6055
f 5870 	6313 	5871
f 6676 	6065 	6675
f 5881 	6329 	5882
f 6305 	6306 	5859
f 6472 	6471 	6276
f 6471 	6470 	6276
f 6466 	6276 	6467
f 6468 	6467 	6276
f 6430 	6429 	6478
f 6466 	6483 	6276
f 6477 	6476 	6430
f 6432 	6431 	6476
f 6005 	6280 	6451
f 6007 	6005 	6451
f 6280 	6432 	6451
f 6452 	6013 	6011
f 6452 	6283 	6013
f 6463 	6768 	6464
f 6461 	6770 	6462
f 6458 	6740 	6459
f 6276 	6484 	6809
f 6276 	6809 	6740
f 6484 	6276 	6485
f 6277 	6485 	6276
f 6277 	6278 	6485
f 6370 	6485 	6278
f 6244 	6335 	6232
f 5859 	6326 	6305
f 5868 	6310 	6311
f 6311 	6312 	5868
f 6328 	6329 	5880
f 5882 	6329 	6239
f 6244 	6243 	6334
f 6231 	6303 	6316
f 6320 	6237 	6236
f 6765 	6766 	6295
f 6242 	6333 	6243
f 6309 	5865 	5864
f 6234 	6317 	6318
f 5929 	6347 	5930
f 5876 	5875 	6324
f 6331 	6240 	6330
f 6488 	6489 	6487
f 6486 	6487 	6489
f 6490 	6491 	6492
f 6490 	6492 	6493
f 6492 	6494 	6495
f 6492 	6495 	6493
f 6496 	6497 	6498
f 6496 	6498 	6499
f 6503 	6500 	6501
f 6503 	6501 	6504
f 6502 	6499 	6498
f 6505 	6499 	6502
f 5860 	5859 	6306
f 6506 	6507 	6501
f 5860 	6306 	6307
f 6507 	6504 	6501
f 6513 	5946 	6512
f 6517 	5945 	6516
f 5942 	6516 	5945
f 6518 	5945 	6517
f 6519 	5945 	6518
f 6520 	5945 	6519
f 6510 	5945 	6520
f 6510 	6511 	5945
f 6514 	5946 	6513
f 6515 	5946 	6514
f 5941 	5946 	6515
f 6509 	6512 	5946
f 5946 	6508 	6509
f 6489 	6508 	5946
f 5995 	6654 	6514
f 5993 	5995 	6513
f 5995 	6514 	6513
f 6488 	6508 	6489
f 6490 	6493 	6511
f 6493 	5945 	6511
f 6521 	6493 	6495
f 6522 	6496 	6499
f 5880 	5879 	6328
f 6525 	5945 	6524
f 6066 	5945 	6526
f 6531 	6091 	6530
f 6334 	6243 	6333
f 6090 	6530 	6091
f 6335 	6244 	6334
f 6532 	6091 	6531
f 6304 	6232 	6335
f 6532 	6533 	6091
f 6522 	6499 	6091
f 6533 	6522 	6091
f 6525 	6526 	5945
f 6523 	5945 	6521
f 6523 	6524 	5945
f 6493 	6521 	5945
f 6504 	6535 	6503
f 6535 	6504 	5957
f 6505 	6534 	6499
f 6536 	6091 	6534
f 6541 	6091 	6540
f 5980 	6091 	6541
f 6543 	5957 	6542
f 6542 	5957 	6034
f 6319 	6320 	6236
f 6545 	5957 	6544
f 6544 	5957 	6543
f 6537 	5957 	6545
f 6535 	5957 	6537
f 6539 	6091 	6538
f 6540 	6091 	6539
f 6538 	6091 	6536
f 6499 	6534 	6091
f 6504 	6546 	5957
f 5857 	6548 	6549
f 6551 	5957 	6550
f 5957 	6554 	5948
f 6556 	5857 	6555
f 6242 	6332 	6333
f 6307 	6308 	5864
f 6309 	5864 	6308
f 6327 	5879 	6315
f 6236 	6235 	6319
f 6322 	6323 	5875
f 6324 	5875 	6323
f 6325 	5877 	6324
f 5877 	6325 	6326
f 6327 	6328 	5879
f 5881 	5880 	6329
f 6330 	6239 	6329
f 6247 	6245 	6336
f 6224 	6228 	6337
f 6248 	6337 	6246
f 6246 	6337 	6228
f 5932 	5931 	6362
f 6204 	6801 	6205
f 6360 	6261 	6260
f 6251 	6350 	6252
f 6259 	6258 	6358
f 6360 	6361 	6261
f 5921 	5919 	6339
f 6340 	5922 	6339
f 6341 	5923 	6340
f 6341 	6342 	5923
f 6342 	5925 	5924
f 6347 	5929 	5928
f 6348 	6249 	6347
f 6039 	6038 	6446
f 6356 	6357 	6257
f 5924 	5923 	6342
f 6346 	6347 	5928
f 6250 	6349 	6251
f 6253 	6352 	6254
f 6354 	6255 	6353
f 6254 	6353 	6255
f 6337 	6248 	6354
f 6255 	6354 	6248
f 6256 	6356 	6257
f 6258 	6257 	6357
f 6358 	6359 	6259
f 6260 	6259 	6359
f 6359 	6360 	6260
f 6262 	6261 	6361
f 6262 	6362 	5931
f 6361 	6362 	6262
f 5932 	6362 	5933
f 6363 	5933 	6362
f 6363 	5934 	5933
f 6435 	6099 	6434
f 5935 	6365 	5936
f 6366 	5936 	6365
f 6100 	6099 	6436
f 6367 	5937 	6366
f 5936 	6366 	5937
f 5938 	5937 	6368
f 6367 	6368 	5937
f 6368 	5919 	5938
f 6336 	6355 	6247
f 6338 	5919 	6368
f 5919 	6338 	6339
f 5921 	6339 	5922
f 5922 	6340 	5923
f 6343 	5925 	6342
f 5926 	5925 	6344
f 6343 	6344 	5925
f 6345 	5927 	6344
f 5926 	6344 	5927
f 5927 	6345 	5928
f 6346 	5928 	6345
f 6249 	5930 	6347
f 6349 	6250 	6348
f 6249 	6348 	6250
f 6350 	6251 	6349
f 6118 	6468 	6469
f 6252 	6351 	6253
f 6353 	6254 	6352
f 6121 	6472 	6473
f 6256 	6247 	6355
f 6256 	6355 	6356
f 6357 	6358 	6258
f 6557 	5857 	6556
f 6558 	5857 	6557
f 6559 	6548 	5857
f 5952 	6555 	5857
f 5957 	6546 	6547
f 6547 	6550 	5957
f 5957 	6551 	6552
f 6553 	5957 	6552
f 5957 	6553 	6554
f 6548 	6568 	6549
f 6226 	6454 	6223
f 6504 	6507 	6546
f 6213 	6214 	6549
f 6612 	6609 	6319
f 6121 	6471 	6472
f 6528 	6506 	6501
f 6501 	6619 	6528
f 6650 	6649 	6529
f 6649 	6648 	6529
f 6570 	6529 	6648
f 6648 	6647 	6570
f 6647 	6646 	6569
f 6569 	6570 	6647
f 6645 	6644 	6572
f 6577 	6576 	6561
f 6577 	6561 	6578
f 6579 	6578 	6561
f 6580 	6579 	6561
f 6581 	6580 	6561
f 6582 	6581 	6561
f 6015 	6283 	6016
f 6587 	6589 	6590
f 6587 	6590 	6591
f 6561 	6560 	6586
f 6592 	6594 	6595
f 6588 	6585 	6560
f 6592 	6595 	6596
f 6593 	6588 	6560
f 6595 	6599 	6596
f 6597 	6593 	6560
f 6599 	6595 	6598
f 6602 	6603 	6406
f 6407 	6406 	6603
f 6600 	6597 	6560
f 6604 	6605 	6486
f 6604 	6486 	6489
f 6560 	6324 	6600
f 6602 	6607 	6608
f 6602 	6608 	6603
f 6610 	6611 	6587
f 6610 	6587 	6591
f 6601 	6600 	6323
f 6323 	6322 	6601
f 6609 	6606 	6321
f 6320 	6319 	6609
f 6321 	6320 	6609
f 6606 	6601 	6321
f 6324 	6323 	6600
f 6585 	6586 	6560
f 6586 	6584 	6561
f 6584 	6583 	6561
f 6583 	6582 	6561
f 6621 	5955 	6622
f 6620 	5955 	6621
f 6622 	5954 	6623
f 6623 	5953 	6624
f 6626 	5947 	6627
f 6625 	5950 	6626
f 6627 	6564 	6628
f 6628 	6564 	6629
f 6629 	6564 	6630
f 6630 	6564 	6631
f 6632 	6563 	6633
f 6634 	6563 	6635
f 6635 	6563 	6636
f 6637 	6562 	6638
f 6638 	6562 	6639
f 6640 	6562 	6641
f 6642 	6562 	6643
f 6561 	6576 	6644
f 6575 	6574 	6644
f 6572 	6571 	6645
f 6501 	6500 	6619
f 6573 	6572 	6644
f 6574 	6573 	6644
f 6646 	6645 	6571
f 6571 	6569 	6646
f 6529 	6527 	6650
f 6527 	6528 	6650
f 6619 	6650 	6528
f 6576 	6575 	6644
f 6644 	6643 	6561
f 6641 	6562 	6642
f 6639 	6562 	6640
f 6561 	6643 	6562
f 6636 	6562 	6637
f 6563 	6562 	6636
f 6634 	6633 	6563
f 6631 	6564 	6632
f 6624 	5950 	6625
f 6618 	5959 	6620
f 6502 	6498 	6618
f 6563 	6632 	6564
f 6652 	6492 	6491
f 6486 	6411 	6651
f 6796 	6795 	6654
f 6655 	6654 	6795
f 6659 	6567 	6660
f 6661 	6660 	6567
f 6662 	6661 	6567
f 6566 	6665 	6567
f 6662 	6567 	6663
f 6663 	6567 	6664
f 6664 	6567 	6665
f 6666 	6665 	6566
f 6667 	6666 	6566
f 6566 	6690 	6673
f 6674 	6673 	6690
f 6678 	6686 	6679
f 6679 	6684 	6680
f 6680 	6684 	6681
f 6681 	6682 	6652
f 6497 	5959 	6498
f 6683 	6681 	6684
f 6684 	6679 	6685
f 6686 	6677 	6687
f 6676 	6675 	6688
f 6690 	6566 	6691
f 6694 	6565 	6695
f 6697 	6696 	6565
f 6696 	6695 	6565
f 5858 	6697 	6565
f 6565 	6564 	5858
f 5861 	6564 	5863
f 5918 	5866 	6564
f 5866 	5863 	6564
f 5918 	6564 	5920
f 5943 	5920 	6564
f 5943 	6564 	5944
f 5950 	6624 	5951
f 5954 	6622 	5955
f 5955 	6620 	5956
f 5956 	6620 	5959
f 5953 	6623 	5954
f 5951 	6624 	5953
f 5949 	6626 	5950
f 5959 	6618 	6498
f 5947 	6626 	5949
f 6564 	6627 	5944
f 5947 	5944 	6627
f 5861 	5858 	6564
f 6694 	6693 	6565
f 6692 	6566 	6693
f 6566 	6565 	6693
f 6566 	6692 	6691
f 6689 	6688 	6675
f 6687 	6677 	6688
f 6685 	6679 	6686
f 6492 	6652 	6682
f 6494 	6492 	6682
f 6682 	6681 	6683
f 6677 	6686 	6678
f 6676 	6688 	6677
f 6690 	6689 	6675
f 6675 	6674 	6690
f 6671 	6566 	6672
f 6673 	6672 	6566
f 6566 	6671 	6669
f 6566 	6669 	6670
f 6566 	6670 	6668
f 6668 	6667 	6566
f 6659 	6658 	6567
f 6654 	5995 	6796
f 5995 	5993 	6797
f 6797 	6796 	5995
f 6653 	6651 	6792
f 6651 	6487 	6486
f 6560 	6698 	6302
f 6561 	6699 	6698
f 6561 	6698 	6560
f 6699 	6561 	6700
f 6562 	6700 	6561
f 6563 	6701 	6700
f 6563 	6700 	6562
f 6701 	6563 	6702
f 6564 	6702 	6563
f 6565 	6703 	6702
f 6565 	6702 	6564
f 6703 	6565 	6704
f 6566 	6704 	6565
f 6567 	6705 	6704
f 6567 	6704 	6566
f 6506 	6528 	6507
f 6656 	6657 	6045
f 6046 	6657 	6047
f 6050 	6661 	6662
f 6130 	6706 	6707
f 6710 	6130 	6709
f 6709 	6130 	6708
f 6711 	6130 	6710
f 6706 	6130 	6711
f 6714 	6708 	6130
f 6713 	6130 	6712
f 6712 	6130 	6127
f 6714 	6130 	6713
f 6716 	6129 	6715
f 6721 	6129 	6720
f 6128 	6129 	6721
f 6718 	6129 	6717
f 6716 	6717 	6129
f 6719 	6129 	6718
f 6719 	6720 	6129
f 6614 	6715 	6129
f 6614 	6129 	6613
f 6591 	6613 	6129
f 5903 	5902 	6717
f 5901 	5903 	6716
f 6717 	6716 	5903
f 6591 	6590 	6613
f 6592 	6596 	6707
f 6707 	6596 	6130
f 6599 	6722 	6596
f 6724 	6130 	6723
f 6726 	6210 	6725
f 6727 	6210 	6726
f 6729 	6210 	6728
f 6728 	6210 	6727
f 6405 	6210 	6729
f 6725 	6210 	6730
f 6732 	6130 	6731
f 6731 	6130 	6724
f 6733 	6130 	6732
f 6176 	6130 	6734
f 6734 	6130 	6733
f 6175 	6730 	6210
f 6723 	6130 	6722
f 6596 	6722 	6130
f 6407 	6603 	6405
f 6210 	6405 	6603
f 6603 	6608 	6735
f 5946 	6736 	6489
f 6604 	6489 	6736
f 6603 	6735 	6210
f 6417 	6410 	5946
f 6416 	6186 	6210
f 6414 	6210 	6413
f 6415 	6416 	6210
f 6414 	6415 	6210
f 6419 	5946 	6418
f 6420 	5946 	6419
f 6201 	6418 	5946
f 6417 	5946 	6421
f 5946 	6420 	6421
f 6210 	6409 	6412
f 6413 	6210 	6412
f 6409 	6210 	6735
f 6410 	6736 	5946
f 6610 	6591 	6737
f 6129 	6737 	6591
f 6014 	6275 	6126
f 6288 	6129 	6287
f 6290 	6129 	6289
f 6293 	6129 	6292
f 6291 	6292 	6129
f 6158 	6287 	6129
f 6295 	6126 	6294
f 6126 	6284 	6294
f 6298 	6126 	6297
f 6300 	6126 	6299
f 6296 	6126 	6295
f 6126 	6300 	6159
f 6298 	6299 	6126
f 6297 	6126 	6296
f 6129 	6293 	6285
f 6290 	6291 	6129
f 6288 	6289 	6129
f 6284 	6126 	6275
f 6129 	6285 	6737
f 6743 	5890 	6744
f 6398 	6397 	5895
f 5896 	5895 	6397
f 6397 	6396 	5896
f 5890 	6743 	5892
f 5892 	6743 	5893
f 5893 	6743 	5894
f 5894 	6743 	5895
f 6400 	6399 	6743
f 6399 	6398 	6743
f 5895 	6743 	6398
f 6401 	6400 	6743
f 6611 	6286 	6587
f 6750 	6749 	5901
f 5903 	5901 	6749
f 5902 	5903 	6748
f 6748 	6747 	5902
f 5904 	5902 	6747
f 6747 	6746 	5904
f 5905 	5904 	6746
f 5910 	5909 	6744
f 5911 	5910 	6744
f 5912 	5911 	6744
f 5913 	5912 	6744
f 5914 	5913 	6744
f 5915 	5914 	6744
f 5915 	6744 	5888
f 6742 	6381 	6743
f 5891 	6744 	5890
f 5889 	6744 	5891
f 5888 	6744 	5889
f 6015 	6013 	6283
f 6751 	6750 	5901
f 5901 	5900 	6751
f 6739 	6744 	6763
f 6744 	5909 	6745
f 5909 	5908 	6745
f 6740 	6738 	6752
f 6754 	6753 	6738
f 6738 	6739 	6756
f 6757 	6756 	6739
f 6759 	6758 	6739
f 6760 	6759 	6739
f 6761 	6760 	6739
f 6762 	6761 	6739
f 6763 	6762 	6739
f 6283 	6452 	6764
f 6764 	6453 	6765
f 6765 	6453 	6766
f 6766 	6465 	6767
f 6768 	6462 	6769
f 6770 	6460 	6771
f 6772 	6740 	6773
f 6745 	6763 	6744
f 6758 	6757 	6739
f 6755 	6754 	6738
f 6756 	6755 	6738
f 6753 	6752 	6738
f 6775 	6740 	6752
f 6774 	6740 	6775
f 6774 	6773 	6740
f 6772 	6771 	6740
f 6769 	6462 	6770
f 6767 	6464 	6768
f 6740 	6771 	6459
f 6459 	6771 	6460
f 6460 	6770 	6461
f 6746 	6745 	5905
f 5906 	5905 	6745
f 5907 	5906 	6745
f 5908 	5907 	6745
f 6749 	6748 	5903
f 6286 	6751 	5899
f 5899 	6587 	6286
f 5900 	5899 	6751
f 6589 	6587 	5899
f 6594 	5887 	6595
f 5887 	5886 	6373
f 6785 	6784 	6741
f 6784 	6783 	6389
f 6391 	6390 	6782
f 6782 	6781 	6391
f 6781 	6780 	6391
f 6404 	6743 	6381
f 6381 	6742 	6382
f 6382 	6742 	6383
f 6384 	6742 	6385
f 6383 	6742 	6384
f 6386 	6742 	6387
f 6385 	6742 	6386
f 6387 	6741 	6388
f 6786 	6741 	6787
f 6787 	6741 	6788
f 6374 	6372 	5886
f 5886 	5885 	6374
f 5885 	5884 	6374
f 6392 	6374 	5884
f 6393 	6392 	5884
f 5898 	5897 	6395
f 6395 	6394 	5898
f 6401 	6743 	6402
f 6402 	6743 	6403
f 6741 	6387 	6742
f 6403 	6743 	6404
f 6789 	6741 	6790
f 6788 	6741 	6789
f 6786 	6785 	6741
f 6388 	6741 	6389
f 5977 	5976 	6600
f 6617 	6559 	6616
f 6550 	6547 	6527
f 6569 	6571 	6553
f 5962 	6575 	5963
f 6750 	6293 	6292
f 6527 	6529 	6550
f 6155 	6761 	6156
f 5970 	6583 	5971
f 6765 	6295 	6294
f 5973 	6585 	6588
f 5979 	6601 	6606
f 6555 	5952 	6606
f 6046 	6045 	6657
f 6658 	6047 	6657
f 6047 	6658 	6659
f 6050 	6660 	6661
f 6551 	6550 	6529
f 6553 	6552 	6569
f 6554 	6553 	6571
f 6554 	6571 	6572
f 5962 	6574 	6575
f 6576 	5963 	6575
f 5967 	6579 	6580
f 5967 	6580 	5968
f 6581 	5968 	6580
f 5968 	6581 	6582
f 5970 	6582 	6583
f 6584 	5971 	6583
f 5973 	6586 	6585
f 5976 	6593 	6597
f 6597 	6600 	5976
f 6609 	6555 	6606
f 6045 	6655 	6656
f 6612 	6556 	6609
f 6769 	6770 	6299
f 6773 	6162 	6161
f 6289 	6747 	6290
f 6063 	6673 	6674
f 6752 	6147 	6146
f 6758 	6759 	6152
f 6761 	6155 	6154
f 6777 	6778 	6413
f 6677 	6516 	6676
f 6678 	6517 	6677
f 6157 	6763 	6158
f 6041 	6447 	6449
f 6029 	6428 	6031
f 6791 	6202 	6197
f 6780 	6781 	6416
f 6035 	6432 	6020
f 6036 	6433 	6434
f 6443 	6107 	6106
f 6432 	6035 	6431
f 6280 	6020 	6432
f 6103 	6439 	6440
f 6439 	6103 	6438
f 6106 	6442 	6443
f 6029 	6427 	6428
f 6429 	6031 	6428
f 6036 	6199 	6433
f 6101 	6436 	6437
f 6438 	6101 	6437
f 6442 	6106 	6441
f 6551 	6529 	6570
f 6536 	6534 	6618
f 6500 	6503 	6619
f 6618 	6620 	6536
f 6162 	6773 	6163
f 6164 	6775 	6146
f 6758 	6152 	6151
f 6156 	6763 	6157
f 6287 	6158 	6763
f 6160 	6159 	6771
f 6747 	6748 	6290
f 6290 	6748 	6291
f 6291 	6749 	6292
f 6761 	6762 	6156
f 6156 	6762 	6763
f 6769 	6299 	6298
f 6300 	6771 	6159
f 6160 	6771 	6161
f 6150 	6756 	6151
f 6153 	6152 	6759
f 6760 	6154 	6759
f 6288 	6746 	6289
f 6148 	6147 	6754
f 6296 	6767 	6297
f 6767 	6768 	6297
f 6163 	6775 	6164
f 6752 	6146 	6775
f 6283 	6764 	6284
f 6057 	6667 	6668
f 6790 	6791 	6196
f 6063 	6674 	6675
f 6801 	6204 	6203
f 6670 	6058 	6057
f 6200 	6794 	6201
f 6796 	6419 	6795
f 5897 	5896 	6395
f 6394 	6393 	5898
f 5883 	5898 	6393
f 5884 	5883 	6393
f 6396 	6395 	5896
f 6567 	6799 	6741
f 6372 	6373 	5886
f 6595 	5887 	6373
f 6798 	6417 	6421
f 6373 	6598 	6595
f 6406 	6380 	6602
f 6408 	6602 	6380
f 6380 	6379 	6776
f 6379 	6378 	6776
f 6377 	6376 	6779
f 6378 	6377 	6778
f 6780 	6779 	6376
f 6783 	6782 	6389
f 6390 	6389 	6782
f 6798 	5993 	6792
f 6793 	6806 	6658
f 6658 	6657 	6793
f 6657 	6656 	6793
f 6795 	6794 	6655
f 6785 	6191 	6190
f 6192 	6191 	6785
f 6799 	6567 	6800
f 6801 	6800 	6567
f 6802 	6801 	6567
f 6803 	6567 	6804
f 6195 	6790 	6196
f 6805 	6567 	6806
f 6567 	6658 	6806
f 6197 	6196 	6791
f 6567 	6805 	6804
f 6803 	6802 	6567
f 6791 	6741 	6799
f 6656 	6655 	6794
f 6794 	6793 	6656
f 6790 	6741 	6791
f 6741 	6784 	6389
f 6778 	6777 	6378
f 6777 	6776 	6378
f 6776 	6408 	6380
f 6779 	6778 	6377
f 6607 	6602 	6408
f 6376 	6375 	6780
f 6375 	6391 	6780
f 5993 	6653 	6792
f 6411 	6792 	6651
f 6605 	6411 	6486
f 6798 	6797 	5993
f 6161 	6772 	6773
f 6738 	6807 	6808
f 6738 	6808 	6739
f 6807 	6738 	6809
f 6740 	6809 	6738
f 6705 	6567 	6810
f 6741 	6810 	6567
f 6810 	6741 	6811
f 6742 	6811 	6741
f 6743 	6812 	6811
f 6743 	6811 	6742
f 6812 	6743 	6813
f 6744 	6813 	6743
f 6750 	6292 	6749
f 6739 	6808 	6813
f 6739 	6813 	6744
f 6705 	6810 	6811
f 6705 	6811 	6812
f 6705 	6812 	6813
f 6705 	6813 	6808
f 6705 	6808 	6807
f 6705 	6807 	6809
f 6705 	6809 	6484
f 6484 	6485 	6705
f 6147 	6753 	6754
f 6590 	5899 	6613
f 6614 	6613 	5899
f 6590 	6589 	5899
f 6148 	6754 	6149
f 6150 	6149 	6756
f 6594 	6592 	5887
f 6707 	5887 	6592
f 6706 	5887 	6707
f 6161 	6771 	6772
f 6163 	6774 	6775
f 6746 	6288 	6745
f 6286 	6285 	6751
f 6057 	6668 	6670
f 6753 	6147 	6752
f 6754 	6755 	6149
f 6149 	6755 	6756
f 6154 	6760 	6761
f 6682 	6521 	6495
f 6497 	6496 	5959
f 6522 	5959 	6496
f 6287 	6763 	6745
f 6287 	6745 	6288
f 6747 	6289 	6746
f 6293 	6750 	6751
f 6151 	6756 	6757
f 6757 	6758 	6151
f 6153 	6759 	6154
f 6294 	6284 	6764
f 6294 	6764 	6765
f 6163 	6773 	6774
f 6749 	6291 	6748
f 6293 	6751 	6285
f 6296 	6295 	6766
f 6767 	6296 	6766
f 6298 	6297 	6768
f 6769 	6298 	6768
f 6300 	6299 	6770
f 6771 	6300 	6770
f 6284 	6275 	6283
f 6737 	6286 	6610
f 6285 	6286 	6737
f 6599 	6598 	6373
f 6722 	6599 	6373
f 6686 	6687 	6526
f 6372 	6374 	6723
f 6089 	5951 	6090
f 6447 	6040 	6448
f 6446 	6448 	6039
f 6201 	6794 	6418
f 6040 	6039 	6448
f 6186 	6416 	6781
f 6444 	6282 	6093
f 6370 	6705 	6485
f 6411 	6410 	6792
f 6000 	6279 	6018
f 6019 	6018 	6279
f 5998 	6279 	6000
f 5999 	6003 	6280
f 6022 	6280 	6003
f 6097 	6424 	6023
f 6192 	6786 	6193
f 6420 	6797 	6421
f 6427 	6029 	6027
f 6430 	6033 	6032
f 6098 	6434 	6099
f 6435 	6436 	6099
f 6104 	6440 	6105
f 6441 	6106 	6105
f 6443 	6444 	6107
f 6425 	6024 	6424
f 6426 	6026 	6425
f 6427 	6027 	6426
f 6792 	6417 	6798
f 6207 	6804 	6208
f 6784 	6785 	6190
f 5906 	5907 	6721
f 6545 	6650 	6537
f 5988 	6631 	6632
f 5990 	5989 	6633
f 6541 	6540 	6623
f 6541 	6623 	6624
f 6803 	6804 	6206
f 6780 	6416 	6415
f 6188 	6782 	6189
f 6190 	6189 	6784
f 6195 	6789 	6790
f 6793 	6794 	6198
f 5983 	6625 	6626
f 5983 	6626 	6627
f 6793 	6198 	6209
f 6373 	6372 	6722
f 6729 	6379 	6405
f 6385 	6169 	6168
f 6169 	6385 	6170
f 6400 	6181 	6180
f 6400 	6401 	6181
f 6388 	6389 	6172
f 6394 	6395 	6733
f 6734 	6396 	6176
f 6723 	6722 	6372
f 6187 	6186 	6781
f 6782 	6188 	6781
f 6783 	6784 	6189
f 6194 	6193 	6788
f 6802 	6803 	6205
f 6408 	6776 	6409
f 6414 	6413 	6778
f 6783 	6189 	6782
f 6789 	6195 	6788
f 6207 	6206 	6804
f 6798 	6421 	6797
f 6799 	6202 	6791
f 6187 	6781 	6188
f 6103 	6440 	6104
f 6441 	6105 	6440
f 6279 	6445 	6019
f 6199 	6042 	6450
f 6281 	6094 	6093
f 6282 	6281 	6093
f 6422 	6095 	6281
f 6094 	6281 	6095
f 6422 	6423 	6095
f 6096 	6095 	6423
f 6097 	6096 	6424
f 6423 	6424 	6096
f 6024 	6023 	6424
f 6024 	6425 	6026
f 6026 	6426 	6027
f 6031 	6429 	6032
f 6430 	6032 	6429
f 6033 	6430 	6431
f 6431 	6035 	6033
f 6450 	6433 	6199
f 6036 	6434 	6037
f 6098 	6037 	6434
f 6100 	6436 	6101
f 6438 	6102 	6101
f 6438 	6103 	6102
f 6108 	6107 	6444
f 6038 	6019 	6445
f 6445 	6446 	6038
f 6447 	6041 	6040
f 6042 	6041 	6449
f 6449 	6450 	6042
f 6444 	6093 	6108
f 6008 	6007 	6451
f 6008 	6451 	6221
f 6223 	6452 	6010
f 6011 	6010 	6452
f 6451 	6475 	6221
f 6697 	6077 	6076
f 6697 	6078 	6077
f 6684 	6524 	6523
f 6081 	5866 	6082
f 6131 	5888 	5916
f 5912 	6143 	6142
f 5894 	6136 	6135
f 6141 	5912 	6142
f 5888 	6131 	6145
f 5917 	5891 	6132
f 5890 	5892 	6132
f 6711 	5886 	6706
f 5890 	6132 	5891
f 5899 	5900 	6614
f 6716 	6715 	5901
f 6720 	6719 	5905
f 6721 	6720 	5906
f 6638 	6002 	6637
f 6649 	6544 	6648
f 6650 	6545 	6649
f 6619 	6537 	6650
f 5988 	6630 	6631
f 6419 	6796 	6420
f 6799 	6800 	6202
f 6801 	6203 	6800
f 6418 	6795 	6419
f 6203 	6202 	6800
f 6205 	6801 	6802
f 6778 	6779 	6414
f 6206 	6205 	6803
f 6452 	6223 	6454
f 6085 	6084 	5944
f 5943 	5944 	6084
f 5944 	6086 	6085
f 5951 	6089 	6088
f 6530 	6090 	5951
f 6684 	6685 	6524
f 6066 	6526 	6687
f 6688 	6068 	6067
f 6691 	6071 	6070
f 6692 	6072 	6691
f 6074 	6694 	6075
f 5863 	6080 	6079
f 5866 	6081 	6080
f 6532 	6531 	5954
f 6533 	5956 	6522
f 6068 	6688 	6069
f 6695 	6696 	6075
f 6076 	6696 	6697
f 5866 	6080 	5863
f 5909 	6139 	6138
f 5909 	6140 	6139
f 5911 	5912 	6141
f 5894 	6135 	6134
f 5916 	5888 	5889
f 6136 	5895 	6127
f 5896 	6713 	6712
f 6138 	5908 	5909
f 5911 	6141 	6140
f 6143 	5913 	6144
f 5901 	6715 	5900
f 5907 	5908 	6137
f 6708 	5883 	6709
f 5996 	6636 	6637
f 6544 	6649 	6545
f 6699 	6700 	6698
f 6700 	6701 	6698
f 6371 	6698 	6702
f 6703 	6371 	6702
f 6704 	6371 	6703
f 6370 	6369 	6705
f 6369 	6371 	6705
f 6507 	6528 	6546
f 6547 	6546 	6528
f 6503 	6535 	6619
f 6213 	6568 	6211
f 6549 	6568 	6213
f 6554 	6572 	5948
f 5978 	5977 	6601
f 5978 	6601 	5979
f 6559 	6617 	6548
f 6528 	6527 	6547
f 6577 	5964 	5963
f 6579 	5966 	6578
f 5979 	6606 	5952
f 6615 	6557 	6612
f 6616 	6558 	6615
f 6570 	6569 	6552
f 5958 	5948 	6572
f 6572 	6573 	5958
f 5960 	5958 	6573
f 6574 	5961 	6573
f 5960 	6573 	5961
f 6574 	5962 	5961
f 6576 	6577 	5963
f 6577 	6578 	5964
f 5965 	5964 	6578
f 5965 	6578 	5966
f 5966 	6579 	5967
f 6582 	5969 	5968
f 6582 	5970 	5969
f 5973 	5972 	6586
f 6588 	5974 	5973
f 5974 	6588 	5975
f 6593 	5975 	6588
f 6593 	5976 	5975
f 5977 	6600 	6601
f 6555 	6609 	6556
f 6556 	6612 	6557
f 6557 	6615 	6558
f 6558 	6616 	6559
f 6568 	6548 	6617
f 6420 	6796 	6797
f 6412 	6409 	6776
f 6777 	6413 	6412
f 6777 	6412 	6776
f 6415 	6414 	6779
f 6780 	6415 	6779
f 6192 	6785 	6786
f 6787 	6193 	6786
f 6788 	6193 	6787
f 6194 	6788 	6195
f 6417 	6792 	6410
f 6209 	6806 	6793
f 6200 	6198 	6794
f 6795 	6418 	6794
f 6208 	6804 	6805
f 6806 	6209 	6805
f 6208 	6805 	6209
f 6409 	6735 	6408
f 6607 	6408 	6608
f 6736 	6411 	6604
f 6410 	6411 	6736
f 6605 	6604 	6411
f 6388 	6172 	6171
f 6174 	6390 	6175
f 6182 	6181 	6401
f 6183 	6182 	6401
f 6404 	6381 	6185
f 6384 	6168 	6167
f 6394 	6733 	6732
f 6402 	6184 	6183
f 6375 	6725 	6391
f 6377 	6727 	6376
f 6378 	6728 	6377
f 6381 	6166 	6165
f 6391 	6730 	6390
f 6183 	6401 	6402
f 6404 	6185 	6184
f 6376 	6726 	6375
f 6380 	6405 	6379
f 6165 	6185 	6381
f 6168 	6384 	6385
f 6392 	6731 	6724
f 6734 	6733 	6395
f 6395 	6396 	6734
f 6399 	6400 	6180
f 6724 	6723 	6374
f 6725 	6375 	6726
f 6727 	6377 	6728
f 6379 	6729 	6378
f 6387 	6171 	6386
f 6170 	6386 	6171
f 6171 	6387 	6388
f 6173 	6172 	6389
f 6390 	6174 	6389
f 6173 	6389 	6174
f 6175 	6390 	6730
f 6730 	6391 	6725
f 6374 	6392 	6724
f 6392 	6393 	6731
f 6732 	6731 	6393
f 6394 	6732 	6393
f 6177 	6176 	6396
f 6397 	6178 	6396
f 6177 	6396 	6178
f 6397 	6398 	6178
f 6179 	6178 	6398
f 6179 	6398 	6180
f 6399 	6180 	6398
f 6403 	6184 	6402
f 6403 	6404 	6184
f 6478 	6270 	6269
f 6113 	6459 	6114
f 6266 	6465 	6225
f 6267 	6221 	6475
f 6481 	6273 	6272
f 6225 	6453 	6226
f 6478 	6479 	6270
f 6274 	6273 	6482
f 6274 	6483 	6124
f 6453 	6225 	6465
f 6463 	6264 	6462
f 6116 	6467 	6117
f 6530 	5953 	6531
f 6525 	6524 	6685
f 6075 	6694 	6695
f 6087 	5949 	6088
f 6685 	6686 	6525
f 6694 	6074 	6073
f 6532 	5955 	6533
f 6071 	6691 	6072
f 5943 	6084 	6083
f 5949 	6087 	6086
f 6692 	6073 	6072
f 6082 	5866 	5918
f 5918 	6083 	6082
f 5954 	6531 	5953
f 6076 	6075 	6696
f 5861 	6079 	5858
f 6682 	6683 	6521
f 5858 	6078 	6697
f 6714 	5898 	6708
f 6715 	6614 	5900
f 6719 	5904 	5905
f 6138 	6137 	5908
f 5884 	6709 	5883
f 6709 	5884 	6710
f 5898 	6714 	5897
f 6143 	5912 	5913
f 6144 	5914 	6145
f 5883 	6708 	5898
f 5886 	6711 	5885
f 6145 	5915 	5888
f 6719 	6718 	5904
f 6128 	6721 	5907
f 5914 	6144 	5913
f 6145 	5914 	5915
f 6710 	5884 	5885
f 6710 	5885 	6711
f 5887 	6706 	5886
f 6133 	6132 	5892
f 6133 	5892 	6134
f 5893 	6134 	5892
f 6134 	5893 	5894
f 6136 	5894 	5895
f 6127 	5895 	6712
f 5896 	6712 	5895
f 5897 	6713 	5896
f 6713 	5897 	6714
f 6718 	6717 	5902
f 5902 	5904 	6718
f 5905 	5906 	6720
f 6137 	6128 	5907
f 5910 	6140 	5909
f 5911 	6140 	5910
f 6117 	6468 	6118
f 6118 	6470 	6119
f 6119 	6470 	6120
f 6471 	6120 	6470
f 6471 	6121 	6120
f 6473 	6122 	6121
f 6122 	6473 	6123
f 6474 	6123 	6473
f 6455 	6109 	6474
f 6475 	6476 	6267
f 6268 	6267 	6476
f 6476 	6477 	6268
f 6269 	6268 	6477
f 6477 	6478 	6269
f 6271 	6270 	6479
f 6272 	6271 	6480
f 6479 	6480 	6271
f 6480 	6481 	6272
f 6481 	6482 	6273
f 6125 	6124 	6483
f 6482 	6483 	6274
f 6226 	6453 	6454
f 6123 	6474 	6109
f 6109 	6455 	6456
f 6109 	6456 	6110
f 6110 	6456 	6111
f 6457 	6111 	6456
f 6457 	6458 	6111
f 6112 	6111 	6458
f 6112 	6458 	6113
f 6459 	6113 	6458
f 6460 	6229 	6459
f 6229 	6114 	6459
f 6229 	6460 	6230
f 6461 	6230 	6460
f 6462 	6263 	6461
f 6230 	6461 	6263
f 6263 	6462 	6264
f 6464 	6265 	6463
f 6264 	6463 	6265
f 6265 	6464 	6266
f 6465 	6266 	6464
f 6483 	6466 	6125
f 6115 	6125 	6466
f 6467 	6116 	6466
f 6115 	6466 	6116
f 6468 	6117 	6467
f 6118 	6469 	6470
f 6726 	6376 	6727
f 6728 	6378 	6729
f 6166 	6381 	6382
f 6167 	6166 	6383
f 6382 	6383 	6166
f 6383 	6384 	6167
f 6170 	6385 	6386
f 6584 	6586 	5971
f 5972 	5971 	6586
f 6570 	6552 	6551
f 6502 	6618 	6505
f 6505 	6618 	6534
f 6537 	6619 	6535
f 6030 	6646 	6034
f 6639 	6004 	6002
f 6539 	6538 	6621
f 6540 	6539 	6622
f 5986 	5985 	6629
f 6634 	6635 	5991
f 6639 	6009 	6004
f 6642 	6017 	6012
f 6642 	6643 	6017
f 6648 	6544 	6543
f 6620 	6538 	6536
f 6620 	6621 	6538
f 6621 	6622 	6539
f 6622 	6623 	6540
f 6541 	6624 	5980
f 5981 	5980 	6624
f 5950 	6088 	5949
f 5951 	6088 	5950
f 5959 	6522 	5956
f 6689 	6069 	6688
f 6069 	6689 	6070
f 6690 	6070 	6689
f 6070 	6690 	6691
f 6073 	6692 	6693
f 6693 	6694 	6073
f 6078 	5858 	6079
f 5861 	5863 	6079
f 5918 	5920 	6083
f 5920 	5943 	6083
f 6086 	5944 	5947
f 6086 	5947 	5949
f 6530 	5951 	5953
f 6532 	5954 	5955
f 5956 	6533 	5955
f 6523 	6521 	6683
f 6684 	6523 	6683
f 6526 	6525 	6686
f 6067 	6066 	6687
f 6067 	6687 	6688
f 6625 	5982 	6624
f 5981 	6624 	5982
f 6625 	5983 	5982
f 6627 	5984 	5983
f 5984 	6627 	5985
f 6628 	5985 	6627
f 6628 	6629 	5985
f 5986 	6629 	5987
f 6630 	5987 	6629
f 6630 	5988 	5987
f 6632 	5989 	5988
f 6632 	6633 	5989
f 5990 	6633 	5991
f 6634 	5991 	6633
f 5992 	5991 	6635
f 6635 	6636 	5992
f 5994 	5992 	6636
f 5996 	5994 	6636
f 5996 	6637 	6002
f 6638 	6639 	6002
f 6640 	6009 	6639
f 6640 	6641 	6009
f 6012 	6009 	6641
f 6642 	6012 	6641
f 6021 	6017 	6643
f 6021 	6643 	6025
f 6644 	6025 	6643
f 6028 	6025 	6645
f 6645 	6025 	6644
f 6646 	6030 	6645
f 6028 	6645 	6030
f 6542 	6034 	6646
f 6647 	6542 	6646
f 6648 	6543 	6647
f 6542 	6647 	6543
f 6509 	6508 	6651
f 6508 	6488 	6651
f 6488 	6487 	6651
f 6491 	6490 	6652
f 6510 	6652 	6511
f 6511 	6652 	6490
f 6494 	6682 	6495
f 6516 	5942 	6676
f 6519 	6680 	6520
f 6652 	6510 	6681
f 6653 	5993 	6512
f 5941 	6515 	6655
f 6053 	6664 	6054
f 6055 	6054 	6665
f 6667 	6056 	6055
f 6667 	6057 	6056
f 6670 	6669 	6058
f 6059 	6058 	6669
f 6669 	6671 	6059
f 6671 	6060 	6059
f 6060 	6671 	6061
f 6672 	6061 	6671
f 6061 	6672 	6062
f 6673 	6062 	6672
f 6063 	6062 	6673
f 6675 	6064 	6063
f 6064 	6675 	6065
f 6065 	6676 	5942
f 6516 	6677 	6517
f 6679 	6518 	6678
f 6517 	6678 	6518
f 6518 	6679 	6519
f 6680 	6519 	6679
f 6681 	6520 	6680
f 6520 	6681 	6510
f 6653 	6512 	6509
f 6515 	6514 	6654
f 6654 	6655 	6515
f 6655 	6045 	6044
f 6659 	6048 	6047
f 6660 	6049 	6659
f 6048 	6659 	6049
f 6050 	6049 	6660
f 6662 	6051 	6050
f 6662 	6663 	6051
f 6052 	6051 	6663
f 6053 	6052 	6664
f 6663 	6664 	6052
f 6665 	6054 	6664
# 1910 faces

 #end of obj_8

o obj_9
v 24.901 		80.503 		29.973
v 24.898 		80.503 		29.987
v 24.901 		80.503 		30.027
v 24.898 		80.503 		30.013
v 24.905 		80.503 		30.039
v 24.911 		80.503 		30.051
v 24.919 		80.503 		30.062
v 24.928 		80.503 		30.072
v 24.938 		80.503 		30.081
v 24.949 		80.503 		30.089
v 24.961 		80.503 		30.095
v 24.974 		80.503 		30.099
v 24.987 		80.503 		30.102
v 25 		80.503 		30.103
v 25.013 		80.503 		30.102
v 25.027 		80.503 		30.099
v 25.039 		80.503 		30.095
v 25.051 		80.503 		30.089
v 25.063 		80.503 		30.081
v 25.073 		80.503 		30.072
v 25.081 		80.503 		30.062
v 25.089 		80.503 		30.051
v 25.095 		80.503 		30.039
v 25.099 		80.503 		30.027
v 25.102 		80.503 		30.013
v 25.103 		80.503 		30
v 25.102 		80.503 		29.987
v 25.099 		80.503 		29.973
v 25.095 		80.503 		29.961
v 25.013 		80.003 		29.898
v 24.987 		80.003 		29.898
v 24.987 		80.503 		29.898
v 25.013 		80.503 		29.898
v 24.898 		80.003 		29.987
v 24.898 		80.003 		30.013
v 30 		80.503 		35
v 30 		80.003 		35
v 30 		80.003 		25
v 30 		80.503 		25
v 20 		80.503 		25
v 20 		80.003 		25
v 20 		80.003 		35
v 20 		80.503 		35
v 25.051 		80.003 		30.089
v 25.063 		80.003 		30.081
v 24.949 		80.003 		29.911
v 25.073 		80.003 		30.072
v 24.938 		80.003 		29.919
v 25.081 		80.003 		30.062
v 24.928 		80.003 		29.928
v 24.919 		80.003 		29.938
v 25.089 		80.003 		30.051
v 24.911 		80.003 		29.949
v 25.095 		80.003 		30.039
v 25.099 		80.003 		30.027
v 24.974 		80.003 		29.901
v 25.102 		80.003 		30.013
v 24.961 		80.003 		29.905
v 25.081 		80.003 		29.938
v 25.073 		80.003 		29.928
v 25.063 		80.003 		29.919
v 25.051 		80.003 		29.911
v 25.039 		80.003 		29.905
v 25.027 		80.003 		29.901
v 25.089 		80.003 		29.949
v 24.905 		80.003 		29.961
v 24.901 		80.003 		29.973
v 24.901 		80.003 		30.027
v 24.905 		80.003 		30.039
v 24.911 		80.003 		30.051
v 24.919 		80.003 		30.062
v 24.928 		80.003 		30.072
v 24.938 		80.003 		30.081
v 24.949 		80.003 		30.089
v 24.961 		80.003 		30.095
v 24.974 		80.003 		30.099
v 24.987 		80.003 		30.102
v 25 		80.003 		30.103
v 25.013 		80.003 		30.102
v 25.027 		80.003 		30.099
v 25.039 		80.003 		30.095
v 25.103 		80.003 		30
v 25.102 		80.003 		29.987
v 25.099 		80.003 		29.973
v 25.095 		80.003 		29.961
v 24.949 		80.503 		29.911
v 24.938 		80.503 		29.919
v 24.928 		80.503 		29.928
v 24.919 		80.503 		29.938
v 24.911 		80.503 		29.949
v 24.974 		80.503 		29.901
v 24.961 		80.503 		29.905
v 25.081 		80.503 		29.938
v 25.073 		80.503 		29.928
v 25.063 		80.503 		29.919
v 25.051 		80.503 		29.911
v 25.039 		80.503 		29.905
v 25.027 		80.503 		29.901
v 25.089 		80.503 		29.949
v 24.905 		80.503 		29.961
# 100 vertices

g group_9_15277357

usemtl color_15277357
s 0

f 6843 	6846 	6844
f 6845 	6844 	6846
f 6817 	6848 	6847
f 6817 	6847 	6815
f 6849 	6850 	6851
f 6849 	6851 	6852
f 6853 	6854 	6855
f 6853 	6855 	6856
f 6858 	6850 	6857
f 6860 	6850 	6858
f 6862 	6850 	6860
f 6861 	6854 	6859
f 6864 	6854 	6863
f 6867 	6850 	6865
f 6862 	6865 	6850
f 6864 	6866 	6854
f 6868 	6850 	6867
f 6870 	6850 	6868
f 6871 	6854 	6869
f 6869 	6854 	6844
f 6859 	6854 	6871
f 6874 	6851 	6873
f 6875 	6851 	6874
f 6876 	6851 	6875
f 6877 	6851 	6876
f 6843 	6851 	6877
f 6872 	6851 	6878
f 6872 	6873 	6851
f 6880 	6854 	6879
f 6866 	6879 	6854
f 6854 	6880 	6847
f 6883 	6855 	6882
f 6885 	6855 	6884
f 6886 	6855 	6885
f 6887 	6855 	6886
f 6883 	6884 	6855
f 6889 	6855 	6888
f 6887 	6888 	6855
f 6890 	6891 	6855
f 6850 	6855 	6891
f 6857 	6850 	6894
f 6871 	6905 	6899
f 6872 	6906 	6907
f 6872 	6907 	6873
f 6873 	6907 	6874
f 6874 	6909 	6875
f 6875 	6909 	6876
f 6876 	6911 	6877
f 6877 	6911 	6843
f 6878 	6912 	6872
f 6879 	6913 	6880
f 6814 	6815 	6880
f 6816 	6881 	6848
f 6816 	6848 	6817
f 6881 	6816 	6882
f 6818 	6882 	6816
f 6819 	6883 	6882
f 6819 	6882 	6818
f 6883 	6819 	6884
f 6823 	6887 	6886
f 6823 	6824 	6887
f 6887 	6824 	6888
f 6888 	6824 	6889
f 6828 	6892 	6891
f 6892 	6828 	6893
f 6830 	6894 	6893
f 6894 	6830 	6857
f 6833 	6860 	6858
f 6834 	6862 	6833
f 6860 	6833 	6862
f 6835 	6865 	6862
f 6836 	6867 	6835
f 6865 	6835 	6867
f 6867 	6836 	6868
f 6868 	6838 	6870
f 6870 	6838 	6895
f 6841 	6897 	6896
f 6897 	6841 	6898
f 6861 	6901 	6863
f 6863 	6901 	6902
f 6845 	6869 	6844
f 6905 	6871 	6869
f 6907 	6908 	6874
f 6874 	6908 	6909
f 6876 	6909 	6910
f 6876 	6910 	6911
f 6878 	6898 	6842
f 6912 	6878 	6842
f 6879 	6903 	6913
f 6814 	6880 	6913
f 6847 	6880 	6815
f 6820 	6884 	6819
f 6884 	6820 	6885
f 6821 	6885 	6820
f 6822 	6886 	6885
f 6822 	6885 	6821
f 6886 	6822 	6823
f 6825 	6889 	6824
f 6889 	6825 	6890
f 6826 	6890 	6825
f 6826 	6827 	6890
f 6891 	6890 	6827
f 6891 	6827 	6828
f 6893 	6828 	6829
f 6893 	6829 	6830
f 6857 	6830 	6831
f 6857 	6831 	6858
f 6832 	6858 	6831
f 6858 	6832 	6833
f 6862 	6834 	6835
f 6836 	6837 	6868
f 6868 	6837 	6838
f 6838 	6839 	6895
f 6896 	6895 	6840
f 6839 	6840 	6895
f 6896 	6840 	6841
f 6898 	6841 	6842
f 6861 	6899 	6900
f 6861 	6900 	6901
f 6904 	6869 	6845
f 6905 	6869 	6904
f 6906 	6872 	6912
f 6843 	6911 	6846
f 6895 	6850 	6870
f 6896 	6851 	6895
f 6898 	6851 	6897
f 6889 	6890 	6855
f 6892 	6850 	6891
f 6893 	6850 	6892
f 6893 	6894 	6850
f 6897 	6851 	6896
f 6878 	6851 	6898
f 6850 	6895 	6851
f 6851 	6843 	6844
f 6863 	6854 	6861
f 6851 	6844 	6854
f 6848 	6854 	6847
f 6881 	6855 	6848
f 6881 	6882 	6855
f 6854 	6848 	6855
f 6900 	6899 	6853
f 6901 	6853 	6902
f 6902 	6853 	6903
f 6853 	6899 	6905
f 6906 	6912 	6852
f 6907 	6906 	6852
f 6852 	6908 	6907
f 6852 	6909 	6908
f 6910 	6909 	6852
f 6911 	6910 	6852
f 6912 	6842 	6852
f 6913 	6903 	6853
f 6814 	6913 	6853
f 6818 	6856 	6819
f 6822 	6821 	6856
f 6820 	6856 	6821
f 6822 	6856 	6823
f 6824 	6856 	6825
f 6825 	6856 	6826
f 6827 	6849 	6828
f 6828 	6849 	6829
f 6831 	6830 	6849
f 6833 	6849 	6834
f 6834 	6849 	6835
f 6836 	6835 	6849
f 6837 	6836 	6849
f 6838 	6837 	6849
f 6849 	6852 	6839
f 6840 	6839 	6852
f 6841 	6840 	6852
f 6842 	6841 	6852
f 6833 	6832 	6849
f 6832 	6831 	6849
f 6830 	6829 	6849
f 6826 	6856 	6827
f 6849 	6827 	6856
f 6839 	6838 	6849
f 6901 	6900 	6853
f 6905 	6904 	6853
f 6904 	6845 	6853
f 6852 	6853 	6845
f 6852 	6845 	6846
f 6846 	6911 	6852
f 6824 	6823 	6856
f 6820 	6819 	6856
f 6856 	6818 	6816
f 6856 	6816 	6817
f 6856 	6817 	6815
f 6815 	6814 	6853
f 6856 	6815 	6853
f 6852 	6851 	6854
f 6852 	6854 	6853
f 6850 	6849 	6855
f 6856 	6855 	6849
f 6859 	6871 	6899
f 6859 	6899 	6861
f 6902 	6864 	6863
f 6864 	6902 	6866
f 6903 	6866 	6902
f 6903 	6879 	6866
# 200 faces

 #end of obj_9

